ICAO24,longitude,latitude,requested_time,geo_altitude,velocity,special_purpose_indicator,origin_country,id,arrival_date,departure_date
4b25ea,6.6166,46.5445,1764236484,670.56,29.91,FALSE,NA,4b25ea_2025-11-27 10:41:24,2025-11-27,2025-11-27
4b25ea,6.6156,46.6015,1764236664,1303.02,35.08,FALSE,NA,4b25ea_2025-11-27 10:41:24,2025-11-27,2025-11-27
4b25ea,6.7086,46.6007,1764236844,1432.56,49.94,FALSE,NA,4b25ea_2025-11-27 10:41:24,2025-11-27,2025-11-27
4b25ea,6.8178,46.6067,1764237024,1402.08,53.51,FALSE,NA,4b25ea_2025-11-27 10:41:24,2025-11-27,2025-11-27
4b25ea,6.9117,46.5853,1764237204,1584.96,42.79,FALSE,NA,4b25ea_2025-11-27 10:41:24,2025-11-27,2025-11-27
4b25ea,7.0113,46.5714,1764237384,1821.18,44.03,FALSE,NA,4b25ea_2025-11-27 10:41:24,2025-11-27,2025-11-27
4b25ea,6.9651,46.614,1764237564,1737.36,70.39,FALSE,NA,4b25ea_2025-11-27 10:41:24,2025-11-27,2025-11-27
4b25ea,6.836,46.545,1764237744,1394.46,69.66,FALSE,NA,4b25ea_2025-11-27 10:41:24,2025-11-27,2025-11-27
4b25ea,6.71,46.4867,1764237924,1120.14,68.42,FALSE,NA,4b25ea_2025-11-27 10:41:24,2025-11-27,2025-11-27
4b25ea,6.6148,46.5261,1764238104,800.1,41.18,FALSE,NA,4b25ea_2025-11-27 10:41:24,2025-11-27,2025-11-27
461838,6.113,46.2407,1764237582,548.64,56.41,FALSE,NA,461838_2025-11-27 10:59:42,2025-11-27,2025-11-27
461838,6.1775,46.3636,1764237762,975.36,87.81,FALSE,NA,461838_2025-11-27 10:59:42,2025-11-27,2025-11-27
461838,6.3461,46.4388,1764237942,967.74,92.57,FALSE,NA,461838_2025-11-27 10:59:42,2025-11-27,2025-11-27
461838,6.5582,46.4744,1764238122,1043.94,96.04,FALSE,NA,461838_2025-11-27 10:59:42,2025-11-27,2025-11-27
461838,6.6163,46.5417,1764238302,670.56,31.49,FALSE,NA,461838_2025-11-27 10:59:42,2025-11-27,2025-11-27
4b40a1,8.2135,47.4486,1764239974,678.18,55.92,FALSE,NA,4b40a1_2025-11-27 11:39:34,2025-11-27,2025-11-27
4b40a1,8.0801,47.4345,1764240154,1242.06,72.07,FALSE,NA,4b40a1_2025-11-27 11:39:34,2025-11-27,2025-11-27
4b40a1,7.9299,47.3749,1764240334,1234.44,80.99,FALSE,NA,4b40a1_2025-11-27 11:39:34,2025-11-27,2025-11-27
4b40a1,7.7708,47.3089,1764240514,1135.38,76.85,FALSE,NA,4b40a1_2025-11-27 11:39:34,2025-11-27,2025-11-27
4b40a1,7.6518,47.2121,1764240694,1013.46,76.97,FALSE,NA,4b40a1_2025-11-27 11:39:34,2025-11-27,2025-11-27
4b40a1,7.517,47.1259,1764240874,1013.46,78.66,FALSE,NA,4b40a1_2025-11-27 11:39:34,2025-11-27,2025-11-27
4b40a1,7.3728,47.0474,1764241054,1013.46,75.85,FALSE,NA,4b40a1_2025-11-27 11:39:34,2025-11-27,2025-11-27
4b40a1,7.2401,46.9722,1764241234,1036.32,67.76,FALSE,NA,4b40a1_2025-11-27 11:39:34,2025-11-27,2025-11-27
4b40a1,7.136,46.8862,1764241414,1363.98,73.66,FALSE,NA,4b40a1_2025-11-27 11:39:34,2025-11-27,2025-11-27
4b40a1,7.0135,46.7908,1764241594,1356.36,80.15,FALSE,NA,4b40a1_2025-11-27 11:39:34,2025-11-27,2025-11-27
4b40a1,6.889,46.6934,1764241774,1363.98,80.58,FALSE,NA,4b40a1_2025-11-27 11:39:34,2025-11-27,2025-11-27
4b40a1,6.7626,46.5945,1764241954,1363.98,81.69,FALSE,NA,4b40a1_2025-11-27 11:39:34,2025-11-27,2025-11-27
4b40a1,6.6071,46.5454,1764242134,944.88,59.9,FALSE,NA,4b40a1_2025-11-27 11:39:34,2025-11-27,2025-11-27
4b40a1,6.6164,46.5435,1764242314,662.94,22.73,FALSE,NA,4b40a1_2025-11-27 11:39:34,2025-11-27,2025-11-27
4b40c8,8.2105,47.4489,1764240126,716.28,47.23,FALSE,NA,4b40c8_2025-11-27 11:42:06,2025-11-27,2025-11-27
4b40c8,8.068,47.4158,1764240306,1089.66,77.67,FALSE,NA,4b40c8_2025-11-27 11:42:06,2025-11-27,2025-11-27
4b40c8,7.9114,47.3643,1764240486,1066.8,68.55,FALSE,NA,4b40c8_2025-11-27 11:42:06,2025-11-27,2025-11-27
4b40c8,7.7717,47.3034,1764240666,1104.9,68.8,FALSE,NA,4b40c8_2025-11-27 11:42:06,2025-11-27,2025-11-27
4b40c8,7.6549,47.2176,1764240846,998.22,72.4,FALSE,NA,4b40c8_2025-11-27 11:42:06,2025-11-27,2025-11-27
4b40c8,7.5269,47.1396,1764241026,998.22,73.68,FALSE,NA,4b40c8_2025-11-27 11:42:06,2025-11-27,2025-11-27
4b40c8,7.3836,47.0714,1764241206,944.88,73.5,FALSE,NA,4b40c8_2025-11-27 11:42:06,2025-11-27,2025-11-27
4b40c8,7.2583,46.9924,1764241386,914.4,73.23,FALSE,NA,4b40c8_2025-11-27 11:42:06,2025-11-27,2025-11-27
4b40c8,7.1434,46.9079,1764241566,937.26,69.94,FALSE,NA,4b40c8_2025-11-27 11:42:06,2025-11-27,2025-11-27
4b40c8,7.0367,46.818600000000004,1764241746,876.3,72.54,FALSE,NA,4b40c8_2025-11-27 11:42:06,2025-11-27,2025-11-27
4b40c8,6.8977,46.7555,1764241926,845.82,70.98,FALSE,NA,4b40c8_2025-11-27 11:42:06,2025-11-27,2025-11-27
4b40c8,6.8226,46.6736,1764242106,906.78,68.85,FALSE,NA,4b40c8_2025-11-27 11:42:06,2025-11-27,2025-11-27
4b40c8,6.8226,46.6736,1764242286,906.78,68.85,FALSE,NA,4b40c8_2025-11-27 11:42:06,2025-11-27,2025-11-27
4b40c8,6.6214,46.5437,1764242466,975.36,72.4,FALSE,NA,4b40c8_2025-11-27 11:42:06,2025-11-27,2025-11-27
4b40c8,6.6162,46.541,1764242646,670.56,31.96,FALSE,NA,4b40c8_2025-11-27 11:42:06,2025-11-27,2025-11-27
4b1bdd,6.6169,46.5487,1764241159,708.66,36.58,FALSE,NA,4b1bdd_2025-11-27 11:59:19,2025-11-27,2025-11-27
4b1bdd,6.6132,46.5243,1764241339,861.06,30.11,FALSE,NA,4b1bdd_2025-11-27 11:59:19,2025-11-27,2025-11-27
4b1bdd,6.6169,46.5415,1764241519,NA,29.4,FALSE,NA,4b1bdd_2025-11-27 11:59:19,2025-11-27,2025-11-27
4b1bdd,6.6167,46.5458,1764241699,NA,29.4,FALSE,NA,4b1bdd_2025-11-27 11:59:19,2025-11-27,2025-11-27
4b1bdd,6.5906,46.5132,1764241879,1417.32,51.62,FALSE,NA,4b1bdd_2025-11-27 11:59:19,2025-11-27,2025-11-27
4b1bdd,6.7138,46.4751,1764242059,1417.32,57.89,FALSE,NA,4b1bdd_2025-11-27 11:59:19,2025-11-27,2025-11-27
4b1bdd,6.8318,46.4371,1764242239,1402.08,55.93,FALSE,NA,4b1bdd_2025-11-27 11:59:19,2025-11-27,2025-11-27
4b1bdd,6.8964,46.4039,1764242419,1417.32,64.37,FALSE,NA,4b1bdd_2025-11-27 11:59:19,2025-11-27,2025-11-27
4b1bdd,6.7721,46.481,1764242599,1409.7,67.08,FALSE,NA,4b1bdd_2025-11-27 11:59:19,2025-11-27,2025-11-27
4b1bdd,6.645,46.5371,1764242779,1097.28,65.21,FALSE,NA,4b1bdd_2025-11-27 11:59:19,2025-11-27,2025-11-27
4b1bdd,6.6141,46.5241,1764242959,853.44,36.41,FALSE,NA,4b1bdd_2025-11-27 11:59:19,2025-11-27,2025-11-27
4b1af2,6.6167,46.5453,1764241611,670.56,34.02,FALSE,NA,4b1af2_2025-11-27 12:06:51,2025-11-27,2025-11-27
4b1af2,6.5387,46.5968,1764241791,975.36,54.19,FALSE,NA,4b1af2_2025-11-27 12:06:51,2025-11-27,2025-11-27
4b1af2,6.5056,46.6219,1764241971,1021.08,51.57,FALSE,NA,4b1af2_2025-11-27 12:06:51,2025-11-27,2025-11-27
4b1af2,6.4443,46.5383,1764242151,998.22,65.39,FALSE,NA,4b1af2_2025-11-27 12:06:51,2025-11-27,2025-11-27
4b1af2,6.3522,46.4787,1764242331,952.5,60.87,FALSE,NA,4b1af2_2025-11-27 12:06:51,2025-11-27,2025-11-27
4b1af2,6.428,46.4746,1764242511,1059.18,50.77,FALSE,NA,4b1af2_2025-11-27 12:06:51,2025-11-27,2025-11-27
4b1af2,6.5449,46.4955,1764242691,1158.24,58.68,FALSE,NA,4b1af2_2025-11-27 12:06:51,2025-11-27,2025-11-27
4b1af2,6.6164,46.5433,1764242871,662.94,22.15,FALSE,NA,4b1af2_2025-11-27 12:06:51,2025-11-27,2025-11-27
4b25ea,6.6164,46.5425,1764241901,NA,NA,FALSE,NA,4b25ea_2025-11-27 12:11:41,2025-11-27,2025-11-27
4b25ea,6.6087,46.6057,1764242081,1158.24,37.68,FALSE,NA,4b25ea_2025-11-27 12:11:41,2025-11-27,2025-11-27
4b25ea,6.6736,46.638,1764242261,1699.26,44.95,FALSE,NA,4b25ea_2025-11-27 12:11:41,2025-11-27,2025-11-27
4b25ea,6.7822,46.6304,1764242441,1729.74,45.41,FALSE,NA,4b25ea_2025-11-27 12:11:41,2025-11-27,2025-11-27
4b25ea,6.884,46.652,1764242621,1729.74,45,FALSE,NA,4b25ea_2025-11-27 12:11:41,2025-11-27,2025-11-27
4b25ea,6.9732,46.6929,1764242801,1752.6,46.77,FALSE,NA,4b25ea_2025-11-27 12:11:41,2025-11-27,2025-11-27
4b25ea,7.0748,46.7157,1764242981,1775.46,47.29,FALSE,NA,4b25ea_2025-11-27 12:11:41,2025-11-27,2025-11-27
4b25ea,7.1633,46.7616,1764243161,1783.08,48.88,FALSE,NA,4b25ea_2025-11-27 12:11:41,2025-11-27,2025-11-27
4b25ea,7.2224,46.8289,1764243341,1729.74,50.91,FALSE,NA,4b25ea_2025-11-27 12:11:41,2025-11-27,2025-11-27
4b25ea,7.2313,46.9124,1764243521,1752.6,55.34,FALSE,NA,4b25ea_2025-11-27 12:11:41,2025-11-27,2025-11-27
4b25ea,7.1755,46.9937,1764243701,1790.7,59.32,FALSE,NA,4b25ea_2025-11-27 12:11:41,2025-11-27,2025-11-27
4b25ea,7.0551,47.0301,1764243881,1790.7,64.47,FALSE,NA,4b25ea_2025-11-27 12:11:41,2025-11-27,2025-11-27
4b25ea,6.9166,46.9935,1764244061,1790.7,58.95,FALSE,NA,4b25ea_2025-11-27 12:11:41,2025-11-27,2025-11-27
4b25ea,6.7989,46.9393,1764244241,1836.42,61.91,FALSE,NA,4b25ea_2025-11-27 12:11:41,2025-11-27,2025-11-27
4b25ea,6.6868,46.8734,1764244421,1828.8,63.5,FALSE,NA,4b25ea_2025-11-27 12:11:41,2025-11-27,2025-11-27
4b25ea,6.5893,46.7971,1764244601,1447.8,62.87,FALSE,NA,4b25ea_2025-11-27 12:11:41,2025-11-27,2025-11-27
4b25ea,6.5527,46.7058,1764244781,1363.98,59.96,FALSE,NA,4b25ea_2025-11-27 12:11:41,2025-11-27,2025-11-27
4b25ea,6.5148,46.6112,1764244961,1150.62,57.85,FALSE,NA,4b25ea_2025-11-27 12:11:41,2025-11-27,2025-11-27
4b25ea,6.5256,46.5223,1764245141,1066.8,52.68,FALSE,NA,4b25ea_2025-11-27 12:11:41,2025-11-27,2025-11-27
4b25ea,6.6095,46.507,1764245321,982.98,40.28,FALSE,NA,4b25ea_2025-11-27 12:11:41,2025-11-27,2025-11-27
4b25ea,6.6164,46.5426,1764246114,NA,6.19,FALSE,NA,4b25ea_2025-11-27 13:21:54,2025-11-27,2025-11-27
4b25ea,6.611,46.6074,1764246294,1082.04,48.49,FALSE,NA,4b25ea_2025-11-27 13:21:54,2025-11-27,2025-11-27
4b25ea,6.6071,46.6863,1764246474,1059.18,50.17,FALSE,NA,4b25ea_2025-11-27 13:21:54,2025-11-27,2025-11-27
4b25ea,6.5483,46.7434,1764246654,1706.88,43.73,FALSE,NA,4b25ea_2025-11-27 13:21:54,2025-11-27,2025-11-27
4b25ea,6.574,46.7523,1764246834,1988.82,49.97,FALSE,NA,4b25ea_2025-11-27 13:21:54,2025-11-27,2025-11-27
4b25ea,6.6114,46.6868,1764247014,2042.16,54.33,FALSE,NA,4b25ea_2025-11-27 13:21:54,2025-11-27,2025-11-27
4b25ea,6.7038,46.6267,1764247194,1981.2,53.88,FALSE,NA,4b25ea_2025-11-27 13:21:54,2025-11-27,2025-11-27
4b25ea,6.7909,46.5674,1764247374,1965.96,52.05,FALSE,NA,4b25ea_2025-11-27 13:21:54,2025-11-27,2025-11-27
4b25ea,6.8349,46.4859,1764247554,1744.98,59.22,FALSE,NA,4b25ea_2025-11-27 13:21:54,2025-11-27,2025-11-27
4b25ea,6.8667,46.4048,1764247734,1554.48,50.48,FALSE,NA,4b25ea_2025-11-27 13:21:54,2025-11-27,2025-11-27
4b25ea,6.8235,46.4622,1764247914,1706.88,57.62,FALSE,NA,4b25ea_2025-11-27 13:21:54,2025-11-27,2025-11-27
4b25ea,6.6931,46.4847,1764248094,1097.28,54.06,FALSE,NA,4b25ea_2025-11-27 13:21:54,2025-11-27,2025-11-27
4b25ea,6.6143,46.5192,1764248274,891.54,38.07,FALSE,NA,4b25ea_2025-11-27 13:21:54,2025-11-27,2025-11-27
4b1af2,6.6165,46.5443,1764246252,NA,30.97,FALSE,NA,4b1af2_2025-11-27 13:24:12,2025-11-27,2025-11-27
4b1af2,6.6071,46.6121,1764246432,1097.28,55.92,FALSE,NA,4b1af2_2025-11-27 13:24:12,2025-11-27,2025-11-27
4b1af2,6.491,46.6115,1764246612,1074.42,50.39,FALSE,NA,4b1af2_2025-11-27 13:24:12,2025-11-27,2025-11-27
4b1af2,6.3988,46.5663,1764246792,967.74,51.66,FALSE,NA,4b1af2_2025-11-27 13:24:12,2025-11-27,2025-11-27
4b1af2,6.4162,46.5197,1764246972,1051.56,36.32,FALSE,NA,4b1af2_2025-11-27 13:24:12,2025-11-27,2025-11-27
4b1af2,6.4468,46.5716,1764247152,922.02,35.48,FALSE,NA,4b1af2_2025-11-27 13:24:12,2025-11-27,2025-11-27
4b1af2,6.4924,46.6137,1764247332,929.64,35.39,FALSE,NA,4b1af2_2025-11-27 13:24:12,2025-11-27,2025-11-27
4b1af2,6.5668,46.6541,1764247512,1089.66,51.41,FALSE,NA,4b1af2_2025-11-27 13:24:12,2025-11-27,2025-11-27
4b1af2,6.4873,46.6423,1764247692,1066.8,50.21,FALSE,NA,4b1af2_2025-11-27 13:24:12,2025-11-27,2025-11-27
4b1af2,6.4513,46.6183,1764247872,1089.66,37.78,FALSE,NA,4b1af2_2025-11-27 13:24:12,2025-11-27,2025-11-27
4b1af2,6.4516,46.5461,1764248052,1104.9,52.21,FALSE,NA,4b1af2_2025-11-27 13:24:12,2025-11-27,2025-11-27
4b1af2,6.4536,46.4807,1764248232,1074.42,37.64,FALSE,NA,4b1af2_2025-11-27 13:24:12,2025-11-27,2025-11-27
4b1af2,6.5638,46.4948,1764248412,1135.38,52.18,FALSE,NA,4b1af2_2025-11-27 13:24:12,2025-11-27,2025-11-27
4b1af2,6.6156,46.534,1764248592,739.14,30.91,FALSE,NA,4b1af2_2025-11-27 13:24:12,2025-11-27,2025-11-27
4b0e59,NA,NA,1764247125,NA,31.49,FALSE,NA,4b0e59_2025-11-27 13:38:45,2025-11-27,2025-11-27
4b0e59,6.9265,46.972,1764247305,944.88,50.46,FALSE,NA,4b0e59_2025-11-27 13:38:45,2025-11-27,2025-11-27
4b0e59,6.8287,46.917,1764247485,1554.48,60.02,FALSE,NA,4b0e59_2025-11-27 13:38:45,2025-11-27,2025-11-27
4b0e59,6.75,46.841,1764247665,1554.48,63.03,FALSE,NA,4b0e59_2025-11-27 13:38:45,2025-11-27,2025-11-27
4b0e59,6.7115,46.7433,1764247845,1562.1,64.44,FALSE,NA,4b0e59_2025-11-27 13:38:45,2025-11-27,2025-11-27
4b0e59,6.6844,46.6443,1764248025,1531.62,60.37,FALSE,NA,4b0e59_2025-11-27 13:38:45,2025-11-27,2025-11-27
4b0e59,6.6804,46.5485,1764248205,1280.16,65.44,FALSE,NA,4b0e59_2025-11-27 13:38:45,2025-11-27,2025-11-27
4b0e59,6.596,46.5166,1764248385,868.68,37.73,FALSE,NA,4b0e59_2025-11-27 13:38:45,2025-11-27,2025-11-27
4b1bdd,6.6168,46.5464,1764251833,NA,NA,FALSE,NA,4b1bdd_2025-11-27 14:57:13,2025-11-27,2025-11-27
4b1bdd,6.605,46.6094,1764252013,1394.46,46.58,FALSE,NA,4b1bdd_2025-11-27 14:57:13,2025-11-27,2025-11-27
4b1bdd,6.5082,46.6685,1764252193,1623.06,58.68,FALSE,NA,4b1bdd_2025-11-27 14:57:13,2025-11-27,2025-11-27
4b1bdd,6.3978,46.6823,1764252373,1767.84,59.93,FALSE,NA,4b1bdd_2025-11-27 14:57:13,2025-11-27,2025-11-27
4b1bdd,6.3325,46.6482,1764252553,1935.48,69.18,FALSE,NA,4b1bdd_2025-11-27 14:57:13,2025-11-27,2025-11-27
4b1bdd,6.3311,46.6563,1764252733,2026.92,54.33,FALSE,NA,4b1bdd_2025-11-27 14:57:13,2025-11-27,2025-11-27
4b1bdd,6.3886,46.5719,1764252913,1623.06,55.87,FALSE,NA,4b1bdd_2025-11-27 14:57:13,2025-11-27,2025-11-27
4b1bdd,6.4886,46.5302,1764253093,1165.86,53.47,FALSE,NA,4b1bdd_2025-11-27 14:57:13,2025-11-27,2025-11-27
4b1bdd,6.5923,46.5008,1764253273,1043.94,47.12,FALSE,NA,4b1bdd_2025-11-27 14:57:13,2025-11-27,2025-11-27
4b25ea,6.6164,46.5425,1764252334,NA,NA,FALSE,NA,4b25ea_2025-11-27 15:05:34,2025-11-27,2025-11-27
4b25ea,6.6185,46.6039,1764252514,1112.52,47.73,FALSE,NA,4b25ea_2025-11-27 15:05:34,2025-11-27,2025-11-27
4b25ea,6.5337,46.6331,1764252694,1082.04,56.18,FALSE,NA,4b25ea_2025-11-27 15:05:34,2025-11-27,2025-11-27
4b25ea,6.4979,46.6383,1764252874,1280.16,31.75,FALSE,NA,4b25ea_2025-11-27 15:05:34,2025-11-27,2025-11-27
4b25ea,6.461,46.6227,1764253054,1082.04,43.77,FALSE,NA,4b25ea_2025-11-27 15:05:34,2025-11-27,2025-11-27
4b25ea,6.4981,46.6166,1764253234,1036.32,39.21,FALSE,NA,4b25ea_2025-11-27 15:05:34,2025-11-27,2025-11-27
4b25ea,6.5951,46.5776,1764253414,1272.54,47.69,FALSE,NA,4b25ea_2025-11-27 15:05:34,2025-11-27,2025-11-27
4b25ea,6.6857,46.5666,1764253594,1295.4,52.32,FALSE,NA,4b25ea_2025-11-27 15:05:34,2025-11-27,2025-11-27
4b25ea,6.6954,46.5245,1764253774,1234.44,53.79,FALSE,NA,4b25ea_2025-11-27 15:05:34,2025-11-27,2025-11-27
4b25ea,6.5907,46.547,1764253954,1051.56,45.62,FALSE,NA,4b25ea_2025-11-27 15:05:34,2025-11-27,2025-11-27
4b25ea,6.5963,46.5566,1764254134,861.06,44.74,FALSE,NA,4b25ea_2025-11-27 15:05:34,2025-11-27,2025-11-27
4b25ea,6.6158,46.5362,1764254314,701.04,30.91,FALSE,NA,4b25ea_2025-11-27 15:05:34,2025-11-27,2025-11-27
4b25ea,6.6168,46.5414,1764254494,NA,6.86,FALSE,NA,4b25ea_2025-11-27 15:05:34,2025-11-27,2025-11-27
4b25ea,6.5769,46.5306,1764254674,883.92,48.31,FALSE,NA,4b25ea_2025-11-27 15:05:34,2025-11-27,2025-11-27
4b25ea,6.6165,46.5435,1764254854,662.94,23.2,FALSE,NA,4b25ea_2025-11-27 15:05:34,2025-11-27,2025-11-27
46097d,NA,NA,1764254327,NA,54.93,FALSE,NA,46097d_2025-11-27 15:38:47,2025-11-27,2025-11-27
46097d,5.5308,46.9477,1764254507,2461.26,91.12,FALSE,NA,46097d_2025-11-27 15:38:47,2025-11-27,2025-11-27
46097d,5.651,46.7886,1764254687,3436.62,137.37,FALSE,NA,46097d_2025-11-27 15:38:47,2025-11-27,2025-11-27
46097d,5.9198,46.698,1764254867,3436.62,129.82,FALSE,NA,46097d_2025-11-27 15:38:47,2025-11-27,2025-11-27
46097d,6.2111,46.6332,1764255047,2461.26,127.71,FALSE,NA,46097d_2025-11-27 15:38:47,2025-11-27,2025-11-27
46097d,6.4479,46.5801,1764255227,1501.14,79.2,FALSE,NA,46097d_2025-11-27 15:38:47,2025-11-27,2025-11-27
46097d,6.5483,46.47,1764255407,1257.3,80.3,FALSE,NA,46097d_2025-11-27 15:38:47,2025-11-27,2025-11-27
46097d,6.5804,46.48,1764255587,1104.9,68.54,FALSE,NA,46097d_2025-11-27 15:38:47,2025-11-27,2025-11-27
4b3303,NA,NA,1764256884,NA,24.23,FALSE,NA,4b3303_2025-11-27 16:21:24,2025-11-27,2025-11-27
4b3303,6.9733,46.588,1764257064,1699.26,69.44,FALSE,NA,4b3303_2025-11-27 16:21:24,2025-11-27,2025-11-27
4b3303,6.8103,46.569,1764257244,1402.08,71.05,FALSE,NA,4b3303_2025-11-27 16:21:24,2025-11-27,2025-11-27
4b3303,6.648,46.549,1764257424,1028.7,67.5,FALSE,NA,4b3303_2025-11-27 16:21:24,2025-11-27,2025-11-27
4b7fa8,7.5031,46.9092,1764271803,NA,NA,FALSE,NA,4b7fa8_2025-11-27 20:30:03,2025-11-27,2025-11-27
4b7fa8,7.3856,46.9214,1764271983,NA,NA,FALSE,NA,4b7fa8_2025-11-27 20:30:03,2025-11-27,2025-11-27
4b7fa8,7.2337,46.8793,1764272163,NA,NA,FALSE,NA,4b7fa8_2025-11-27 20:30:03,2025-11-27,2025-11-27
4b7fa8,7.0891,46.817,1764272343,NA,NA,FALSE,NA,4b7fa8_2025-11-27 20:30:03,2025-11-27,2025-11-27
4b7fa8,6.9463,46.753,1764272523,NA,NA,FALSE,NA,4b7fa8_2025-11-27 20:30:03,2025-11-27,2025-11-27
4b7fa8,6.7988,46.6826,1764272703,NA,NA,FALSE,NA,4b7fa8_2025-11-27 20:30:03,2025-11-27,2025-11-27
4b7fa8,6.6569,46.608,1764272883,NA,NA,FALSE,NA,4b7fa8_2025-11-27 20:30:03,2025-11-27,2025-11-27
4b7fa8,6.5168,46.5295,1764273063,NA,NA,FALSE,NA,4b7fa8_2025-11-27 20:30:03,2025-11-27,2025-11-27
4b44a5,NA,NA,1764319392,NA,35.97,FALSE,NA,4b44a5_2025-11-28 09:43:12,2025-11-28,2025-11-28
4b44a5,6.9721,46.7189,1764319572,1188.72,64.85,FALSE,NA,4b44a5_2025-11-28 09:43:12,2025-11-28,2025-11-28
4b44a5,6.8523,46.6488,1764319752,1219.2,68.8,FALSE,NA,4b44a5_2025-11-28 09:43:12,2025-11-28,2025-11-28
4b44a5,6.7275,46.5769,1764319932,1234.44,69.35,FALSE,NA,4b44a5_2025-11-28 09:43:12,2025-11-28,2025-11-28
4b25ea,6.6166,46.5444,1764319699,662.94,33.54,FALSE,NA,4b25ea_2025-11-28 09:48:19,2025-11-28,2025-11-28
4b25ea,6.6169,46.6095,1764319879,1341.12,40.28,FALSE,NA,4b25ea_2025-11-28 09:48:19,2025-11-28,2025-11-28
4b25ea,6.6922,46.6373,1764320059,1927.86,39.13,FALSE,NA,4b25ea_2025-11-28 09:48:19,2025-11-28,2025-11-28
4b25ea,6.7883,46.636,1764320239,2324.1,46.44,FALSE,NA,4b25ea_2025-11-28 09:48:19,2025-11-28,2025-11-28
4b25ea,6.9021,46.6232,1764320419,2316.48,50.07,FALSE,NA,4b25ea_2025-11-28 09:48:19,2025-11-28,2025-11-28
4b25ea,7.0153,46.6178,1764320599,2308.86,47.67,FALSE,NA,4b25ea_2025-11-28 09:48:19,2025-11-28,2025-11-28
4b25ea,7.1294,46.6052,1764320779,2301.24,51.41,FALSE,NA,4b25ea_2025-11-28 09:48:19,2025-11-28,2025-11-28
4b25ea,7.2438,46.598,1764320959,2286,49.47,FALSE,NA,4b25ea_2025-11-28 09:48:19,2025-11-28,2025-11-28
4b25ea,7.3547,46.6059,1764321139,2293.62,49.23,FALSE,NA,4b25ea_2025-11-28 09:48:19,2025-11-28,2025-11-28
4b25ea,7.4541,46.6384,1764321319,2308.86,45.13,FALSE,NA,4b25ea_2025-11-28 09:48:19,2025-11-28,2025-11-28
4b25ea,7.5654,46.6537,1764321499,2301.24,50.22,FALSE,NA,4b25ea_2025-11-28 09:48:19,2025-11-28,2025-11-28
4b25ea,7.6543,46.6971,1764321679,2301.24,49.39,FALSE,NA,4b25ea_2025-11-28 09:48:19,2025-11-28,2025-11-28
4b25ea,7.694,46.7729,1764321859,2301.24,49.07,FALSE,NA,4b25ea_2025-11-28 09:48:19,2025-11-28,2025-11-28
4b25ea,7.7387,46.8484,1764322039,2316.48,50.46,FALSE,NA,4b25ea_2025-11-28 09:48:19,2025-11-28,2025-11-28
4b25ea,7.7678,46.9299,1764322219,2308.86,53.35,FALSE,NA,4b25ea_2025-11-28 09:48:19,2025-11-28,2025-11-28
4b25ea,7.7868,47.0132,1764322399,2316.48,52.84,FALSE,NA,4b25ea_2025-11-28 09:48:19,2025-11-28,2025-11-28
4b25ea,7.8096,47.0963,1764322579,2308.86,52.32,FALSE,NA,4b25ea_2025-11-28 09:48:19,2025-11-28,2025-11-28
4b25ea,7.7197,47.148,1764322759,2316.48,58.89,FALSE,NA,4b25ea_2025-11-28 09:48:19,2025-11-28,2025-11-28
4b25ea,7.5829,47.1694,1764322939,2324.1,58.95,FALSE,NA,4b25ea_2025-11-28 09:48:19,2025-11-28,2025-11-28
4b25ea,7.4428,47.1792,1764323119,2308.86,59.46,FALSE,NA,4b25ea_2025-11-28 09:48:19,2025-11-28,2025-11-28
4b25ea,7.3036,47.1663,1764323299,2308.86,59.43,FALSE,NA,4b25ea_2025-11-28 09:48:19,2025-11-28,2025-11-28
4b25ea,7.1757,47.1309,1764323479,2308.86,58.79,FALSE,NA,4b25ea_2025-11-28 09:48:19,2025-11-28,2025-11-28
4b25ea,7.0575,47.0817,1764323659,2301.24,56.73,FALSE,NA,4b25ea_2025-11-28 09:48:19,2025-11-28,2025-11-28
4b25ea,6.9418,47.0293,1764323839,2293.62,58.85,FALSE,NA,4b25ea_2025-11-28 09:48:19,2025-11-28,2025-11-28
4b25ea,6.8333,46.9692,1764324019,2286,58.76,FALSE,NA,4b25ea_2025-11-28 09:48:19,2025-11-28,2025-11-28
4b25ea,6.7323,46.8999,1764324199,2217.42,61.18,FALSE,NA,4b25ea_2025-11-28 09:48:19,2025-11-28,2025-11-28
4b25ea,6.6313,46.8268,1764324379,2011.68,59.92,FALSE,NA,4b25ea_2025-11-28 09:48:19,2025-11-28,2025-11-28
4b25ea,6.5502,46.7397,1764324559,1699.26,61.95,FALSE,NA,4b25ea_2025-11-28 09:48:19,2025-11-28,2025-11-28
4b25ea,6.6191,46.6685,1764324739,1706.88,57.17,FALSE,NA,4b25ea_2025-11-28 09:48:19,2025-11-28,2025-11-28
4b25ea,6.7023,46.5944,1764324919,1562.1,59.99,FALSE,NA,4b25ea_2025-11-28 09:48:19,2025-11-28,2025-11-28
4b25ea,6.632,46.544,1764325099,1059.18,52.46,FALSE,NA,4b25ea_2025-11-28 09:48:19,2025-11-28,2025-11-28
4b25ea,6.6158,46.5365,1764325279,716.28,36.1,FALSE,NA,4b25ea_2025-11-28 09:48:19,2025-11-28,2025-11-28
4b27c0,NA,NA,1764327129,NA,46.37,FALSE,NA,4b27c0_2025-11-28 11:52:09,2025-11-28,2025-11-28
4b27c0,7.3347,47.1068,1764327309,1463.04,59.52,FALSE,NA,4b27c0_2025-11-28 11:52:09,2025-11-28,2025-11-28
4b27c0,7.2993,47.0133,1764327489,2156.46,60.02,FALSE,NA,4b27c0_2025-11-28 11:52:09,2025-11-28,2025-11-28
4b27c0,7.2634,46.9094,1764327669,2476.5,79.41,FALSE,NA,4b27c0_2025-11-28 11:52:09,2025-11-28,2025-11-28
4b27c0,7.2232,46.7817,1764327849,2468.88,82.86,FALSE,NA,4b27c0_2025-11-28 11:52:09,2025-11-28,2025-11-28
4b27c0,7.0532,46.7131,1764328029,2468.88,84.74,FALSE,NA,4b27c0_2025-11-28 11:52:09,2025-11-28,2025-11-28
4b27c0,6.9035,46.6272,1764328209,2407.92,88.22,FALSE,NA,4b27c0_2025-11-28 11:52:09,2025-11-28,2025-11-28
4b27c0,6.7648,46.5146,1764328389,1684.02,88,FALSE,NA,4b27c0_2025-11-28 11:52:09,2025-11-28,2025-11-28
4b27c0,6.619,46.4762,1764328569,1082.04,58.79,FALSE,NA,4b27c0_2025-11-28 11:52:09,2025-11-28,2025-11-28
4b1bdd,NA,NA,1764327890,NA,59.7,FALSE,NA,4b1bdd_2025-11-28 12:04:50,2025-11-28,2025-11-28
4b1bdd,6.5028,46.1935,1764328070,1996.44,53.71,FALSE,NA,4b1bdd_2025-11-28 12:04:50,2025-11-28,2025-11-28
4b1bdd,6.5123,46.2698,1764328250,1539.24,50.82,FALSE,NA,4b1bdd_2025-11-28 12:04:50,2025-11-28,2025-11-28
4b1bdd,6.5866,46.3391,1764328430,1539.24,52.16,FALSE,NA,4b1bdd_2025-11-28 12:04:50,2025-11-28,2025-11-28
4b1bdd,6.6001,46.4246,1764328610,1470.66,54.43,FALSE,NA,4b1bdd_2025-11-28 12:04:50,2025-11-28,2025-11-28
4b1bdd,6.6134,46.5146,1764328790,922.02,45,FALSE,NA,4b1bdd_2025-11-28 12:04:50,2025-11-28,2025-11-28
4b2f91,6.8721,46.9612,1764331816,640.08,36.81,FALSE,NA,4b2f91_2025-11-28 13:10:16,2025-11-28,2025-11-28
4b2f91,6.8461,46.9284,1764331996,1089.66,60.21,FALSE,NA,4b2f91_2025-11-28 13:10:16,2025-11-28,2025-11-28
4b2f91,6.7711,46.8504,1764332176,1089.66,61.16,FALSE,NA,4b2f91_2025-11-28 13:10:16,2025-11-28,2025-11-28
4b2f91,6.7796,46.7587,1764332356,1112.52,57.81,FALSE,NA,4b2f91_2025-11-28 13:10:16,2025-11-28,2025-11-28
4b2f91,6.7912,46.6714,1764332536,1249.68,63.63,FALSE,NA,4b2f91_2025-11-28 13:10:16,2025-11-28,2025-11-28
4b2f91,6.7411,46.5764,1764332716,1394.46,67.19,FALSE,NA,4b2f91_2025-11-28 13:10:16,2025-11-28,2025-11-28
4b2f91,6.6339,46.5443,1764332896,1043.94,54.7,FALSE,NA,4b2f91_2025-11-28 13:10:16,2025-11-28,2025-11-28
4b2f91,6.6144,46.5255,1764333076,807.72,36.81,FALSE,NA,4b2f91_2025-11-28 13:10:16,2025-11-28,2025-11-28
4b2f91,6.5823,46.5345,1764333256,807.72,50.48,FALSE,NA,4b2f91_2025-11-28 13:10:16,2025-11-28,2025-11-28
4b3303,NA,NA,1764332204,NA,40.86,FALSE,NA,4b3303_2025-11-28 13:16:44,2025-11-28,2025-11-28
4b3303,7.0125,46.765,1764332384,1074.42,58.58,FALSE,NA,4b3303_2025-11-28 13:16:44,2025-11-28,2025-11-28
4b3303,6.9129,46.7004,1764332564,1005.84,60.05,FALSE,NA,4b3303_2025-11-28 13:16:44,2025-11-28,2025-11-28
4b3303,6.9129,46.7004,1764332744,1074.42,59.32,FALSE,NA,4b3303_2025-11-28 13:16:44,2025-11-28,2025-11-28
4b3303,6.7067,46.5673,1764332924,1104.9,61.15,FALSE,NA,4b3303_2025-11-28 13:16:44,2025-11-28,2025-11-28
4b25ea,NA,NA,1764332325,899.16,38.58,FALSE,NA,4b25ea_2025-11-28 13:18:45,2025-11-28,2025-11-28
4b25ea,7.1098,46.7428,1764332505,1021.08,40.04,FALSE,NA,4b25ea_2025-11-28 13:18:45,2025-11-28,2025-11-28
4b25ea,7.0449,46.747,1764332685,1005.84,45.28,FALSE,NA,4b25ea_2025-11-28 13:18:45,2025-11-28,2025-11-28
4b25ea,6.9608,46.6864,1764332865,1272.54,57.22,FALSE,NA,4b25ea_2025-11-28 13:18:45,2025-11-28,2025-11-28
4b25ea,6.8891,46.6117,1764333045,1402.08,56.5,FALSE,NA,4b25ea_2025-11-28 13:18:45,2025-11-28,2025-11-28
4b25ea,6.8348,46.5195,1764333225,1402.08,62.14,FALSE,NA,4b25ea_2025-11-28 13:18:45,2025-11-28,2025-11-28
4b25ea,6.7628,46.5224,1764333405,1280.16,59.99,FALSE,NA,4b25ea_2025-11-28 13:18:45,2025-11-28,2025-11-28
4b25ea,6.6296,46.4967,1764333585,1043.94,55.56,FALSE,NA,4b25ea_2025-11-28 13:18:45,2025-11-28,2025-11-28
a34bb1,8.5703,47.4565,1764335032,NA,NA,FALSE,NA,a34bb1_2025-11-28 14:03:52,2025-11-28,2025-11-28
a34bb1,8.5115,47.4608,1764335212,899.16,69.88,FALSE,NA,a34bb1_2025-11-28 14:03:52,2025-11-28,2025-11-28
a34bb1,8.3772,47.3958,1764335392,2346.96,82.22,FALSE,NA,a34bb1_2025-11-28 14:03:52,2025-11-28,2025-11-28
a34bb1,8.2336,47.2944,1764335572,3741.42,91.76,FALSE,NA,a34bb1_2025-11-28 14:03:52,2025-11-28,2025-11-28
a34bb1,8.0315,47.2099,1764335752,4625.34,122.64,FALSE,NA,a34bb1_2025-11-28 14:03:52,2025-11-28,2025-11-28
a34bb1,7.7706,47.099,1764335932,4617.72,131.47,FALSE,NA,a34bb1_2025-11-28 14:03:52,2025-11-28,2025-11-28
a34bb1,7.5077,46.9864,1764336112,4625.34,132.02,FALSE,NA,a34bb1_2025-11-28 14:03:52,2025-11-28,2025-11-28
a34bb1,7.2445,46.8726,1764336292,4625.34,130.17,FALSE,NA,a34bb1_2025-11-28 14:03:52,2025-11-28,2025-11-28
a34bb1,6.9635,46.7499,1764336472,3710.94,147.57,FALSE,NA,a34bb1_2025-11-28 14:03:52,2025-11-28,2025-11-28
a34bb1,6.6995,46.6041,1764336652,2171.7,130.13,FALSE,NA,a34bb1_2025-11-28 14:03:52,2025-11-28,2025-11-28
a34bb1,6.6041,46.4654,1764336832,1082.04,65.82,FALSE,NA,a34bb1_2025-11-28 14:03:52,2025-11-28,2025-11-28
4b1bdd,6.6168,46.5462,1764335119,NA,NA,FALSE,NA,4b1bdd_2025-11-28 14:05:19,2025-11-28,2025-11-28
4b1bdd,6.5814,46.5303,1764335299,853.44,30.63,FALSE,NA,4b1bdd_2025-11-28 14:05:19,2025-11-28,2025-11-28
4b1bdd,6.6169,46.5475,1764335479,NA,28.92,FALSE,NA,4b1bdd_2025-11-28 14:05:19,2025-11-28,2025-11-28
4b1bdd,6.5968,46.5263,1764335659,861.06,40.04,FALSE,NA,4b1bdd_2025-11-28 14:05:19,2025-11-28,2025-11-28
4b1bdd,6.6236,46.5699,1764335839,1005.84,40.51,FALSE,NA,4b1bdd_2025-11-28 14:05:19,2025-11-28,2025-11-28
4b1bdd,6.7337,46.5804,1764336019,1356.36,58.68,FALSE,NA,4b1bdd_2025-11-28 14:05:19,2025-11-28,2025-11-28
4b1bdd,6.8292,46.5138,1764336199,1363.98,61.54,FALSE,NA,4b1bdd_2025-11-28 14:05:19,2025-11-28,2025-11-28
4b1bdd,6.7679,46.4928,1764336379,1173.48,54.32,FALSE,NA,4b1bdd_2025-11-28 14:05:19,2025-11-28,2025-11-28
4b1bdd,6.6595,46.5386,1764336559,1173.48,51.31,FALSE,NA,4b1bdd_2025-11-28 14:05:19,2025-11-28,2025-11-28
4b1bdd,6.5802,46.5314,1764336739,845.82,37.28,FALSE,NA,4b1bdd_2025-11-28 14:05:19,2025-11-28,2025-11-28
4b1af2,6.6167,46.5463,1764336808,678.18,36.07,FALSE,NA,4b1af2_2025-11-28 14:33:28,2025-11-28,2025-11-28
4b1af2,6.5919,46.5148,1764336988,861.06,43.59,FALSE,NA,4b1af2_2025-11-28 14:33:28,2025-11-28,2025-11-28
4b1af2,6.6079,46.5551,1764337168,822.96,38.56,FALSE,NA,4b1af2_2025-11-28 14:33:28,2025-11-28,2025-11-28
4b1af2,6.6155,46.5329,1764337348,769.62,36.66,FALSE,NA,4b1af2_2025-11-28 14:33:28,2025-11-28,2025-11-28
4b1af2,6.5871,46.5304,1764337528,838.2,42.83,FALSE,NA,4b1af2_2025-11-28 14:33:28,2025-11-28,2025-11-28
4b1af2,6.5939,46.5577,1764337708,868.68,41.27,FALSE,NA,4b1af2_2025-11-28 14:33:28,2025-11-28,2025-11-28
4b1af2,6.6164,46.5431,1764337888,655.32,27.34,FALSE,NA,4b1af2_2025-11-28 14:33:28,2025-11-28,2025-11-28
4b1af2,6.6169,46.5429,1764338068,NA,12.9,FALSE,NA,4b1af2_2025-11-28 14:33:28,2025-11-28,2025-11-28
4b1af2,6.617,46.5412,1764338248,NA,12.9,FALSE,NA,4b1af2_2025-11-28 14:33:28,2025-11-28,2025-11-28
4b1af2,6.6168,46.541,1764338428,NA,NA,FALSE,NA,4b1af2_2025-11-28 14:33:28,2025-11-28,2025-11-28
4b1af2,6.585,46.5392,1764338608,853.44,41.75,FALSE,NA,4b1af2_2025-11-28 14:33:28,2025-11-28,2025-11-28
4b1af2,6.6162,46.54,1764338788,678.18,33.54,FALSE,NA,4b1af2_2025-11-28 14:33:28,2025-11-28,2025-11-28
461fbd,9.225,48.6904,1764337094,NA,NA,FALSE,NA,461fbd_2025-11-28 14:38:14,2025-11-28,2025-11-28
461fbd,9.083,48.6519,1764337274,2369.82,75.74,FALSE,NA,461fbd_2025-11-28 14:38:14,2025-11-28,2025-11-28
461fbd,8.9691,48.5519,1764337454,4251.96,84.59,FALSE,NA,461fbd_2025-11-28 14:38:14,2025-11-28,2025-11-28
461fbd,8.822,48.4477,1764337634,5623.56,100.84,FALSE,NA,461fbd_2025-11-28 14:38:14,2025-11-28,2025-11-28
461fbd,8.6326,48.2849,1764337814,5890.26,145.92,FALSE,NA,461fbd_2025-11-28 14:38:14,2025-11-28,2025-11-28
461fbd,8.4133,48.0947,1764337994,5897.88,149.71,FALSE,NA,461fbd_2025-11-28 14:38:14,2025-11-28,2025-11-28
461fbd,8.1935,47.9021,1764338174,5897.88,150.12,FALSE,NA,461fbd_2025-11-28 14:38:14,2025-11-28,2025-11-28
461fbd,7.9759,47.7099,1764338354,5897.88,149.81,FALSE,NA,461fbd_2025-11-28 14:38:14,2025-11-28,2025-11-28
461fbd,7.7581,47.5154,1764338534,5897.88,150.94,FALSE,NA,461fbd_2025-11-28 14:38:14,2025-11-28,2025-11-28
461fbd,7.5421,47.3208,1764338714,5897.88,151.35,FALSE,NA,461fbd_2025-11-28 14:38:14,2025-11-28,2025-11-28
461fbd,7.3157,47.1284,1764338894,5532.12,155.32,FALSE,NA,461fbd_2025-11-28 14:38:14,2025-11-28,2025-11-28
461fbd,7.0891,46.9397,1764339074,4183.38,145.51,FALSE,NA,461fbd_2025-11-28 14:38:14,2025-11-28,2025-11-28
461fbd,6.875,46.7597,1764339254,2880.36,136.42,FALSE,NA,461fbd_2025-11-28 14:38:14,2025-11-28,2025-11-28
461fbd,6.7094,46.591,1764339434,1310.64,106.79,FALSE,NA,461fbd_2025-11-28 14:38:14,2025-11-28,2025-11-28
461fbd,6.6076,46.4774,1764339614,922.02,86.33,FALSE,NA,461fbd_2025-11-28 14:38:14,2025-11-28,2025-11-28
460844,2.4258,48.9656,1764338559,396.24,60.39,FALSE,NA,460844_2025-11-28 15:02:39,2025-11-28,2025-11-28
460844,2.26,48.9158,1764338739,2072.64,86.22,FALSE,NA,460844_2025-11-28 15:02:39,2025-11-28,2025-11-28
460844,2.3244,48.8074,1764338919,3642.36,107.92,FALSE,NA,460844_2025-11-28 15:02:39,2025-11-28,2025-11-28
460844,2.6165,48.813,1764339099,4655.82,135.32,FALSE,NA,460844_2025-11-28 15:02:39,2025-11-28,2025-11-28
460844,2.9187,48.7567,1764339279,4663.44,137.87,FALSE,NA,460844_2025-11-28 15:02:39,2025-11-28,2025-11-28
460844,3.0174,48.6922,1764339459,5326.38,110.22,FALSE,NA,460844_2025-11-28 15:02:39,2025-11-28,2025-11-28
460844,3.3521,48.4711,1764339639,6377.94,120.41,FALSE,NA,460844_2025-11-28 15:02:39,2025-11-28,2025-11-28
460844,3.5739,48.3062,1764339819,6515.1,145.77,FALSE,NA,460844_2025-11-28 15:02:39,2025-11-28,2025-11-28
460844,3.8031,48.123,1764339999,6515.1,149.06,FALSE,NA,460844_2025-11-28 15:02:39,2025-11-28,2025-11-28
460844,4.0285,47.9379,1764340179,6515.1,147.83,FALSE,NA,460844_2025-11-28 15:02:39,2025-11-28,2025-11-28
460844,4.2549,47.7506,1764340359,6522.72,151.5,FALSE,NA,460844_2025-11-28 15:02:39,2025-11-28,2025-11-28
460844,4.533,47.5936,1764340539,6522.72,150.84,FALSE,NA,460844_2025-11-28 15:02:39,2025-11-28,2025-11-28
460844,4.809,47.4364,1764340719,6522.72,151.5,FALSE,NA,460844_2025-11-28 15:02:39,2025-11-28,2025-11-28
460844,5.0829,47.2788,1764340899,6492.24,152.92,FALSE,NA,460844_2025-11-28 15:02:39,2025-11-28,2025-11-28
460844,5.3247,47.1008,1764341079,5905.5,151.13,FALSE,NA,460844_2025-11-28 15:02:39,2025-11-28,2025-11-28
460844,5.6223,46.9594,1764341259,5257.8,151.85,FALSE,NA,460844_2025-11-28 15:02:39,2025-11-28,2025-11-28
460844,5.9095,46.8221,1764341439,4983.48,145.15,FALSE,NA,460844_2025-11-28 15:02:39,2025-11-28,2025-11-28
460844,6.1901,46.6874,1764341619,3489.96,137.31,FALSE,NA,460844_2025-11-28 15:02:39,2025-11-28,2025-11-28
460844,6.384,46.5439,1764341799,1470.66,102.41,FALSE,NA,460844_2025-11-28 15:02:39,2025-11-28,2025-11-28
460844,6.5893,46.4958,1764341979,1059.18,74.6,FALSE,NA,460844_2025-11-28 15:02:39,2025-11-28,2025-11-28
4b3303,6.6179,46.547,1764355802,NA,0,FALSE,NA,4b3303_2025-11-28 19:50:02,2025-11-28,2025-11-28
4b3303,6.632,46.6127,1764355982,1165.86,59.96,FALSE,NA,4b3303_2025-11-28 19:50:02,2025-11-28,2025-11-28
4b3303,6.6562,46.708,1764356162,1303.02,61.15,FALSE,NA,4b3303_2025-11-28 19:50:02,2025-11-28,2025-11-28
4b3303,6.682,46.8087,1764356342,1226.82,64.28,FALSE,NA,4b3303_2025-11-28 19:50:02,2025-11-28,2025-11-28
4b3303,6.7058,46.9024,1764356522,1531.62,58.53,FALSE,NA,4b3303_2025-11-28 19:50:02,2025-11-28,2025-11-28
4b3303,6.7264,46.9963,1764356702,1379.22,51.47,FALSE,NA,4b3303_2025-11-28 19:50:02,2025-11-28,2025-11-28
4b3303,6.727,46.9784,1764356882,1417.32,55.45,FALSE,NA,4b3303_2025-11-28 19:50:02,2025-11-28,2025-11-28
4b3303,6.8212,46.9629,1764357062,906.78,37.36,FALSE,NA,4b3303_2025-11-28 19:50:02,2025-11-28,2025-11-28
4b3303,6.8157,46.9651,1764357242,822.96,12.9,FALSE,NA,4b3303_2025-11-28 19:50:02,2025-11-28,2025-11-28
4b3303,6.8317,46.9555,1764357422,670.56,21.19,FALSE,NA,4b3303_2025-11-28 19:50:02,2025-11-28,2025-11-28
4b3303,6.8345,46.9578,1764357602,586.74,9.76,FALSE,NA,4b3303_2025-11-28 19:50:02,2025-11-28,2025-11-28
4b3303,6.8315,46.9411,1764357782,815.34,48.09,FALSE,NA,4b3303_2025-11-28 19:50:02,2025-11-28,2025-11-28
4b3303,6.7902,46.8649,1764357962,1143,53.41,FALSE,NA,4b3303_2025-11-28 19:50:02,2025-11-28,2025-11-28
4b3303,6.7446,46.7813,1764358142,1203.96,58.77,FALSE,NA,4b3303_2025-11-28 19:50:02,2025-11-28,2025-11-28
4b3303,6.6954,46.6907,1764358322,1051.56,60.39,FALSE,NA,4b3303_2025-11-28 19:50:02,2025-11-28,2025-11-28
4b3303,6.6475,46.6023,1764358502,1097.28,58.1,FALSE,NA,4b3303_2025-11-28 19:50:02,2025-11-28,2025-11-28
4b3e2d,7.0832,46.3217,1764365094,2446.02,54.26,FALSE,NA,4b3e2d_2025-11-28 22:24:54,2025-11-28,2025-11-28
4b3e2d,6.9664,46.3764,1764365274,2217.42,67.2,FALSE,NA,4b3e2d_2025-11-28 22:24:54,2025-11-28,2025-11-28
4b3e2d,6.8348,46.4417,1764365454,1280.16,71.92,FALSE,NA,4b3e2d_2025-11-28 22:24:54,2025-11-28,2025-11-28
4b3e2d,6.704,46.4984,1764365634,868.68,62.21,FALSE,NA,4b3e2d_2025-11-28 22:24:54,2025-11-28,2025-11-28
4b1af2,6.6167,46.545,1764404169,662.94,35.56,FALSE,NA,4b1af2_2025-11-29 09:16:09,2025-11-29,2025-11-29
4b1af2,6.6262,46.6205,1764404349,1394.46,51.76,FALSE,NA,4b1af2_2025-11-29 09:16:09,2025-11-29,2025-11-29
4b1af2,6.7362,46.6148,1764404529,1592.58,54.34,FALSE,NA,4b1af2_2025-11-29 09:16:09,2025-11-29,2025-11-29
4b1af2,6.7608,46.5469,1764404709,1592.58,53.8,FALSE,NA,4b1af2_2025-11-29 09:16:09,2025-11-29,2025-11-29
4b1af2,6.7817,46.4605,1764404889,1531.62,57.11,FALSE,NA,4b1af2_2025-11-29 09:16:09,2025-11-29,2025-11-29
4b1af2,6.8245,46.4378,1764405069,1539.24,57.11,FALSE,NA,4b1af2_2025-11-29 09:16:09,2025-11-29,2025-11-29
4b1af2,6.7451,46.4479,1764405249,1577.34,54.26,FALSE,NA,4b1af2_2025-11-29 09:16:09,2025-11-29,2025-11-29
4b1af2,6.6172,46.4845,1764405429,1158.24,60.03,FALSE,NA,4b1af2_2025-11-29 09:16:09,2025-11-29,2025-11-29
4b1af2,6.5036,46.5218,1764405609,1097.28,62.08,FALSE,NA,4b1af2_2025-11-29 09:16:09,2025-11-29,2025-11-29
4b1af2,6.5589,46.6108,1764405789,1104.9,59.83,FALSE,NA,4b1af2_2025-11-29 09:16:09,2025-11-29,2025-11-29
4b1af2,6.5369,46.6459,1764405969,1043.94,48.58,FALSE,NA,4b1af2_2025-11-29 09:16:09,2025-11-29,2025-11-29
4b1af2,6.5496,46.5606,1764406149,1158.24,56.54,FALSE,NA,4b1af2_2025-11-29 09:16:09,2025-11-29,2025-11-29
4b1af2,6.6261,46.4968,1764406329,1143,59.89,FALSE,NA,4b1af2_2025-11-29 09:16:09,2025-11-29,2025-11-29
4b1af2,6.6269,46.5446,1764406509,990.6,56.83,FALSE,NA,4b1af2_2025-11-29 09:16:09,2025-11-29,2025-11-29
4b1af2,6.6181,46.5617,1764406689,777.24,32.99,FALSE,NA,4b1af2_2025-11-29 09:16:09,2025-11-29,2025-11-29
4b1af2,6.6167,46.5454,1764410281,670.56,36.1,FALSE,NA,4b1af2_2025-11-29 10:58:01,2025-11-29,2025-11-29
4b1af2,6.5826,46.5526,1764410461,883.92,45.11,FALSE,NA,4b1af2_2025-11-29 10:58:01,2025-11-29,2025-11-29
4b1af2,6.6168,46.5463,1764410641,670.56,30.97,FALSE,NA,4b1af2_2025-11-29 10:58:01,2025-11-29,2025-11-29
4b1af2,6.5849,46.562,1764410821,891.54,44.6,FALSE,NA,4b1af2_2025-11-29 10:58:01,2025-11-29,2025-11-29
4b1af2,6.6161,46.5387,1764411001,746.76,37.07,FALSE,NA,4b1af2_2025-11-29 10:58:01,2025-11-29,2025-11-29
4b1af2,6.6567,46.4916,1764411181,1478.28,46.71,FALSE,NA,4b1af2_2025-11-29 10:58:01,2025-11-29,2025-11-29
4b1af2,6.7688,46.4843,1764411361,2065.02,55.05,FALSE,NA,4b1af2_2025-11-29 10:58:01,2025-11-29,2025-11-29
4b1af2,6.8906,46.5201,1764411541,2103.12,58.51,FALSE,NA,4b1af2_2025-11-29 10:58:01,2025-11-29,2025-11-29
4b1af2,7.0044,46.5708,1764411721,2072.64,57.49,FALSE,NA,4b1af2_2025-11-29 10:58:01,2025-11-29,2025-11-29
4b1af2,7.0971,46.6327,1764411901,2156.46,58.72,FALSE,NA,4b1af2_2025-11-29 10:58:01,2025-11-29,2025-11-29
4b1af2,7.2236,46.6717,1764412081,2308.86,59.99,FALSE,NA,4b1af2_2025-11-29 10:58:01,2025-11-29,2025-11-29
4b1af2,7.2002,46.7465,1764412261,2324.1,57,FALSE,NA,4b1af2_2025-11-29 10:58:01,2025-11-29,2025-11-29
4b1af2,7.1115,46.8008,1764412441,2255.52,54.32,FALSE,NA,4b1af2_2025-11-29 10:58:01,2025-11-29,2025-11-29
4b1af2,6.9901,46.7589,1764412621,1889.76,58.41,FALSE,NA,4b1af2_2025-11-29 10:58:01,2025-11-29,2025-11-29
4b1af2,6.9361,46.7005,1764412801,1676.4,58.97,FALSE,NA,4b1af2_2025-11-29 10:58:01,2025-11-29,2025-11-29
4b1af2,6.8233,46.6614,1764412981,1668.78,56.68,FALSE,NA,4b1af2_2025-11-29 10:58:01,2025-11-29,2025-11-29
4b1af2,6.6938,46.6485,1764413161,1478.28,55.74,FALSE,NA,4b1af2_2025-11-29 10:58:01,2025-11-29,2025-11-29
4b1af2,6.6216,46.597,1764413341,1021.08,47.84,FALSE,NA,4b1af2_2025-11-29 10:58:01,2025-11-29,2025-11-29
4b1af2,6.6171,46.5436,1764413521,NA,9.26,FALSE,NA,4b1af2_2025-11-29 10:58:01,2025-11-29,2025-11-29
461fbd,6.0901,46.2246,1764413161,685.8,69.13,FALSE,NA,461fbd_2025-11-29 11:46:01,2025-11-29,2025-11-29
461fbd,6.1244,46.327,1764413341,1249.68,100.06,FALSE,NA,461fbd_2025-11-29 11:46:01,2025-11-29,2025-11-29
461fbd,6.2911,46.4312,1764413521,1097.28,98.2,FALSE,NA,461fbd_2025-11-29 11:46:01,2025-11-29,2025-11-29
461fbd,6.5083,46.4845,1764413701,1295.4,93.83,FALSE,NA,461fbd_2025-11-29 11:46:01,2025-11-29,2025-11-29
461fbd,6.6871,46.4399,1764413881,1409.7,66.76,FALSE,NA,461fbd_2025-11-29 11:46:01,2025-11-29,2025-11-29
461fbd,6.8374,46.4344,1764414061,1432.56,83.4,FALSE,NA,461fbd_2025-11-29 11:46:01,2025-11-29,2025-11-29
461fbd,6.7592,46.4777,1764414241,1524,46.95,FALSE,NA,461fbd_2025-11-29 11:46:01,2025-11-29,2025-11-29
461fbd,6.6905,46.5848,1764414421,1242.06,77.3,FALSE,NA,461fbd_2025-11-29 11:46:01,2025-11-29,2025-11-29
461fbd,6.6179,46.5584,1764414601,769.62,45.32,FALSE,NA,461fbd_2025-11-29 11:46:01,2025-11-29,2025-11-29
4627c1,4.9436,45.7288,1764414414,259.08,50.95,FALSE,NA,4627c1_2025-11-29 12:06:54,2025-11-29,2025-11-29
4627c1,5.0457,45.6678,1764414594,2148.84,81.34,FALSE,NA,4627c1_2025-11-29 12:06:54,2025-11-29,2025-11-29
4627c1,5.2773,45.7076,1764414774,3124.2,128.4,FALSE,NA,4627c1_2025-11-29 12:06:54,2025-11-29,2025-11-29
4627c1,5.5473,45.8068,1764414954,3124.2,132.52,FALSE,NA,4627c1_2025-11-29 12:06:54,2025-11-29,2025-11-29
4627c1,5.85,45.8771,1764415134,2522.22,137.46,FALSE,NA,4627c1_2025-11-29 12:06:54,2025-11-29,2025-11-29
4627c1,6.1019,46.0023,1764415314,1988.82,130.4,FALSE,NA,4627c1_2025-11-29 12:06:54,2025-11-29,2025-11-29
4627c1,6.2978,46.1567,1764415494,1722.12,123.79,FALSE,NA,4627c1_2025-11-29 12:06:54,2025-11-29,2025-11-29
4627c1,6.4878,46.3109,1764415674,1493.52,129.63,FALSE,NA,4627c1_2025-11-29 12:06:54,2025-11-29,2025-11-29
4627c1,6.5911,46.4981,1764415854,1234.44,123.61,FALSE,NA,4627c1_2025-11-29 12:06:54,2025-11-29,2025-11-29
4627c1,6.6174,46.5534,1764416034,716.28,47.94,FALSE,NA,4627c1_2025-11-29 12:06:54,2025-11-29,2025-11-29
463fc8,7.2089,43.6514,1764417325,60.96,52.75,FALSE,NA,463fc8_2025-11-29 12:55:25,2025-11-29,2025-11-29
463fc8,7.2909,43.6016,1764417505,1866.9,72.03,FALSE,NA,463fc8_2025-11-29 12:55:25,2025-11-29,2025-11-29
463fc8,7.1751,43.6672,1764417685,3649.98,77.41,FALSE,NA,463fc8_2025-11-29 12:55:25,2025-11-29,2025-11-29
463fc8,7.1317,43.7915,1764417865,5250.18,80.98,FALSE,NA,463fc8_2025-11-29 12:55:25,2025-11-29,2025-11-29
463fc8,7.0893,43.9187,1764418045,6591.3,83.1,FALSE,NA,463fc8_2025-11-29 12:55:25,2025-11-29,2025-11-29
463fc8,7.0318,44.0906,1764418225,6804.66,129.14,FALSE,NA,463fc8_2025-11-29 12:55:25,2025-11-29,2025-11-29
463fc8,6.9618,44.2983,1764418405,6804.66,133.88,FALSE,NA,463fc8_2025-11-29 12:55:25,2025-11-29,2025-11-29
463fc8,6.8899,44.5098,1764418585,6804.66,134.51,FALSE,NA,463fc8_2025-11-29 12:55:25,2025-11-29,2025-11-29
463fc8,6.8178,44.7205,1764418765,6804.66,134.63,FALSE,NA,463fc8_2025-11-29 12:55:25,2025-11-29,2025-11-29
463fc8,6.7611,44.9359,1764418945,6804.66,136.35,FALSE,NA,463fc8_2025-11-29 12:55:25,2025-11-29,2025-11-29
463fc8,6.7092,45.1539,1764419125,6797.04,136.85,FALSE,NA,463fc8_2025-11-29 12:55:25,2025-11-29,2025-11-29
463fc8,6.6921,45.3759,1764419305,6652.26,136.96,FALSE,NA,463fc8_2025-11-29 12:55:25,2025-11-29,2025-11-29
463fc8,6.6798,45.5996,1764419485,5974.08,142.59,FALSE,NA,463fc8_2025-11-29 12:55:25,2025-11-29,2025-11-29
463fc8,6.6666,45.831,1764419665,4617.72,141.05,FALSE,NA,463fc8_2025-11-29 12:55:25,2025-11-29,2025-11-29
463fc8,6.6539,46.0556,1764419845,3276.6,136.94,FALSE,NA,463fc8_2025-11-29 12:55:25,2025-11-29,2025-11-29
463fc8,6.633,46.2716,1764420025,2087.88,129.93,FALSE,NA,463fc8_2025-11-29 12:55:25,2025-11-29,2025-11-29
463fc8,6.6975,46.4568,1764420205,1531.62,104,FALSE,NA,463fc8_2025-11-29 12:55:25,2025-11-29,2025-11-29
463fc8,6.7322,46.6168,1764420385,1470.66,93.35,FALSE,NA,463fc8_2025-11-29 12:55:25,2025-11-29,2025-11-29
463fc8,6.6221,46.6007,1764420565,1051.56,47.72,FALSE,NA,463fc8_2025-11-29 12:55:25,2025-11-29,2025-11-29
4b34c2,8.0705,47.1944,1764421563,868.68,43.24,FALSE,NA,4b34c2_2025-11-29 14:06:03,2025-11-29,2025-11-29
4b34c2,7.9737,47.1539,1764421743,1424.94,49.8,FALSE,NA,4b34c2_2025-11-29 14:06:03,2025-11-29,2025-11-29
4b34c2,7.8729,47.1096,1764421923,1912.62,51.37,FALSE,NA,4b34c2_2025-11-29 14:06:03,2025-11-29,2025-11-29
4b34c2,7.7683,47.0637,1764422103,2415.54,52.8,FALSE,NA,4b34c2_2025-11-29 14:06:03,2025-11-29,2025-11-29
4b34c2,7.6491,47.0105,1764422283,2613.66,70.48,FALSE,NA,4b34c2_2025-11-29 14:06:03,2025-11-29,2025-11-29
4b34c2,7.5116,46.9497,1764422463,2613.66,69.06,FALSE,NA,4b34c2_2025-11-29 14:06:03,2025-11-29,2025-11-29
4b34c2,7.3748,46.8885,1764422643,2613.66,68.78,FALSE,NA,4b34c2_2025-11-29 14:06:03,2025-11-29,2025-11-29
4b34c2,7.2379,46.8273,1764422823,2613.66,69.49,FALSE,NA,4b34c2_2025-11-29 14:06:03,2025-11-29,2025-11-29
4b34c2,7.1003,46.7656,1764423003,2575.56,71.93,FALSE,NA,4b34c2_2025-11-29 14:06:03,2025-11-29,2025-11-29
4b34c2,6.9684,46.6938,1764423183,2308.86,71.71,FALSE,NA,4b34c2_2025-11-29 14:06:03,2025-11-29,2025-11-29
4b34c2,6.8497,46.6035,1764423363,1744.98,74.68,FALSE,NA,4b34c2_2025-11-29 14:06:03,2025-11-29,2025-11-29
4b34c2,6.7089,46.5517,1764423543,1211.58,66.87,FALSE,NA,4b34c2_2025-11-29 14:06:03,2025-11-29,2025-11-29
4b34c2,6.5831,46.5624,1764423723,838.2,50.11,FALSE,NA,4b34c2_2025-11-29 14:06:03,2025-11-29,2025-11-29
4b25ea,NA,NA,1764422316,NA,41.01,FALSE,NA,4b25ea_2025-11-29 14:18:36,2025-11-29,2025-11-29
4b25ea,7.0257,47.4103,1764422496,769.62,48.64,FALSE,NA,4b25ea_2025-11-29 14:18:36,2025-11-29,2025-11-29
4b25ea,7.1363,47.3796,1764422676,967.74,48.46,FALSE,NA,4b25ea_2025-11-29 14:18:36,2025-11-29,2025-11-29
4b25ea,7.113,47.3125,1764422856,1630.68,42.33,FALSE,NA,4b25ea_2025-11-29 14:18:36,2025-11-29,2025-11-29
4b25ea,7.074,47.2427,1764423036,1729.74,50.41,FALSE,NA,4b25ea_2025-11-29 14:18:36,2025-11-29,2025-11-29
4b25ea,7.0249,47.171,1764423216,1744.98,47.93,FALSE,NA,4b25ea_2025-11-29 14:18:36,2025-11-29,2025-11-29
4b25ea,6.9955,47.093,1764423396,1729.74,49.68,FALSE,NA,4b25ea_2025-11-29 14:18:36,2025-11-29,2025-11-29
4b25ea,6.9341,47.0245,1764423576,1729.74,50.99,FALSE,NA,4b25ea_2025-11-29 14:18:36,2025-11-29,2025-11-29
4b25ea,6.8638,46.9571,1764423756,1737.36,49.94,FALSE,NA,4b25ea_2025-11-29 14:18:36,2025-11-29,2025-11-29
4b25ea,6.7933,46.8917,1764423936,1737.36,48.37,FALSE,NA,4b25ea_2025-11-29 14:18:36,2025-11-29,2025-11-29
4b25ea,6.7123,46.834,1764424116,1440.18,50.51,FALSE,NA,4b25ea_2025-11-29 14:18:36,2025-11-29,2025-11-29
4b25ea,6.6351,46.7738,1764424296,1424.94,52.39,FALSE,NA,4b25ea_2025-11-29 14:18:36,2025-11-29,2025-11-29
4b25ea,6.6262,46.6911,1764424476,1303.02,50.35,FALSE,NA,4b25ea_2025-11-29 14:18:36,2025-11-29,2025-11-29
4b25ea,6.6228,46.6084,1764424656,1112.52,52.97,FALSE,NA,4b25ea_2025-11-29 14:18:36,2025-11-29,2025-11-29
4b25ea,6.6168,46.5464,1764424836,670.56,25.25,FALSE,NA,4b25ea_2025-11-29 14:18:36,2025-11-29,2025-11-29
4b1af2,6.6165,46.544,1764423751,685.8,34.56,FALSE,NA,4b1af2_2025-11-29 14:42:31,2025-11-29,2025-11-29
4b1af2,6.6649,46.4871,1764423931,960.12,59.38,FALSE,NA,4b1af2_2025-11-29 14:42:31,2025-11-29,2025-11-29
4b1af2,6.7926,46.4622,1764424111,967.74,47.42,FALSE,NA,4b1af2_2025-11-29 14:42:31,2025-11-29,2025-11-29
4b1af2,6.8667,46.4064,1764424291,1630.68,47.12,FALSE,NA,4b1af2_2025-11-29 14:42:31,2025-11-29,2025-11-29
4b1af2,6.9176,46.3417,1764424471,2156.46,45.23,FALSE,NA,4b1af2_2025-11-29 14:42:31,2025-11-29,2025-11-29
4b1af2,7.026,46.3041,1764424651,2400.3,62.5,FALSE,NA,4b1af2_2025-11-29 14:42:31,2025-11-29,2025-11-29
4b1af2,7.0517,46.3808,1764424831,2263.14,65.59,FALSE,NA,4b1af2_2025-11-29 14:42:31,2025-11-29,2025-11-29
4b1af2,7.1255,46.4465,1764425011,2225.04,66.13,FALSE,NA,4b1af2_2025-11-29 14:42:31,2025-11-29,2025-11-29
4b1af2,7.2411,46.526,1764425191,2255.52,65.12,FALSE,NA,4b1af2_2025-11-29 14:42:31,2025-11-29,2025-11-29
4b1af2,7.3525,46.5954,1764425371,2392.68,51.1,FALSE,NA,4b1af2_2025-11-29 14:42:31,2025-11-29,2025-11-29
4b1af2,7.471,46.6425,1764425551,2644.14,62.64,FALSE,NA,4b1af2_2025-11-29 14:42:31,2025-11-29,2025-11-29
4b1af2,7.5238,46.7111,1764425731,2423.16,69.36,FALSE,NA,4b1af2_2025-11-29 14:42:31,2025-11-29,2025-11-29
4b1af2,7.3893,46.7072,1764425911,2148.84,68.42,FALSE,NA,4b1af2_2025-11-29 14:42:31,2025-11-29,2025-11-29
4b1af2,7.2424,46.6669,1764426091,2118.36,59.36,FALSE,NA,4b1af2_2025-11-29 14:42:31,2025-11-29,2025-11-29
4b1af2,7.1325,46.6123,1764426271,2080.26,55.49,FALSE,NA,4b1af2_2025-11-29 14:42:31,2025-11-29,2025-11-29
4b1af2,7.0445,46.5617,1764426451,2164.08,59.64,FALSE,NA,4b1af2_2025-11-29 14:42:31,2025-11-29,2025-11-29
4b1af2,6.9922,46.4907,1764426631,2286,50.95,FALSE,NA,4b1af2_2025-11-29 14:42:31,2025-11-29,2025-11-29
4b1af2,6.9497,46.4372,1764426811,2095.5,68.42,FALSE,NA,4b1af2_2025-11-29 14:42:31,2025-11-29,2025-11-29
4b1af2,6.8261,46.5064,1764426991,1584.96,65.65,FALSE,NA,4b1af2_2025-11-29 14:42:31,2025-11-29,2025-11-29
4b1af2,6.7172,46.5762,1764427171,1203.96,62.38,FALSE,NA,4b1af2_2025-11-29 14:42:31,2025-11-29,2025-11-29
4b1af2,6.6212,46.5946,1764427351,975.36,47.47,FALSE,NA,4b1af2_2025-11-29 14:42:31,2025-11-29,2025-11-29
4b27c0,6.6168,46.5467,1764424570,670.56,32.99,FALSE,NA,4b27c0_2025-11-29 14:56:10,2025-11-29,2025-11-29
4b27c0,6.5375,46.5097,1764424750,1143,69.88,FALSE,NA,4b27c0_2025-11-29 14:56:10,2025-11-29,2025-11-29
4b27c0,6.5496,46.6268,1764424930,1066.8,72.15,FALSE,NA,4b27c0_2025-11-29 14:56:10,2025-11-29,2025-11-29
4b27c0,6.6253,46.7287,1764425110,990.6,72.34,FALSE,NA,4b27c0_2025-11-29 14:56:10,2025-11-29,2025-11-29
4b27c0,6.6049,46.7579,1764425290,594.36,54.38,FALSE,NA,4b27c0_2025-11-29 14:56:10,2025-11-29,2025-11-29
4b27c0,6.6064,46.7581,1764425470,525.78,47.63,FALSE,NA,4b27c0_2025-11-29 14:56:10,2025-11-29,2025-11-29
4b27c0,6.6011,46.7566,1764425650,571.5,47.12,FALSE,NA,4b27c0_2025-11-29 14:56:10,2025-11-29,2025-11-29
4b27c0,6.5951,46.7494,1764425830,647.7,53.7,FALSE,NA,4b27c0_2025-11-29 14:56:10,2025-11-29,2025-11-29
4b27c0,6.5815,46.7542,1764426010,701.04,55.9,FALSE,NA,4b27c0_2025-11-29 14:56:10,2025-11-29,2025-11-29
4b27c0,6.6141,46.6792,1764426190,1143,70.35,FALSE,NA,4b27c0_2025-11-29 14:56:10,2025-11-29,2025-11-29
4b27c0,6.6394,46.6449,1764426370,1112.52,72.74,FALSE,NA,4b27c0_2025-11-29 14:56:10,2025-11-29,2025-11-29
4b27c0,6.6416,46.6368,1764426550,1082.04,73.16,FALSE,NA,4b27c0_2025-11-29 14:56:10,2025-11-29,2025-11-29
4b27c0,6.6139,46.6275,1764426730,1051.56,68.03,FALSE,NA,4b27c0_2025-11-29 14:56:10,2025-11-29,2025-11-29
4b27c0,6.6166,46.544,1764426910,662.94,23.2,FALSE,NA,4b27c0_2025-11-29 14:56:10,2025-11-29,2025-11-29
4b1bdd,6.6164,46.5437,1764428271,701.04,33.58,FALSE,NA,4b1bdd_2025-11-29 15:57:51,2025-11-29,2025-11-29
4b1bdd,6.5669,46.5066,1764428451,1424.94,49.94,FALSE,NA,4b1bdd_2025-11-29 15:57:51,2025-11-29,2025-11-29
4b1bdd,6.5668,46.6044,1764428631,1417.32,66.52,FALSE,NA,4b1bdd_2025-11-29 15:57:51,2025-11-29,2025-11-29
4b1bdd,6.5818,46.7059,1764428811,1165.86,63.75,FALSE,NA,4b1bdd_2025-11-29 15:57:51,2025-11-29,2025-11-29
4b1bdd,6.6306,46.7698,1764428991,579.12,30.82,FALSE,NA,4b1bdd_2025-11-29 15:57:51,2025-11-29,2025-11-29
4b1bdd,6.6315,46.7602,1764429171,678.18,48.75,FALSE,NA,4b1bdd_2025-11-29 15:57:51,2025-11-29,2025-11-29
4b1bdd,6.5659,46.7458,1764429351,861.06,48.23,FALSE,NA,4b1bdd_2025-11-29 15:57:51,2025-11-29,2025-11-29
4b1bdd,6.5937,46.6839,1764429531,1402.08,58.03,FALSE,NA,4b1bdd_2025-11-29 15:57:51,2025-11-29,2025-11-29
4b1bdd,6.5715,46.5926,1764429711,1386.84,58.44,FALSE,NA,4b1bdd_2025-11-29 15:57:51,2025-11-29,2025-11-29
4b1bdd,6.5349,46.5166,1764429891,1280.16,50.95,FALSE,NA,4b1bdd_2025-11-29 15:57:51,2025-11-29,2025-11-29
4b1bdd,6.6139,46.5147,1764430071,937.26,37.1,FALSE,NA,4b1bdd_2025-11-29 15:57:51,2025-11-29,2025-11-29
4b27c0,6.6164,46.5427,1764429855,NA,NA,FALSE,NA,4b27c0_2025-11-29 16:24:15,2025-11-29,2025-11-29
4b27c0,6.656,46.5994,1764430035,1409.7,56.81,FALSE,NA,4b27c0_2025-11-29 16:24:15,2025-11-29,2025-11-29
4b27c0,6.7597,46.5376,1764430215,2072.64,58.93,FALSE,NA,4b27c0_2025-11-29 16:24:15,2025-11-29,2025-11-29
4b27c0,6.893,46.5235,1764430395,2286,80.53,FALSE,NA,4b27c0_2025-11-29 16:24:15,2025-11-29,2025-11-29
4b27c0,7.025,46.5642,1764430575,2209.8,49.29,FALSE,NA,4b27c0_2025-11-29 16:24:15,2025-11-29,2025-11-29
4b27c0,7.1326,46.5575,1764430755,2247.9,44.09,FALSE,NA,4b27c0_2025-11-29 16:24:15,2025-11-29,2025-11-29
4b27c0,7.1535,46.583,1764430935,2286,58.03,FALSE,NA,4b27c0_2025-11-29 16:24:15,2025-11-29,2025-11-29
4b27c0,7.049,46.5723,1764431115,2225.04,41.16,FALSE,NA,4b27c0_2025-11-29 16:24:15,2025-11-29,2025-11-29
4b27c0,6.9462,46.5578,1764431295,1958.34,48.83,FALSE,NA,4b27c0_2025-11-29 16:24:15,2025-11-29,2025-11-29
4b27c0,6.8407,46.5399,1764431475,1653.54,42.19,FALSE,NA,4b27c0_2025-11-29 16:24:15,2025-11-29,2025-11-29
4b27c0,6.7867,46.4821,1764431655,1508.76,66.89,FALSE,NA,4b27c0_2025-11-29 16:24:15,2025-11-29,2025-11-29
4b27c0,6.6901,46.4837,1764431835,1150.62,68.1,FALSE,NA,4b27c0_2025-11-29 16:24:15,2025-11-29,2025-11-29
4b27c0,6.6134,46.5179,1764432015,876.3,42.81,FALSE,NA,4b27c0_2025-11-29 16:24:15,2025-11-29,2025-11-29
4b3303,6.6182,46.547,1764495622,678.18,0,FALSE,NA,4b3303_2025-11-30 10:40:22,2025-11-30,2025-11-30
4b3303,6.7026,46.5443,1764495802,1120.14,62.3,FALSE,NA,4b3303_2025-11-30 10:40:22,2025-11-30,2025-11-30
4b3303,6.8633,46.5472,1764495982,1493.52,73.07,FALSE,NA,4b3303_2025-11-30 10:40:22,2025-11-30,2025-11-30
4b3303,6.9466,46.5472,1764496162,1554.48,0.51,FALSE,NA,4b3303_2025-11-30 10:40:22,2025-11-30,2025-11-30
4b3303,6.9464,46.5482,1764496342,1562.1,0.73,FALSE,NA,4b3303_2025-11-30 10:40:22,2025-11-30,2025-11-30
4b3303,6.9471,46.5461,1764496522,1554.48,2.06,FALSE,NA,4b3303_2025-11-30 10:40:22,2025-11-30,2025-11-30
4b3303,6.9468,46.5461,1764496702,1554.48,0.51,FALSE,NA,4b3303_2025-11-30 10:40:22,2025-11-30,2025-11-30
4b3303,6.9463,46.5468,1764496882,1539.24,0,FALSE,NA,4b3303_2025-11-30 10:40:22,2025-11-30,2025-11-30
4b3303,6.9469,46.5465,1764497062,1546.86,0.51,FALSE,NA,4b3303_2025-11-30 10:40:22,2025-11-30,2025-11-30
4b3303,6.947,46.5465,1764497242,1539.24,0,FALSE,NA,4b3303_2025-11-30 10:40:22,2025-11-30,2025-11-30
4b3303,6.8546,46.547,1764497422,1310.64,58.13,FALSE,NA,4b3303_2025-11-30 10:40:22,2025-11-30,2025-11-30
4b3303,6.7162,46.547,1764497602,1203.96,60.19,FALSE,NA,4b3303_2025-11-30 10:40:22,2025-11-30,2025-11-30
46316e,-1.8412,50.7802,1764507033,106.68,53.29,FALSE,NA,46316e_2025-11-30 13:50:33,2025-11-30,2025-11-30
46316e,-1.9012,50.8088,1764507213,1706.88,101.64,FALSE,NA,46316e_2025-11-30 13:50:33,2025-11-30,2025-11-30
46316e,-1.6245,50.8211,1764507393,3040.38,131.99,FALSE,NA,46316e_2025-11-30 13:50:33,2025-11-30,2025-11-30
46316e,-1.2727,50.8357,1764507573,3558.54,136.09,FALSE,NA,46316e_2025-11-30 13:50:33,2025-11-30,2025-11-30
46316e,-0.9133,50.8496,1764507753,3901.44,127.76,FALSE,NA,46316e_2025-11-30 13:50:33,2025-11-30,2025-11-30
46316e,-0.6419,50.7839,1764507933,5349.24,127.11,FALSE,NA,46316e_2025-11-30 13:50:33,2025-11-30,2025-11-30
46316e,-0.4237,50.6276,1764508113,6484.62,130.91,FALSE,NA,46316e_2025-11-30 13:50:33,2025-11-30,2025-11-30
46316e,-0.2033,50.4677,1764508293,7566.66,129.79,FALSE,NA,46316e_2025-11-30 13:50:33,2025-11-30,2025-11-30
46316e,0.0281,50.299,1764508473,8153.4,155.38,FALSE,NA,46316e_2025-11-30 13:50:33,2025-11-30,2025-11-30
46316e,0.3183,50.1003,1764508653,8153.4,174.71,FALSE,NA,46316e_2025-11-30 13:50:33,2025-11-30,2025-11-30
46316e,0.6197,49.8908,1764508833,8153.4,175.49,FALSE,NA,46316e_2025-11-30 13:50:33,2025-11-30,2025-11-30
46316e,0.9106,49.6861,1764509013,8153.4,171.13,FALSE,NA,46316e_2025-11-30 13:50:33,2025-11-30,2025-11-30
46316e,1.1974,49.4818,1764509193,8145.78,171.16,FALSE,NA,46316e_2025-11-30 13:50:33,2025-11-30,2025-11-30
46316e,1.4813,49.2774,1764509373,8138.16,169.36,FALSE,NA,46316e_2025-11-30 13:50:33,2025-11-30,2025-11-30
46316e,1.7616,49.073,1764509553,8138.16,170.51,FALSE,NA,46316e_2025-11-30 13:50:33,2025-11-30,2025-11-30
46316e,2.04,48.8678,1764509733,8130.54,169.44,FALSE,NA,46316e_2025-11-30 13:50:33,2025-11-30,2025-11-30
46316e,2.3148,48.6631,1764509913,8130.54,168.37,FALSE,NA,46316e_2025-11-30 13:50:33,2025-11-30,2025-11-30
46316e,2.5797,48.4632,1764510093,8122.92,164.06,FALSE,NA,46316e_2025-11-30 13:50:33,2025-11-30,2025-11-30
46316e,2.8378,48.2654,1764510273,8122.92,156.99,FALSE,NA,46316e_2025-11-30 13:50:33,2025-11-30,2025-11-30
46316e,3.0575,48.068,1764510453,8122.92,148.25,FALSE,NA,46316e_2025-11-30 13:50:33,2025-11-30,2025-11-30
46316e,3.1925,47.8539,1764510633,8130.54,142.94,FALSE,NA,46316e_2025-11-30 13:50:33,2025-11-30,2025-11-30
46316e,3.325,47.6413,1764510813,8130.54,141.12,FALSE,NA,46316e_2025-11-30 13:50:33,2025-11-30,2025-11-30
46316e,3.4547,47.4314,1764510993,8138.16,137.4,FALSE,NA,46316e_2025-11-30 13:50:33,2025-11-30,2025-11-30
46316e,3.576,47.2332,1764511173,8145.78,133.08,FALSE,NA,46316e_2025-11-30 13:50:33,2025-11-30,2025-11-30
46316e,3.6972,47.0338,1764511353,8153.4,133.56,FALSE,NA,46316e_2025-11-30 13:50:33,2025-11-30,2025-11-30
46316e,3.9394,46.8914,1764511533,8161.02,148.37,FALSE,NA,46316e_2025-11-30 13:50:33,2025-11-30,2025-11-30
46316e,4.2643,46.8058,1764511713,8168.64,149.89,FALSE,NA,46316e_2025-11-30 13:50:33,2025-11-30,2025-11-30
46316e,4.6139,46.7541,1764511893,8176.26,152.67,FALSE,NA,46316e_2025-11-30 13:50:33,2025-11-30,2025-11-30
46316e,4.963,46.7018,1764512073,7261.86,152.17,FALSE,NA,46316e_2025-11-30 13:50:33,2025-11-30,2025-11-30
46316e,5.3039,46.6295,1764512253,6469.38,151.64,FALSE,NA,46316e_2025-11-30 13:50:33,2025-11-30,2025-11-30
46316e,5.6481,46.5511,1764512433,5288.28,156.66,FALSE,NA,46316e_2025-11-30 13:50:33,2025-11-30,2025-11-30
46316e,5.9974,46.5321,1764512613,4023.36,153.25,FALSE,NA,46316e_2025-11-30 13:50:33,2025-11-30,2025-11-30
46316e,6.3277,46.5796,1764512793,2476.5,134.53,FALSE,NA,46316e_2025-11-30 13:50:33,2025-11-30,2025-11-30
46316e,6.4286,46.4542,1764512973,1356.36,87.91,FALSE,NA,46316e_2025-11-30 13:50:33,2025-11-30,2025-11-30
46316e,6.5889,46.4789,1764513153,876.3,111.13,FALSE,NA,46316e_2025-11-30 13:50:33,2025-11-30,2025-11-30
46316e,6.6189,46.5106,1764513333,883.92,52.39,FALSE,NA,46316e_2025-11-30 13:50:33,2025-11-30,2025-11-30
4b25ea,6.6166,46.5442,1764578758,662.94,30.39,FALSE,NA,4b25ea_2025-12-01 09:45:58,2025-12-01,2025-12-01
4b25ea,6.6142,46.6082,1764578938,960.12,50.25,FALSE,NA,4b25ea_2025-12-01 09:45:58,2025-12-01,2025-12-01
4b25ea,6.5395,46.6718,1764579118,1005.84,51.35,FALSE,NA,4b25ea_2025-12-01 09:45:58,2025-12-01,2025-12-01
4b25ea,6.5273,46.6772,1764579298,746.76,47.55,FALSE,NA,4b25ea_2025-12-01 09:45:58,2025-12-01,2025-12-01
4b25ea,6.5567,46.6949,1764579478,914.4,41.54,FALSE,NA,4b25ea_2025-12-01 09:45:58,2025-12-01,2025-12-01
4b25ea,6.5956,46.6526,1764579658,1021.08,50.85,FALSE,NA,4b25ea_2025-12-01 09:45:58,2025-12-01,2025-12-01
4b25ea,6.5522,46.7045,1764579838,990.6,44.86,FALSE,NA,4b25ea_2025-12-01 09:45:58,2025-12-01,2025-12-01
4b25ea,6.5651,46.7514,1764580018,746.76,44.64,FALSE,NA,4b25ea_2025-12-01 09:45:58,2025-12-01,2025-12-01
4b25ea,6.5231,46.6837,1764580198,1021.08,54.2,FALSE,NA,4b25ea_2025-12-01 09:45:58,2025-12-01,2025-12-01
4b25ea,6.4902,46.6016,1764580378,845.82,47.33,FALSE,NA,4b25ea_2025-12-01 09:45:58,2025-12-01,2025-12-01
4b25ea,6.4685,46.6214,1764580558,1089.66,54.5,FALSE,NA,4b25ea_2025-12-01 09:45:58,2025-12-01,2025-12-01
4b25ea,6.4626,46.5682,1764580738,655.32,32.61,FALSE,NA,4b25ea_2025-12-01 09:45:58,2025-12-01,2025-12-01
4b25ea,6.511,46.6004,1764580918,1005.84,53.3,FALSE,NA,4b25ea_2025-12-01 09:45:58,2025-12-01,2025-12-01
4b25ea,6.4943,46.5122,1764581098,982.98,55.91,FALSE,NA,4b25ea_2025-12-01 09:45:58,2025-12-01,2025-12-01
4b25ea,6.5761,46.4806,1764581278,1066.8,48.9,FALSE,NA,4b25ea_2025-12-01 09:45:58,2025-12-01,2025-12-01
4b25ea,6.6152,46.531,1764581458,769.62,35.17,FALSE,NA,4b25ea_2025-12-01 09:45:58,2025-12-01,2025-12-01
4b25ea,6.6173,46.5462,1764581638,NA,8.81,FALSE,NA,4b25ea_2025-12-01 09:45:58,2025-12-01,2025-12-01
4b25ea,6.6168,46.5413,1764581818,NA,8.81,FALSE,NA,4b25ea_2025-12-01 09:45:58,2025-12-01,2025-12-01
4b25ea,6.5799,46.5363,1764581998,876.3,46.86,FALSE,NA,4b25ea_2025-12-01 09:45:58,2025-12-01,2025-12-01
4b1bdd,6.6173,46.5492,1764578838,723.9,35.36,FALSE,NA,4b1bdd_2025-12-01 09:47:18,2025-12-01,2025-12-01
4b1bdd,6.6119,46.5222,1764579018,868.68,36.68,FALSE,NA,4b1bdd_2025-12-01 09:47:18,2025-12-01,2025-12-01
4b1bdd,6.6169,46.5414,1764579198,NA,29.36,FALSE,NA,4b1bdd_2025-12-01 09:47:18,2025-12-01,2025-12-01
4b1bdd,6.5897,46.5565,1764579378,944.88,49.23,FALSE,NA,4b1bdd_2025-12-01 09:47:18,2025-12-01,2025-12-01
4b1bdd,6.616,46.5386,1764579558,685.8,31.96,FALSE,NA,4b1bdd_2025-12-01 09:47:18,2025-12-01,2025-12-01
4b1bdd,6.6168,46.541,1764579738,NA,NA,FALSE,NA,4b1bdd_2025-12-01 09:47:18,2025-12-01,2025-12-01
4b1bdd,6.6092,46.5932,1764579918,975.36,48.61,FALSE,NA,4b1bdd_2025-12-01 09:47:18,2025-12-01,2025-12-01
4b1bdd,6.498,46.574,1764580098,1097.28,59.59,FALSE,NA,4b1bdd_2025-12-01 09:47:18,2025-12-01,2025-12-01
4b1bdd,6.5137,46.4971,1764580278,1097.28,50.25,FALSE,NA,4b1bdd_2025-12-01 09:47:18,2025-12-01,2025-12-01
4b1bdd,6.6124,46.5005,1764580458,1051.56,40.21,FALSE,NA,4b1bdd_2025-12-01 09:47:18,2025-12-01,2025-12-01
4b447c,8.2025,47.1878,1764583049,792.48,27.4,FALSE,NA,4b447c_2025-12-01 10:57:29,2025-12-01,2025-12-01
4b447c,8.0647,47.1692,1764583229,952.5,74.56,FALSE,NA,4b447c_2025-12-01 10:57:29,2025-12-01,2025-12-01
4b447c,7.8841,47.1844,1764583409,960.12,77.9,FALSE,NA,4b447c_2025-12-01 10:57:29,2025-12-01,2025-12-01
4b447c,7.7086,47.1443,1764583589,929.64,81.1,FALSE,NA,4b447c_2025-12-01 10:57:29,2025-12-01,2025-12-01
4b447c,7.5475,47.0809,1764583769,876.3,77.47,FALSE,NA,4b447c_2025-12-01 10:57:29,2025-12-01,2025-12-01
4b447c,7.4155,47.0024,1764583949,876.3,74.55,FALSE,NA,4b447c_2025-12-01 10:57:29,2025-12-01,2025-12-01
4b447c,7.2717,46.9342,1764584129,929.64,75.05,FALSE,NA,4b447c_2025-12-01 10:57:29,2025-12-01,2025-12-01
4b447c,7.1202,46.8719,1764584309,922.02,75.7,FALSE,NA,4b447c_2025-12-01 10:57:29,2025-12-01,2025-12-01
4b447c,6.9745,46.8027,1764584489,922.02,75.73,FALSE,NA,4b447c_2025-12-01 10:57:29,2025-12-01,2025-12-01
4b447c,6.8484,46.7181,1764584669,967.74,76.28,FALSE,NA,4b447c_2025-12-01 10:57:29,2025-12-01,2025-12-01
4b447c,6.7015,46.6522,1764584849,1028.7,76.17,FALSE,NA,4b447c_2025-12-01 10:57:29,2025-12-01,2025-12-01
4b447c,6.574,46.567,1764585029,975.36,75.69,FALSE,NA,4b447c_2025-12-01 10:57:29,2025-12-01,2025-12-01
4b447c,6.617,46.5045,1764585209,891.54,59.78,FALSE,NA,4b447c_2025-12-01 10:57:29,2025-12-01,2025-12-01
4b1bdd,6.6167,46.5455,1764585532,NA,NA,FALSE,NA,4b1bdd_2025-12-01 11:38:52,2025-12-01,2025-12-01
4b1bdd,6.6106,46.5225,1764585712,830.58,34.29,FALSE,NA,4b1bdd_2025-12-01 11:38:52,2025-12-01,2025-12-01
4b1bdd,6.5831,46.5462,1764585892,876.3,53.56,FALSE,NA,4b1bdd_2025-12-01 11:38:52,2025-12-01,2025-12-01
4b1bdd,6.6171,46.5511,1764586072,746.76,33.58,FALSE,NA,4b1bdd_2025-12-01 11:38:52,2025-12-01,2025-12-01
4b1bdd,6.6148,46.528,1764586252,807.72,35.94,FALSE,NA,4b1bdd_2025-12-01 11:38:52,2025-12-01,2025-12-01
4b28b1,NA,NA,1764587207,518.16,39.79,FALSE,NA,4b28b1_2025-12-01 12:06:47,2025-12-01,2025-12-01
4b28b1,6.8718,46.916,1764587387,929.64,61.86,FALSE,NA,4b28b1_2025-12-01 12:06:47,2025-12-01,2025-12-01
4b28b1,6.7586,46.8545,1764587567,937.26,62.67,FALSE,NA,4b28b1_2025-12-01 12:06:47,2025-12-01,2025-12-01
4b28b1,6.6724,46.7764,1764587747,937.26,60.97,FALSE,NA,4b28b1_2025-12-01 12:06:47,2025-12-01,2025-12-01
4b28b1,6.6078,46.688,1764587927,937.26,61.66,FALSE,NA,4b28b1_2025-12-01 12:06:47,2025-12-01,2025-12-01
4b28b1,6.5451,46.6019,1764588107,1021.08,60.05,FALSE,NA,4b28b1_2025-12-01 12:06:47,2025-12-01,2025-12-01
4b28b1,6.4823,46.5156,1764588287,1021.08,60.97,FALSE,NA,4b28b1_2025-12-01 12:06:47,2025-12-01,2025-12-01
4b28b1,6.5444,46.4849,1764588467,1036.32,48.79,FALSE,NA,4b28b1_2025-12-01 12:06:47,2025-12-01,2025-12-01
4b28b1,6.6144,46.5222,1764588647,876.3,36.54,FALSE,NA,4b28b1_2025-12-01 12:06:47,2025-12-01,2025-12-01
4b25ea,6.6165,46.5432,1764592212,NA,26.28,FALSE,NA,4b25ea_2025-12-01 13:30:12,2025-12-01,2025-12-01
4b25ea,6.6144,46.6063,1764592392,1150.62,47.53,FALSE,NA,4b25ea_2025-12-01 13:30:12,2025-12-01,2025-12-01
4b25ea,6.6856,46.6241,1764592572,1165.86,45.8,FALSE,NA,4b25ea_2025-12-01 13:30:12,2025-12-01,2025-12-01
4b25ea,6.797,46.6193,1764592752,1074.42,48.64,FALSE,NA,4b25ea_2025-12-01 13:30:12,2025-12-01,2025-12-01
4b25ea,6.8036,46.6339,1764592932,1089.66,51.53,FALSE,NA,4b25ea_2025-12-01 13:30:12,2025-12-01,2025-12-01
4b25ea,6.8331,46.5716,1764593112,1097.28,52.58,FALSE,NA,4b25ea_2025-12-01 13:30:12,2025-12-01,2025-12-01
4b25ea,6.9336,46.5904,1764593292,1104.9,52.76,FALSE,NA,4b25ea_2025-12-01 13:30:12,2025-12-01,2025-12-01
4b25ea,6.8715,46.5884,1764593472,1234.44,53.84,FALSE,NA,4b25ea_2025-12-01 13:30:12,2025-12-01,2025-12-01
4b25ea,6.8163,46.6614,1764593652,1059.18,55.05,FALSE,NA,4b25ea_2025-12-01 13:30:12,2025-12-01,2025-12-01
4b25ea,6.7909,46.6473,1764593832,1059.18,52.84,FALSE,NA,4b25ea_2025-12-01 13:30:12,2025-12-01,2025-12-01
4b25ea,6.6701,46.6463,1764594012,1242.06,54.57,FALSE,NA,4b25ea_2025-12-01 13:30:12,2025-12-01,2025-12-01
4b25ea,6.5766,46.6854,1764594192,1013.46,49.39,FALSE,NA,4b25ea_2025-12-01 13:30:12,2025-12-01,2025-12-01
4b25ea,6.6319,46.7609,1764594372,1028.7,53.92,FALSE,NA,4b25ea_2025-12-01 13:30:12,2025-12-01,2025-12-01
4b25ea,6.7047,46.828,1764594552,960.12,51.35,FALSE,NA,4b25ea_2025-12-01 13:30:12,2025-12-01,2025-12-01
4b25ea,6.796,46.8841,1764594732,937.26,52.39,FALSE,NA,4b25ea_2025-12-01 13:30:12,2025-12-01,2025-12-01
4b25ea,6.8978,46.9303,1764594912,876.3,50.94,FALSE,NA,4b25ea_2025-12-01 13:30:12,2025-12-01,2025-12-01
4b25ea,6.9866,46.9859,1764595092,906.78,50.06,FALSE,NA,4b25ea_2025-12-01 13:30:12,2025-12-01,2025-12-01
4b25ea,7.0905,47.0158,1764595272,975.36,50.46,FALSE,NA,4b25ea_2025-12-01 13:30:12,2025-12-01,2025-12-01
4b25ea,7.1838,46.9667,1764595452,937.26,51.37,FALSE,NA,4b25ea_2025-12-01 13:30:12,2025-12-01,2025-12-01
4b25ea,7.1236,47.0023,1764595632,960.12,54.35,FALSE,NA,4b25ea_2025-12-01 13:30:12,2025-12-01,2025-12-01
4b25ea,7.0085,46.988,1764595812,853.44,56.94,FALSE,NA,4b25ea_2025-12-01 13:30:12,2025-12-01,2025-12-01
4b25ea,6.9069,46.9331,1764595992,899.16,54.26,FALSE,NA,4b25ea_2025-12-01 13:30:12,2025-12-01,2025-12-01
4b25ea,6.8099,46.8737,1764596172,922.02,55.26,FALSE,NA,4b25ea_2025-12-01 13:30:12,2025-12-01,2025-12-01
4b25ea,6.7021,46.8224,1764596352,944.88,54.12,FALSE,NA,4b25ea_2025-12-01 13:30:12,2025-12-01,2025-12-01
4b25ea,6.6251,46.7548,1764596532,1013.46,55.45,FALSE,NA,4b25ea_2025-12-01 13:30:12,2025-12-01,2025-12-01
4b25ea,6.552,46.6975,1764596712,1318.26,42.95,FALSE,NA,4b25ea_2025-12-01 13:30:12,2025-12-01,2025-12-01
4b25ea,6.5823,46.6729,1764596892,1714.5,48.09,FALSE,NA,4b25ea_2025-12-01 13:30:12,2025-12-01,2025-12-01
4b25ea,6.5874,46.6882,1764597072,1722.12,54.65,FALSE,NA,4b25ea_2025-12-01 13:30:12,2025-12-01,2025-12-01
4b25ea,6.5636,46.7033,1764597252,1188.72,50.17,FALSE,NA,4b25ea_2025-12-01 13:30:12,2025-12-01,2025-12-01
4b25ea,6.515,46.6292,1764597432,1196.34,51.57,FALSE,NA,4b25ea_2025-12-01 13:30:12,2025-12-01,2025-12-01
4b25ea,6.5084,46.5798,1764597612,1203.96,51.44,FALSE,NA,4b25ea_2025-12-01 13:30:12,2025-12-01,2025-12-01
4b25ea,6.561,46.511,1764597792,1059.18,51.37,FALSE,NA,4b25ea_2025-12-01 13:30:12,2025-12-01,2025-12-01
4b25ea,6.6163,46.5418,1764597972,670.56,34.05,FALSE,NA,4b25ea_2025-12-01 13:30:12,2025-12-01,2025-12-01
4b25ea,6.6168,46.5415,1764598152,NA,6.92,FALSE,NA,4b25ea_2025-12-01 13:30:12,2025-12-01,2025-12-01
4b25ea,6.6166,46.5412,1764598332,NA,6.92,FALSE,NA,4b25ea_2025-12-01 13:30:12,2025-12-01,2025-12-01
4b25ea,6.5834,46.5342,1764598512,883.92,46.3,FALSE,NA,4b25ea_2025-12-01 13:30:12,2025-12-01,2025-12-01
4b1bdd,6.6167,46.5458,1764595161,NA,NA,FALSE,NA,4b1bdd_2025-12-01 14:19:21,2025-12-01,2025-12-01
4b1bdd,6.5146,46.562,1764595341,1059.18,58.93,FALSE,NA,4b1bdd_2025-12-01 14:19:21,2025-12-01,2025-12-01
4b1bdd,6.4769,46.5814,1764595521,822.96,39.56,FALSE,NA,4b1bdd_2025-12-01 14:19:21,2025-12-01,2025-12-01
4b1bdd,6.473,46.5623,1764595701,1097.28,56.39,FALSE,NA,4b1bdd_2025-12-01 14:19:21,2025-12-01,2025-12-01
4b1bdd,6.5556,46.5065,1764595881,1043.94,46.97,FALSE,NA,4b1bdd_2025-12-01 14:19:21,2025-12-01,2025-12-01
4b1bdd,6.6153,46.531,1764596061,777.24,32.99,FALSE,NA,4b1bdd_2025-12-01 14:19:21,2025-12-01,2025-12-01
4b1bdd,6.5822,46.5379,1764596241,861.06,39.51,FALSE,NA,4b1bdd_2025-12-01 14:19:21,2025-12-01,2025-12-01
4b1bdd,6.6175,46.5489,1764596421,NA,35.56,FALSE,NA,4b1bdd_2025-12-01 14:19:21,2025-12-01,2025-12-01
4b1bdd,6.6169,46.5414,1764596601,NA,35.56,FALSE,NA,4b1bdd_2025-12-01 14:19:21,2025-12-01,2025-12-01
4b1bdd,6.5824,46.5509,1764596781,853.44,48.94,FALSE,NA,4b1bdd_2025-12-01 14:19:21,2025-12-01,2025-12-01
4b1bdd,6.612,46.555,1764596961,792.48,45.89,FALSE,NA,4b1bdd_2025-12-01 14:19:21,2025-12-01,2025-12-01
4b1bdd,6.6154,46.5335,1764597141,769.62,39.56,FALSE,NA,4b1bdd_2025-12-01 14:19:21,2025-12-01,2025-12-01
4b1bdd,6.5836,46.5344,1764597321,838.2,39.16,FALSE,NA,4b1bdd_2025-12-01 14:19:21,2025-12-01,2025-12-01
4b1bdd,6.5978,46.5565,1764597501,838.2,43.14,FALSE,NA,4b1bdd_2025-12-01 14:19:21,2025-12-01,2025-12-01
4b1bdd,6.6155,46.5325,1764597681,739.14,36.66,FALSE,NA,4b1bdd_2025-12-01 14:19:21,2025-12-01,2025-12-01
4b1bdd,6.6168,46.5418,1764597861,NA,30.94,FALSE,NA,4b1bdd_2025-12-01 14:19:21,2025-12-01,2025-12-01
4b1bdd,6.6167,46.5453,1764598041,NA,30.94,FALSE,NA,4b1bdd_2025-12-01 14:19:21,2025-12-01,2025-12-01
4b1bdd,6.6008,46.5239,1764598221,861.06,37.4,FALSE,NA,4b1bdd_2025-12-01 14:19:21,2025-12-01,2025-12-01
4b1af2,6.6167,46.5454,1764597678,670.56,36.58,FALSE,NA,4b1af2_2025-12-01 15:01:18,2025-12-01,2025-12-01
4b1af2,6.5844,46.6116,1764597858,1211.58,58.49,FALSE,NA,4b1af2_2025-12-01 15:01:18,2025-12-01,2025-12-01
4b1af2,6.5086,46.604,1764598038,1310.64,52.08,FALSE,NA,4b1af2_2025-12-01 15:01:18,2025-12-01,2025-12-01
4b1af2,6.5027,46.5187,1764598218,1234.44,50.95,FALSE,NA,4b1af2_2025-12-01 15:01:18,2025-12-01,2025-12-01
4b1af2,6.5808,46.4759,1764598398,1234.44,55.68,FALSE,NA,4b1af2_2025-12-01 15:01:18,2025-12-01,2025-12-01
4b1af2,6.7111,46.4701,1764598578,1173.48,56.92,FALSE,NA,4b1af2_2025-12-01 15:01:18,2025-12-01,2025-12-01
4b1af2,6.8025,46.4507,1764598758,1089.66,55.41,FALSE,NA,4b1af2_2025-12-01 15:01:18,2025-12-01,2025-12-01
4b1af2,6.6803,46.471,1764598938,1135.38,53.92,FALSE,NA,4b1af2_2025-12-01 15:01:18,2025-12-01,2025-12-01
4b1af2,6.6138,46.5138,1764599118,853.44,39.13,FALSE,NA,4b1af2_2025-12-01 15:01:18,2025-12-01,2025-12-01
4d2016,0.0315,51.3295,1764664494,281.94,49.94,FALSE,NA,4d2016_2025-12-02 09:34:54,2025-12-02,2025-12-02
4d2016,0.1144,51.3268,1764664674,960.12,120.04,FALSE,NA,4d2016_2025-12-02 09:34:54,2025-12-02,2025-12-02
4d2016,0.4097,51.2835,1764664854,1607.82,117.3,FALSE,NA,4d2016_2025-12-02 09:34:54,2025-12-02,2025-12-02
4d2016,0.6788,51.2123,1764665034,2933.7,114.03,FALSE,NA,4d2016_2025-12-02 09:34:54,2025-12-02,2025-12-02
4d2016,0.9802,51.182,1764665214,4373.88,118.57,FALSE,NA,4d2016_2025-12-02 09:34:54,2025-12-02,2025-12-02
4d2016,1.2663,51.1689,1764665394,5951.22,108.99,FALSE,NA,4d2016_2025-12-02 09:34:54,2025-12-02,2025-12-02
4d2016,1.6054,51.1519,1764665574,6301.74,152.22,FALSE,NA,4d2016_2025-12-02 09:34:54,2025-12-02,2025-12-02
4d2016,2.0019,51.1315,1764665754,6316.98,155.42,FALSE,NA,4d2016_2025-12-02 09:34:54,2025-12-02,2025-12-02
4d2016,2.402,51.1092,1764665934,6332.22,156.54,FALSE,NA,4d2016_2025-12-02 09:34:54,2025-12-02,2025-12-02
4d2016,2.765,51.0454,1764666114,6339.84,139.26,FALSE,NA,4d2016_2025-12-02 09:34:54,2025-12-02,2025-12-02
4d2016,3.0573,50.9184,1764666294,6347.46,137.43,FALSE,NA,4d2016_2025-12-02 09:34:54,2025-12-02,2025-12-02
4d2016,3.345,50.7917,1764666474,6362.7,136.72,FALSE,NA,4d2016_2025-12-02 09:34:54,2025-12-02,2025-12-02
4d2016,3.6284,50.6656,1764666654,6370.32,134.44,FALSE,NA,4d2016_2025-12-02 09:34:54,2025-12-02,2025-12-02
4d2016,3.8282,50.5155,1764666834,6377.94,117.22,FALSE,NA,4d2016_2025-12-02 09:34:54,2025-12-02,2025-12-02
4d2016,3.865,50.3259,1764667014,6385.56,118.62,FALSE,NA,4d2016_2025-12-02 09:34:54,2025-12-02,2025-12-02
4d2016,3.8992,50.1366,1764667194,6393.18,118.11,FALSE,NA,4d2016_2025-12-02 09:34:54,2025-12-02,2025-12-02
4d2016,3.9336,49.9451,1764667374,6393.18,119.65,FALSE,NA,4d2016_2025-12-02 09:34:54,2025-12-02,2025-12-02
4d2016,3.9677,49.7536,1764667554,6400.8,118.56,FALSE,NA,4d2016_2025-12-02 09:34:54,2025-12-02,2025-12-02
4d2016,4.0013,49.5637,1764667734,6400.8,118.05,FALSE,NA,4d2016_2025-12-02 09:34:54,2025-12-02,2025-12-02
4d2016,4.035,49.3707,1764667914,6408.42,120.61,FALSE,NA,4d2016_2025-12-02 09:34:54,2025-12-02,2025-12-02
4d2016,4.0476,49.1772,1764668094,6408.42,120.91,FALSE,NA,4d2016_2025-12-02 09:34:54,2025-12-02,2025-12-02
4d2016,4.0532,48.9814,1764668274,6416.04,119.37,FALSE,NA,4d2016_2025-12-02 09:34:54,2025-12-02,2025-12-02
4d2016,4.0785,48.7888,1764668454,6416.04,127.05,FALSE,NA,4d2016_2025-12-02 09:34:54,2025-12-02,2025-12-02
4d2016,4.2087,48.5996,1764668634,6423.66,128.92,FALSE,NA,4d2016_2025-12-02 09:34:54,2025-12-02,2025-12-02
4d2016,4.339,48.4097,1764668814,6431.28,129.39,FALSE,NA,4d2016_2025-12-02 09:34:54,2025-12-02,2025-12-02
4d2016,4.4693,48.2178,1764668994,6431.28,131.01,FALSE,NA,4d2016_2025-12-02 09:34:54,2025-12-02,2025-12-02
4d2016,4.5992,48.025,1764669174,6111.24,132.16,FALSE,NA,4d2016_2025-12-02 09:34:54,2025-12-02,2025-12-02
4d2016,4.7294,47.83,1764669354,5829.3,132.41,FALSE,NA,4d2016_2025-12-02 09:34:54,2025-12-02,2025-12-02
4d2016,4.8831,47.6398,1764669534,5836.92,134.99,FALSE,NA,4d2016_2025-12-02 09:34:54,2025-12-02,2025-12-02
4d2016,5.052,47.4519,1764669714,5836.92,137.71,FALSE,NA,4d2016_2025-12-02 09:34:54,2025-12-02,2025-12-02
4d2016,5.2741,47.2978,1764669894,5836.92,130.6,FALSE,NA,4d2016_2025-12-02 09:34:54,2025-12-02,2025-12-02
4d2016,5.5006,47.1407,1764670074,5844.54,140.78,FALSE,NA,4d2016_2025-12-02 09:34:54,2025-12-02,2025-12-02
4d2016,5.7277,46.9821,1764670254,5844.54,132.79,FALSE,NA,4d2016_2025-12-02 09:34:54,2025-12-02,2025-12-02
4d2016,5.9453,46.8282,1764670434,5745.48,137.16,FALSE,NA,4d2016_2025-12-02 09:34:54,2025-12-02,2025-12-02
4d2016,6.1751,46.6769,1764670614,4099.56,124.84,FALSE,NA,4d2016_2025-12-02 09:34:54,2025-12-02,2025-12-02
4d2016,6.4134,46.604,1764670794,2270.76,105.93,FALSE,NA,4d2016_2025-12-02 09:34:54,2025-12-02,2025-12-02
4d2016,6.5737,46.5257,1764670974,1135.38,62.72,FALSE,NA,4d2016_2025-12-02 09:34:54,2025-12-02,2025-12-02
4b1af2,6.6167,46.5454,1764673790,662.94,37.13,FALSE,NA,4b1af2_2025-12-02 12:09:50,2025-12-02,2025-12-02
4b1af2,6.642,46.6068,1764673970,1341.12,58.18,FALSE,NA,4b1af2_2025-12-02 12:09:50,2025-12-02,2025-12-02
4b1af2,6.7708,46.6381,1764674150,1402.08,58.25,FALSE,NA,4b1af2_2025-12-02 12:09:50,2025-12-02,2025-12-02
4b1af2,6.9099,46.6701,1764674330,1463.04,66.87,FALSE,NA,4b1af2_2025-12-02 12:09:50,2025-12-02,2025-12-02
4b1af2,7.0087,46.6454,1764674510,1417.32,58.25,FALSE,NA,4b1af2_2025-12-02 12:09:50,2025-12-02,2025-12-02
4b1af2,6.9475,46.5779,1764674690,1737.36,52.39,FALSE,NA,4b1af2_2025-12-02 12:09:50,2025-12-02,2025-12-02
4b1af2,6.9316,46.4935,1764674870,1684.02,53.47,FALSE,NA,4b1af2_2025-12-02 12:09:50,2025-12-02,2025-12-02
4b1af2,6.813,46.4765,1764675050,1424.94,63.26,FALSE,NA,4b1af2_2025-12-02 12:09:50,2025-12-02,2025-12-02
4b1af2,6.6812,46.5054,1764675230,1112.52,57.03,FALSE,NA,4b1af2_2025-12-02 12:09:50,2025-12-02,2025-12-02
4b1af2,6.6518,46.5482,1764675410,1112.52,59.25,FALSE,NA,4b1af2_2025-12-02 12:09:50,2025-12-02,2025-12-02
4b1af2,6.6138,46.5264,1764675590,800.1,43.84,FALSE,NA,4b1af2_2025-12-02 12:09:50,2025-12-02,2025-12-02
460f46,13.1754,52.2052,1764679759,243.84,57.11,FALSE,NA,460f46_2025-12-02 13:49:19,2025-12-02,2025-12-02
460f46,13.2401,52.1231,1764679939,1066.8,88.29,FALSE,NA,460f46_2025-12-02 13:49:19,2025-12-02,2025-12-02
460f46,13.1274,51.9982,1764680119,2705.1,89.82,FALSE,NA,460f46_2025-12-02 13:49:19,2025-12-02,2025-12-02
460f46,12.9967,51.8659,1764680299,3992.88,100.94,FALSE,NA,460f46_2025-12-02 13:49:19,2025-12-02,2025-12-02
460f46,12.8554,51.7215,1764680479,5166.36,106.14,FALSE,NA,460f46_2025-12-02 13:49:19,2025-12-02,2025-12-02
460f46,12.7063,51.5685,1764680659,6065.52,115.4,FALSE,NA,460f46_2025-12-02 13:49:19,2025-12-02,2025-12-02
460f46,12.554,51.4106,1764680839,7010.4,113.99,FALSE,NA,460f46_2025-12-02 13:49:19,2025-12-02,2025-12-02
460f46,12.3996,51.2493,1764681019,7795.26,116.55,FALSE,NA,460f46_2025-12-02 13:49:19,2025-12-02,2025-12-02
460f46,12.2324,51.0729,1764681199,7993.38,115.84,FALSE,NA,460f46_2025-12-02 13:49:19,2025-12-02,2025-12-02
460f46,12.0267,50.8862,1764681379,7993.38,142.94,FALSE,NA,460f46_2025-12-02 13:49:19,2025-12-02,2025-12-02
460f46,11.7956,50.7072,1764681559,7993.38,143.34,FALSE,NA,460f46_2025-12-02 13:49:19,2025-12-02,2025-12-02
460f46,11.5663,50.5279,1764681739,7993.38,142.61,FALSE,NA,460f46_2025-12-02 13:49:19,2025-12-02,2025-12-02
460f46,11.3391,50.3484,1764681919,7993.38,142.69,FALSE,NA,460f46_2025-12-02 13:49:19,2025-12-02,2025-12-02
460f46,11.1143,50.1691,1764682099,7993.38,142.77,FALSE,NA,460f46_2025-12-02 13:49:19,2025-12-02,2025-12-02
460f46,10.8907,49.9888,1764682279,7993.38,143.49,FALSE,NA,460f46_2025-12-02 13:49:19,2025-12-02,2025-12-02
460f46,10.6674,49.807,1764682459,7993.38,142.85,FALSE,NA,460f46_2025-12-02 13:49:19,2025-12-02,2025-12-02
460f46,10.4474,49.6262,1764682639,7993.38,142.53,FALSE,NA,460f46_2025-12-02 13:49:19,2025-12-02,2025-12-02
460f46,10.2242,49.4469,1764682819,7993.38,142.96,FALSE,NA,460f46_2025-12-02 13:49:19,2025-12-02,2025-12-02
460f46,9.9923,49.2718,1764682999,7993.38,143.35,FALSE,NA,460f46_2025-12-02 13:49:19,2025-12-02,2025-12-02
460f46,9.7627,49.0964,1764683179,7993.38,143.01,FALSE,NA,460f46_2025-12-02 13:49:19,2025-12-02,2025-12-02
460f46,9.5345,48.9204,1764683359,7993.38,143.07,FALSE,NA,460f46_2025-12-02 13:49:19,2025-12-02,2025-12-02
460f46,9.3074,48.7436,1764683539,7482.84,144.98,FALSE,NA,460f46_2025-12-02 13:49:19,2025-12-02,2025-12-02
460f46,9.081,48.5658,1764683719,7078.98,142.01,FALSE,NA,460f46_2025-12-02 13:49:19,2025-12-02,2025-12-02
460f46,8.8593,48.3898,1764683899,7078.98,141.68,FALSE,NA,460f46_2025-12-02 13:49:19,2025-12-02,2025-12-02
460f46,8.6402,48.2143,1764684079,7078.98,141.02,FALSE,NA,460f46_2025-12-02 13:49:19,2025-12-02,2025-12-02
460f46,8.4227,48.0386,1764684259,7078.98,141.42,FALSE,NA,460f46_2025-12-02 13:49:19,2025-12-02,2025-12-02
460f46,8.2064,47.8621,1764684439,7071.36,141.82,FALSE,NA,460f46_2025-12-02 13:49:19,2025-12-02,2025-12-02
460f46,7.9919,47.6856,1764684619,7071.36,140.77,FALSE,NA,460f46_2025-12-02 13:49:19,2025-12-02,2025-12-02
460f46,7.7794,47.509,1764684799,7071.36,141.17,FALSE,NA,460f46_2025-12-02 13:49:19,2025-12-02,2025-12-02
460f46,7.5661,47.3302,1764684979,6583.68,143.74,FALSE,NA,460f46_2025-12-02 13:49:19,2025-12-02,2025-12-02
460f46,7.3288,47.166,1764685159,5478.78,146.15,FALSE,NA,460f46_2025-12-02 13:49:19,2025-12-02,2025-12-02
460f46,7.0746,47.0135,1764685339,5006.34,144.7,FALSE,NA,460f46_2025-12-02 13:49:19,2025-12-02,2025-12-02
460f46,6.8681,46.8479,1764685519,3406.14,126.68,FALSE,NA,460f46_2025-12-02 13:49:19,2025-12-02,2025-12-02
460f46,6.7608,46.6578,1764685699,2583.18,122.48,FALSE,NA,460f46_2025-12-02 13:49:19,2025-12-02,2025-12-02
460f46,6.6627,46.4839,1764685879,1112.52,98.22,FALSE,NA,460f46_2025-12-02 13:49:19,2025-12-02,2025-12-02
4b1af2,6.6165,46.5434,1764679980,NA,NA,FALSE,NA,4b1af2_2025-12-02 13:53:00,2025-12-02,2025-12-02
4b1af2,6.6144,46.5268,1764680160,807.72,34.53,FALSE,NA,4b1af2_2025-12-02 13:53:00,2025-12-02,2025-12-02
4b1af2,6.5849,46.5373,1764680340,861.06,48.55,FALSE,NA,4b1af2_2025-12-02 13:53:00,2025-12-02,2025-12-02
4b1af2,6.6042,46.5564,1764680520,876.3,45.51,FALSE,NA,4b1af2_2025-12-02 13:53:00,2025-12-02,2025-12-02
4b1af2,6.6164,46.5421,1764680700,662.94,30.94,FALSE,NA,4b1af2_2025-12-02 13:53:00,2025-12-02,2025-12-02
4b2841,NA,NA,1764683121,NA,NA,FALSE,NA,4b2841_2025-12-02 14:45:21,2025-12-02,2025-12-02
4b2841,7.1107,46.7534,1764683301,975.36,45.34,FALSE,NA,4b2841_2025-12-02 14:45:21,2025-12-02,2025-12-02
4b2841,7.0168,46.7419,1764683481,1196.34,52.1,FALSE,NA,4b2841_2025-12-02 14:45:21,2025-12-02,2025-12-02
4b2841,6.8825,46.6951,1764683661,1249.68,67.92,FALSE,NA,4b2841_2025-12-02 14:45:21,2025-12-02,2025-12-02
4b2841,6.7531,46.6367,1764683841,1249.68,67.5,FALSE,NA,4b2841_2025-12-02 14:45:21,2025-12-02,2025-12-02
4b2841,6.7205,46.5323,1764684021,1280.16,70.85,FALSE,NA,4b2841_2025-12-02 14:45:21,2025-12-02,2025-12-02
4b2841,6.6125,46.4885,1764684201,1066.8,67.19,FALSE,NA,4b2841_2025-12-02 14:45:21,2025-12-02,2025-12-02
4b2841,6.6171,46.5442,1764684381,655.32,8.76,FALSE,NA,4b2841_2025-12-02 14:45:21,2025-12-02,2025-12-02
4b25ea,6.6167,46.5452,1764686957,662.94,33.5,FALSE,NA,4b25ea_2025-12-02 15:49:17,2025-12-02,2025-12-02
4b25ea,6.5987,46.5222,1764687137,876.3,52.17,FALSE,NA,4b25ea_2025-12-02 15:49:17,2025-12-02,2025-12-02
4b25ea,6.6169,46.543,1764687317,NA,10.34,FALSE,NA,4b25ea_2025-12-02 15:49:17,2025-12-02,2025-12-02
4b25ea,6.5829,46.5521,1764687497,891.54,45.56,FALSE,NA,4b25ea_2025-12-02 15:49:17,2025-12-02,2025-12-02
4b25ea,6.6164,46.5432,1764687677,662.94,26.8,FALSE,NA,4b25ea_2025-12-02 15:49:17,2025-12-02,2025-12-02
4b25ea,6.6168,46.541,1764687857,NA,11.33,FALSE,NA,4b25ea_2025-12-02 15:49:17,2025-12-02,2025-12-02
4b25ea,6.5807,46.5369,1764688037,876.3,48.58,FALSE,NA,4b25ea_2025-12-02 15:49:17,2025-12-02,2025-12-02
4b3303,NA,NA,1764707465,NA,46.01,FALSE,NA,4b3303_2025-12-02 21:31:05,2025-12-02,2025-12-02
4b3303,6.7926,46.9983,1764707645,1607.82,60.04,FALSE,NA,4b3303_2025-12-02 21:31:05,2025-12-02,2025-12-02
4b3303,6.7613,46.9013,1764707825,1424.94,66.4,FALSE,NA,4b3303_2025-12-02 21:31:05,2025-12-02,2025-12-02
4b3303,6.7292,46.8018,1764708005,1402.08,62.66,FALSE,NA,4b3303_2025-12-02 21:31:05,2025-12-02,2025-12-02
4b3303,6.696,46.698,1764708185,1249.68,65.29,FALSE,NA,4b3303_2025-12-02 21:31:05,2025-12-02,2025-12-02
4b3303,6.6633,46.5958,1764708365,1196.34,66.9,FALSE,NA,4b3303_2025-12-02 21:31:05,2025-12-02,2025-12-02
4b3302,NA,NA,1764727072,NA,23.12,FALSE,NA,4b3302_2025-12-03 02:57:52,2025-12-03,2025-12-03
4b3302,6.2186,46.2623,1764727252,807.72,58.28,FALSE,NA,4b3302_2025-12-03 02:57:52,2025-12-03,2025-12-03
4b3302,6.3213,46.3266,1764727432,800.1,59.04,FALSE,NA,4b3302_2025-12-03 02:57:52,2025-12-03,2025-12-03
4b3302,6.4262,46.3916,1764727612,792.48,61.95,FALSE,NA,4b3302_2025-12-03 02:57:52,2025-12-03,2025-12-03
4b3302,6.5345,46.4588,1764727792,792.48,61.56,FALSE,NA,4b3302_2025-12-03 02:57:52,2025-12-03,2025-12-03
4b3302,6.6379,46.5207,1764727972,716.28,35.24,FALSE,NA,4b3302_2025-12-03 02:57:52,2025-12-03,2025-12-03
4b28b1,NA,NA,1764766631,NA,41.11,FALSE,NA,4b28b1_2025-12-03 13:57:11,2025-12-03,2025-12-03
4b28b1,6.6958,47.0261,1764766811,1950.72,41.91,FALSE,NA,4b28b1_2025-12-03 13:57:11,2025-12-03,2025-12-03
4b28b1,6.6357,46.9707,1764766991,2446.02,43.77,FALSE,NA,4b28b1_2025-12-03 13:57:11,2025-12-03,2025-12-03
4b28b1,6.5843,46.9052,1764767171,2743.2,48.75,FALSE,NA,4b28b1_2025-12-03 13:57:11,2025-12-03,2025-12-03
4b28b1,6.5576,46.8201,1764767351,2735.58,54.18,FALSE,NA,4b28b1_2025-12-03 13:57:11,2025-12-03,2025-12-03
4b28b1,6.5307,46.7337,1764767531,2461.26,51.17,FALSE,NA,4b28b1_2025-12-03 13:57:11,2025-12-03,2025-12-03
4b28b1,6.5052,46.6526,1764767711,2148.84,48.33,FALSE,NA,4b28b1_2025-12-03 13:57:11,2025-12-03,2025-12-03
4b28b1,6.4811,46.5747,1764767891,2148.84,48.43,FALSE,NA,4b28b1_2025-12-03 13:57:11,2025-12-03,2025-12-03
4b28b1,6.4547,46.4862,1764768071,1409.7,60.42,FALSE,NA,4b28b1_2025-12-03 13:57:11,2025-12-03,2025-12-03
4b28b1,6.5592,46.4255,1764768251,914.4,54.08,FALSE,NA,4b28b1_2025-12-03 13:57:11,2025-12-03,2025-12-03
4b28b1,6.6095,46.4974,1764768431,853.44,47.29,FALSE,NA,4b28b1_2025-12-03 13:57:11,2025-12-03,2025-12-03
4b3303,NA,NA,1764767503,NA,0.51,FALSE,NA,4b3303_2025-12-03 14:11:43,2025-12-03,2025-12-03
4b3303,6.8608,46.817,1764767683,609.6,37.41,FALSE,NA,4b3303_2025-12-03 14:11:43,2025-12-03,2025-12-03
4b3303,6.8122,46.8367,1764767863,624.84,59.09,FALSE,NA,4b3303_2025-12-03 14:11:43,2025-12-03,2025-12-03
4b3303,6.8044,46.8338,1764768043,609.6,60.97,FALSE,NA,4b3303_2025-12-03 14:11:43,2025-12-03,2025-12-03
4b3303,6.5791,46.7266,1764768223,693.42,58.24,FALSE,NA,4b3303_2025-12-03 14:11:43,2025-12-03,2025-12-03
4b3303,6.544,46.6342,1764768403,678.18,59.9,FALSE,NA,4b3303_2025-12-03 14:11:43,2025-12-03,2025-12-03
4b3303,6.5481,46.5481,1764768583,594.36,58.66,FALSE,NA,4b3303_2025-12-03 14:11:43,2025-12-03,2025-12-03
4b3303,NA,NA,1764841963,NA,32.39,FALSE,NA,4b3303_2025-12-04 10:52:43,2025-12-04,2025-12-04
4b3303,6.2418,46.2641,1764842143,883.92,62.98,FALSE,NA,4b3303_2025-12-04 10:52:43,2025-12-04,2025-12-04
4b3303,6.345,46.3415,1764842323,952.5,65.54,FALSE,NA,4b3303_2025-12-04 10:52:43,2025-12-04,2025-12-04
4b3303,6.4499,46.4204,1764842503,762,67.35,FALSE,NA,4b3303_2025-12-04 10:52:43,2025-12-04,2025-12-04
4b3303,6.5554,46.4995,1764842683,640.08,62.61,FALSE,NA,4b3303_2025-12-04 10:52:43,2025-12-04,2025-12-04
4d02dd,6.0756,46.2158,1764854429,845.82,71.85,FALSE,NA,4d02dd_2025-12-04 14:20:29,2025-12-04,2025-12-04
4d02dd,6.1374,46.3409,1764854609,952.5,110.55,FALSE,NA,4d02dd_2025-12-04 14:20:29,2025-12-04,2025-12-04
4d02dd,6.3135,46.4546,1764854789,929.64,104.53,FALSE,NA,4d02dd_2025-12-04 14:20:29,2025-12-04,2025-12-04
4d02dd,6.5539,46.4924,1764854969,952.5,88.63,FALSE,NA,4d02dd_2025-12-04 14:20:29,2025-12-04,2025-12-04
4d02dd,6.6136,46.5134,1764855149,845.82,48.92,FALSE,NA,4d02dd_2025-12-04 14:20:29,2025-12-04,2025-12-04
4b25ea,6.6167,46.5449,1764854924,662.94,32.48,FALSE,NA,4b25ea_2025-12-04 14:28:44,2025-12-04,2025-12-04
4b25ea,6.5774,46.5195,1764855104,883.92,45.11,FALSE,NA,4b25ea_2025-12-04 14:28:44,2025-12-04,2025-12-04
4b25ea,6.6155,46.5327,1764855284,708.66,35.08,FALSE,NA,4b25ea_2025-12-04 14:28:44,2025-12-04,2025-12-04
4b25ea,6.6175,46.5488,1764855464,NA,10.34,FALSE,NA,4b25ea_2025-12-04 14:28:44,2025-12-04,2025-12-04
4b25ea,6.6168,46.5414,1764855644,NA,10.34,FALSE,NA,4b25ea_2025-12-04 14:28:44,2025-12-04,2025-12-04
4b25ea,6.5837,46.5512,1764855824,891.54,43.36,FALSE,NA,4b25ea_2025-12-04 14:28:44,2025-12-04,2025-12-04
4b25ea,6.6162,46.5409,1764856004,670.56,34.56,FALSE,NA,4b25ea_2025-12-04 14:28:44,2025-12-04,2025-12-04
4b25ea,6.6169,46.5423,1764856184,NA,10.82,FALSE,NA,4b25ea_2025-12-04 14:28:44,2025-12-04,2025-12-04
4b25ea,6.6053,46.556,1764856364,792.48,36.93,FALSE,NA,4b25ea_2025-12-04 14:28:44,2025-12-04,2025-12-04
4b25ea,6.6173,46.5261,1764856544,853.44,38.58,FALSE,NA,4b25ea_2025-12-04 14:28:44,2025-12-04,2025-12-04
4b25ea,6.6176,46.549,1764856724,NA,12.36,FALSE,NA,4b25ea_2025-12-04 14:28:44,2025-12-04,2025-12-04
4b25ea,6.6159,46.5389,1764856904,716.28,34.53,FALSE,NA,4b25ea_2025-12-04 14:28:44,2025-12-04,2025-12-04
4b25ea,6.5861,46.5616,1764857084,891.54,47.61,FALSE,NA,4b25ea_2025-12-04 14:28:44,2025-12-04,2025-12-04
4b25ea,6.6156,46.5329,1764857264,731.52,41.67,FALSE,NA,4b25ea_2025-12-04 14:28:44,2025-12-04,2025-12-04
4b25ea,6.598,46.5694,1764857444,845.82,46.53,FALSE,NA,4b25ea_2025-12-04 14:28:44,2025-12-04,2025-12-04
4b28b1,6.6165,46.5434,1764856072,662.94,30.94,FALSE,NA,4b28b1_2025-12-04 14:47:52,2025-12-04,2025-12-04
4b28b1,6.6425,46.6033,1764856252,1341.12,47.35,FALSE,NA,4b28b1_2025-12-04 14:47:52,2025-12-04,2025-12-04
4b28b1,6.7632,46.6479,1764856432,1691.64,61.95,FALSE,NA,4b28b1_2025-12-04 14:47:52,2025-12-04,2025-12-04
4b28b1,6.8536,46.5824,1764856612,1920.24,46.31,FALSE,NA,4b28b1_2025-12-04 14:47:52,2025-12-04,2025-12-04
4b28b1,6.8277,46.5264,1764856792,1920.24,53.61,FALSE,NA,4b28b1_2025-12-04 14:47:52,2025-12-04,2025-12-04
4b28b1,6.8188,46.48,1764856972,1699.26,50.73,FALSE,NA,4b28b1_2025-12-04 14:47:52,2025-12-04,2025-12-04
4b28b1,6.8979,46.4339,1764857152,1607.82,44.95,FALSE,NA,4b28b1_2025-12-04 14:47:52,2025-12-04,2025-12-04
4b28b1,6.8178,46.4332,1764857332,1691.64,58.65,FALSE,NA,4b28b1_2025-12-04 14:47:52,2025-12-04,2025-12-04
4b28b1,6.796,46.4333,1764857512,1409.7,66.05,FALSE,NA,4b28b1_2025-12-04 14:47:52,2025-12-04,2025-12-04
4b28b1,6.8386,46.442,1764857692,1104.9,56.17,FALSE,NA,4b28b1_2025-12-04 14:47:52,2025-12-04,2025-12-04
4b28b1,6.7661,46.4909,1764857872,1394.46,55.75,FALSE,NA,4b28b1_2025-12-04 14:47:52,2025-12-04,2025-12-04
4b28b1,6.8784,46.5548,1764858052,1699.26,65.74,FALSE,NA,4b28b1_2025-12-04 14:47:52,2025-12-04,2025-12-04
4b28b1,6.8338,46.5296,1764858232,1691.64,47.1,FALSE,NA,4b28b1_2025-12-04 14:47:52,2025-12-04,2025-12-04
4b28b1,6.7965,46.4755,1764858412,1257.3,60.44,FALSE,NA,4b28b1_2025-12-04 14:47:52,2025-12-04,2025-12-04
4b28b1,6.6837,46.5277,1764858592,1158.24,53.65,FALSE,NA,4b28b1_2025-12-04 14:47:52,2025-12-04,2025-12-04
4b28b1,6.5899,46.5669,1764858772,845.82,51,FALSE,NA,4b28b1_2025-12-04 14:47:52,2025-12-04,2025-12-04
4b28b1,6.6168,46.5413,1764858952,NA,20.12,FALSE,NA,4b28b1_2025-12-04 14:47:52,2025-12-04,2025-12-04
4b28b1,6.6173,46.5471,1764859132,NA,20.12,FALSE,NA,4b28b1_2025-12-04 14:47:52,2025-12-04,2025-12-04
4b28b1,6.6071,46.5232,1764859312,853.44,51.67,FALSE,NA,4b28b1_2025-12-04 14:47:52,2025-12-04,2025-12-04
4b28b1,6.6109,46.5764,1764859492,853.44,45.26,FALSE,NA,4b28b1_2025-12-04 14:47:52,2025-12-04,2025-12-04
4b28b1,6.587,46.5267,1764859672,845.82,53.92,FALSE,NA,4b28b1_2025-12-04 14:47:52,2025-12-04,2025-12-04
4b28b1,6.6176,46.5551,1764859852,739.14,33.99,FALSE,NA,4b28b1_2025-12-04 14:47:52,2025-12-04,2025-12-04
4b28b1,6.5864,46.5512,1764860032,861.06,56.68,FALSE,NA,4b28b1_2025-12-04 14:47:52,2025-12-04,2025-12-04
4b28b1,6.617,46.5487,1764860212,670.56,29.4,FALSE,NA,4b28b1_2025-12-04 14:47:52,2025-12-04,2025-12-04
4b28b1,6.5868,46.5627,1764860392,853.44,49.4,FALSE,NA,4b28b1_2025-12-04 14:47:52,2025-12-04,2025-12-04
4b25ea,6.6168,46.5466,1764859809,NA,NA,FALSE,NA,4b25ea_2025-12-04 15:50:09,2025-12-04,2025-12-04
4b25ea,6.5849,46.5537,1764859989,876.3,48.23,FALSE,NA,4b25ea_2025-12-04 15:50:09,2025-12-04,2025-12-04
4b25ea,6.6158,46.5392,1764860169,693.42,33.76,FALSE,NA,4b25ea_2025-12-04 15:50:09,2025-12-04,2025-12-04
4b25ea,6.589,46.5642,1764860349,868.68,43.9,FALSE,NA,4b25ea_2025-12-04 15:50:09,2025-12-04,2025-12-04
4b25ea,6.6144,46.5298,1764860529,746.76,44.24,FALSE,NA,4b25ea_2025-12-04 15:50:09,2025-12-04,2025-12-04
4b25ea,6.6111,46.5694,1764860709,861.06,38.18,FALSE,NA,4b25ea_2025-12-04 15:50:09,2025-12-04,2025-12-04
4b25ea,6.5952,46.5264,1764860889,876.3,47.29,FALSE,NA,4b25ea_2025-12-04 15:50:09,2025-12-04,2025-12-04
4b25ea,6.6179,46.5591,1764861069,746.76,36.56,FALSE,NA,4b25ea_2025-12-04 15:50:09,2025-12-04,2025-12-04
4b25ea,6.582,46.5396,1764861249,853.44,52.18,FALSE,NA,4b25ea_2025-12-04 15:50:09,2025-12-04,2025-12-04
4b25ea,6.6169,46.548,1764861429,670.56,29.4,FALSE,NA,4b25ea_2025-12-04 15:50:09,2025-12-04,2025-12-04
4b25ea,6.6166,46.5442,1764925965,662.94,32,FALSE,NA,4b25ea_2025-12-05 10:12:45,2025-12-05,2025-12-05
4b25ea,6.6026,46.5235,1764926145,853.44,40.17,FALSE,NA,4b25ea_2025-12-05 10:12:45,2025-12-05,2025-12-05
4b25ea,6.6171,46.545,1764926325,NA,8.76,FALSE,NA,4b25ea_2025-12-05 10:12:45,2025-12-05,2025-12-05
4b25ea,6.6105,46.554,1764926505,792.48,40.04,FALSE,NA,4b25ea_2025-12-05 10:12:45,2025-12-05,2025-12-05
4b25ea,6.6151,46.5304,1764926685,777.24,33.32,FALSE,NA,4b25ea_2025-12-05 10:12:45,2025-12-05,2025-12-05
4b25ea,6.5825,46.5357,1764926865,853.44,53.11,FALSE,NA,4b25ea_2025-12-05 10:12:45,2025-12-05,2025-12-05
4b25ea,6.6168,46.5461,1764927045,670.56,31.45,FALSE,NA,4b25ea_2025-12-05 10:12:45,2025-12-05,2025-12-05
4b25ea,6.6061,46.5227,1764927225,876.3,41.78,FALSE,NA,4b25ea_2025-12-05 10:12:45,2025-12-05,2025-12-05
4b25ea,6.5799,46.5562,1764927405,883.92,53.01,FALSE,NA,4b25ea_2025-12-05 10:12:45,2025-12-05,2025-12-05
4b25ea,6.4802,46.5442,1764927585,1112.52,48.04,FALSE,NA,4b25ea_2025-12-05 10:12:45,2025-12-05,2025-12-05
4b25ea,6.4925,46.6233,1764927765,1112.52,49.84,FALSE,NA,4b25ea_2025-12-05 10:12:45,2025-12-05,2025-12-05
4b25ea,6.5223,46.7002,1764927945,1112.52,50.63,FALSE,NA,4b25ea_2025-12-05 10:12:45,2025-12-05,2025-12-05
4b25ea,6.5547,46.7773,1764928125,1173.48,53.1,FALSE,NA,4b25ea_2025-12-05 10:12:45,2025-12-05,2025-12-05
4b25ea,6.6152,46.8009,1764928305,1120.14,52.96,FALSE,NA,4b25ea_2025-12-05 10:12:45,2025-12-05,2025-12-05
4b25ea,6.5443,46.7311,1764928485,1112.52,56.09,FALSE,NA,4b25ea_2025-12-05 10:12:45,2025-12-05,2025-12-05
4b25ea,6.5219,46.6419,1764928665,1120.14,57.53,FALSE,NA,4b25ea_2025-12-05 10:12:45,2025-12-05,2025-12-05
4b25ea,6.5393,46.5505,1764928845,1074.42,58.51,FALSE,NA,4b25ea_2025-12-05 10:12:45,2025-12-05,2025-12-05
4b25ea,6.6113,46.5043,1764929025,990.6,44.14,FALSE,NA,4b25ea_2025-12-05 10:12:45,2025-12-05,2025-12-05
462dd1,-1.8355,50.7812,1764934584,68.58,48.05,FALSE,NA,462dd1_2025-12-05 12:36:24,2025-12-05,2025-12-05
462dd1,-1.9398,50.8072,1764934764,2042.16,85.85,FALSE,NA,462dd1_2025-12-05 12:36:24,2025-12-05,2025-12-05
462dd1,-1.6722,50.8187,1764934944,2971.8,129.93,FALSE,NA,462dd1_2025-12-05 12:36:24,2025-12-05,2025-12-05
462dd1,-1.3415,50.8326,1764935124,3581.4,139.21,FALSE,NA,462dd1_2025-12-05 12:36:24,2025-12-05,2025-12-05
462dd1,-0.9967,50.8463,1764935304,4259.58,130.38,FALSE,NA,462dd1_2025-12-05 12:36:24,2025-12-05,2025-12-05
462dd1,-0.673,50.8112,1764935484,5242.56,144.46,FALSE,NA,462dd1_2025-12-05 12:36:24,2025-12-05,2025-12-05
462dd1,-0.3915,50.6646,1764935664,6301.74,142.87,FALSE,NA,462dd1_2025-12-05 12:36:24,2025-12-05,2025-12-05
462dd1,-0.0638,50.5559,1764935844,7269.48,148.62,FALSE,NA,462dd1_2025-12-05 12:36:24,2025-12-05,2025-12-05
462dd1,0.2492,50.4261,1764936024,8168.64,143.82,FALSE,NA,462dd1_2025-12-05 12:36:24,2025-12-05,2025-12-05
462dd1,0.4634,50.2058,1764936204,8183.88,168.25,FALSE,NA,462dd1_2025-12-05 12:36:24,2025-12-05,2025-12-05
462dd1,0.7124,49.9783,1764936384,8183.88,173.5,FALSE,NA,462dd1_2025-12-05 12:36:24,2025-12-05,2025-12-05
462dd1,0.9897,49.7635,1764936564,8183.88,174.22,FALSE,NA,462dd1_2025-12-05 12:36:24,2025-12-05,2025-12-05
462dd1,1.2677,49.5459,1764936744,8191.5,175.74,FALSE,NA,462dd1_2025-12-05 12:36:24,2025-12-05,2025-12-05
462dd1,1.5461,49.325,1764936924,8191.5,178.77,FALSE,NA,462dd1_2025-12-05 12:36:24,2025-12-05,2025-12-05
462dd1,1.8263,49.1002,1764937104,8191.5,179.57,FALSE,NA,462dd1_2025-12-05 12:36:24,2025-12-05,2025-12-05
462dd1,2.1051,48.8737,1764937284,8191.5,181.09,FALSE,NA,462dd1_2025-12-05 12:36:24,2025-12-05,2025-12-05
462dd1,2.3826,48.6457,1764937464,8191.5,181.17,FALSE,NA,462dd1_2025-12-05 12:36:24,2025-12-05,2025-12-05
462dd1,2.6574,48.4169,1764937644,8191.5,181.98,FALSE,NA,462dd1_2025-12-05 12:36:24,2025-12-05,2025-12-05
462dd1,2.9293,48.1862,1764937824,8191.5,181.92,FALSE,NA,462dd1_2025-12-05 12:36:24,2025-12-05,2025-12-05
462dd1,3.1426,47.9331,1764938004,8191.5,179.82,FALSE,NA,462dd1_2025-12-05 12:36:24,2025-12-05,2025-12-05
462dd1,3.3566,47.6852,1764938184,8191.5,179.41,FALSE,NA,462dd1_2025-12-05 12:36:24,2025-12-05,2025-12-05
462dd1,3.6925,47.5026,1764938364,8191.5,180.37,FALSE,NA,462dd1_2025-12-05 12:36:24,2025-12-05,2025-12-05
462dd1,4.0258,47.3197,1764938544,8191.5,179.97,FALSE,NA,462dd1_2025-12-05 12:36:24,2025-12-05,2025-12-05
462dd1,4.3583,47.1348,1764938724,8183.88,180.94,FALSE,NA,462dd1_2025-12-05 12:36:24,2025-12-05,2025-12-05
462dd1,4.6903,46.9481,1764938904,8183.88,182,FALSE,NA,462dd1_2025-12-05 12:36:24,2025-12-05,2025-12-05
462dd1,5.0166,46.7622,1764939084,7459.98,172.38,FALSE,NA,462dd1_2025-12-05 12:36:24,2025-12-05,2025-12-05
462dd1,5.3392,46.6485,1764939264,6233.16,136.89,FALSE,NA,462dd1_2025-12-05 12:36:24,2025-12-05,2025-12-05
462dd1,5.6573,46.6237,1764939444,4625.34,134.13,FALSE,NA,462dd1_2025-12-05 12:36:24,2025-12-05,2025-12-05
462dd1,5.9638,46.5981,1764939624,3093.72,126.98,FALSE,NA,462dd1_2025-12-05 12:36:24,2025-12-05,2025-12-05
462dd1,6.229,46.5284,1764939804,2225.04,120.59,FALSE,NA,462dd1_2025-12-05 12:36:24,2025-12-05,2025-12-05
462dd1,6.4585,46.4725,1764939984,1127.76,86.87,FALSE,NA,462dd1_2025-12-05 12:36:24,2025-12-05,2025-12-05
462dd1,6.6094,46.484,1764940164,1036.32,55.15,FALSE,NA,462dd1_2025-12-05 12:36:24,2025-12-05,2025-12-05
4b1bdd,6.6171,46.5491,1764935138,716.28,30.94,FALSE,NA,4b1bdd_2025-12-05 12:45:38,2025-12-05,2025-12-05
4b1bdd,6.6088,46.6099,1764935318,1234.44,39.16,FALSE,NA,4b1bdd_2025-12-05 12:45:38,2025-12-05,2025-12-05
4b1bdd,6.6396,46.686,1764935498,1432.56,53.03,FALSE,NA,4b1bdd_2025-12-05 12:45:38,2025-12-05,2025-12-05
4b1bdd,6.6954,46.7643,1764935678,1325.88,54.44,FALSE,NA,4b1bdd_2025-12-05 12:45:38,2025-12-05,2025-12-05
4b1bdd,6.7481,46.8415,1764935858,1409.7,52.68,FALSE,NA,4b1bdd_2025-12-05 12:45:38,2025-12-05,2025-12-05
4b1bdd,6.8267,46.9082,1764936038,1440.18,59.13,FALSE,NA,4b1bdd_2025-12-05 12:45:38,2025-12-05,2025-12-05
4b1bdd,6.8653,46.9709,1764936218,1371.6,54.99,FALSE,NA,4b1bdd_2025-12-05 12:45:38,2025-12-05,2025-12-05
4b1bdd,6.7981,46.8852,1764936398,1257.3,59.62,FALSE,NA,4b1bdd_2025-12-05 12:45:38,2025-12-05,2025-12-05
4b1bdd,6.727,46.808,1764936578,1280.16,56.18,FALSE,NA,4b1bdd_2025-12-05 12:45:38,2025-12-05,2025-12-05
4b1bdd,6.6683,46.7329,1764936758,1318.26,60.2,FALSE,NA,4b1bdd_2025-12-05 12:45:38,2025-12-05,2025-12-05
4b1bdd,6.668,46.6364,1764936938,1264.92,61.14,FALSE,NA,4b1bdd_2025-12-05 12:45:38,2025-12-05,2025-12-05
4b1bdd,6.6938,46.5412,1764937118,1303.02,61.74,FALSE,NA,4b1bdd_2025-12-05 12:45:38,2025-12-05,2025-12-05
4b1bdd,6.6432,46.472,1764937298,1173.48,53.42,FALSE,NA,4b1bdd_2025-12-05 12:45:38,2025-12-05,2025-12-05
4b1bdd,6.6141,46.5215,1764937478,807.72,34.09,FALSE,NA,4b1bdd_2025-12-05 12:45:38,2025-12-05,2025-12-05
4b1bdd,6.6168,46.547,1764939351,NA,32.48,FALSE,NA,4b1bdd_2025-12-05 13:55:51,2025-12-05,2025-12-05
4b1bdd,6.6204,46.6139,1764939531,1211.58,45.69,FALSE,NA,4b1bdd_2025-12-05 13:55:51,2025-12-05,2025-12-05
4b1bdd,6.5572,46.6217,1764939711,1402.08,59.82,FALSE,NA,4b1bdd_2025-12-05 13:55:51,2025-12-05,2025-12-05
4b1bdd,6.5121,46.5281,1764939891,1379.22,60.05,FALSE,NA,4b1bdd_2025-12-05 13:55:51,2025-12-05,2025-12-05
4b1bdd,6.6204,46.4798,1764940071,1325.88,56.36,FALSE,NA,4b1bdd_2025-12-05 13:55:51,2025-12-05,2025-12-05
4b1bdd,6.7494,46.4513,1764940251,1409.7,60.12,FALSE,NA,4b1bdd_2025-12-05 13:55:51,2025-12-05,2025-12-05
4b1bdd,6.8613,46.4322,1764940431,1196.34,61.85,FALSE,NA,4b1bdd_2025-12-05 13:55:51,2025-12-05,2025-12-05
4b1bdd,6.7553,46.4957,1764940611,1280.16,53.99,FALSE,NA,4b1bdd_2025-12-05 13:55:51,2025-12-05,2025-12-05
4b1bdd,6.6429,46.5401,1764940791,1005.84,60.51,FALSE,NA,4b1bdd_2025-12-05 13:55:51,2025-12-05,2025-12-05
4b1bdd,6.6123,46.5253,1764940971,845.82,39.95,FALSE,NA,4b1bdd_2025-12-05 13:55:51,2025-12-05,2025-12-05
3d5453,-3.5442,40.4814,1764939835,769.62,58.03,FALSE,NA,3d5453_2025-12-05 14:03:55,2025-12-05,2025-12-05
3d5453,-3.4051,40.399,1764940015,2415.54,100.55,FALSE,NA,3d5453_2025-12-05 14:03:55,2025-12-05,2025-12-05
3d5453,-3.2701,40.4474,1764940195,4030.98,70.55,FALSE,NA,3d5453_2025-12-05 14:03:55,2025-12-05,2025-12-05
3d5453,-3.263,40.5695,1764940375,5318.76,78.28,FALSE,NA,3d5453_2025-12-05 14:03:55,2025-12-05,2025-12-05
3d5453,-3.209,40.6941,1764940555,6347.46,107.21,FALSE,NA,3d5453_2025-12-05 14:03:55,2025-12-05,2025-12-05
3d5453,-3.0114,40.7872,1764940735,7277.1,114.18,FALSE,NA,3d5453_2025-12-05 14:03:55,2025-12-05,2025-12-05
3d5453,-2.7653,40.8793,1764940915,7536.18,145.41,FALSE,NA,3d5453_2025-12-05 14:03:55,2025-12-05,2025-12-05
3d5453,-2.5206,41.0131,1764941095,7528.56,139.53,FALSE,NA,3d5453_2025-12-05 14:03:55,2025-12-05,2025-12-05
3d5453,-2.3214,41.1816,1764941275,7520.94,137.35,FALSE,NA,3d5453_2025-12-05 14:03:55,2025-12-05,2025-12-05
3d5453,-2.1288,41.3437,1764941455,7513.32,134.79,FALSE,NA,3d5453_2025-12-05 14:03:55,2025-12-05,2025-12-05
3d5453,-1.9372,41.5037,1764941635,7513.32,136.97,FALSE,NA,3d5453_2025-12-05 14:03:55,2025-12-05,2025-12-05
3d5453,-1.7325,41.6735,1764941815,7505.7,141.29,FALSE,NA,3d5453_2025-12-05 14:03:55,2025-12-05,2025-12-05
3d5453,-1.5275,41.8423,1764941995,7498.08,139.84,FALSE,NA,3d5453_2025-12-05 14:03:55,2025-12-05,2025-12-05
3d5453,-1.3233,42.009,1764942175,7490.46,138.35,FALSE,NA,3d5453_2025-12-05 14:03:55,2025-12-05,2025-12-05
3d5453,-1.1548,42.1514,1764942355,7482.84,137.4,FALSE,NA,3d5453_2025-12-05 14:03:55,2025-12-05,2025-12-05
3d5453,-0.9368,42.3469,1764942535,7475.22,136.68,FALSE,NA,3d5453_2025-12-05 14:03:55,2025-12-05,2025-12-05
3d5453,-0.7171,42.4852,1764942715,7475.22,142.21,FALSE,NA,3d5453_2025-12-05 14:03:55,2025-12-05,2025-12-05
3d5453,-0.4605,42.6385,1764942895,7467.6,141.57,FALSE,NA,3d5453_2025-12-05 14:03:55,2025-12-05,2025-12-05
3d5453,-0.2174,42.7826,1764943075,7459.98,139.8,FALSE,NA,3d5453_2025-12-05 14:03:55,2025-12-05,2025-12-05
3d5453,0.0277,42.9228,1764943255,7452.36,139.74,FALSE,NA,3d5453_2025-12-05 14:03:55,2025-12-05,2025-12-05
3d5453,0.2709,43.0601,1764943435,7444.74,139.42,FALSE,NA,3d5453_2025-12-05 14:03:55,2025-12-05,2025-12-05
3d5453,0.5152,43.1969,1764943615,7444.74,140.24,FALSE,NA,3d5453_2025-12-05 14:03:55,2025-12-05,2025-12-05
3d5453,0.7618,43.3339,1764943795,7437.12,138.08,FALSE,NA,3d5453_2025-12-05 14:03:55,2025-12-05,2025-12-05
3d5453,1.006,43.4683,1764943975,7429.5,137.36,FALSE,NA,3d5453_2025-12-05 14:03:55,2025-12-05,2025-12-05
3d5453,1.2501,43.6017,1764944155,7421.88,137.46,FALSE,NA,3d5453_2025-12-05 14:03:55,2025-12-05,2025-12-05
3d5453,1.4961,43.7349,1764944335,7414.26,138.28,FALSE,NA,3d5453_2025-12-05 14:03:55,2025-12-05,2025-12-05
3d5453,1.7445,43.8683,1764944515,7406.64,137.87,FALSE,NA,3d5453_2025-12-05 14:03:55,2025-12-05,2025-12-05
3d5453,1.993,44.0012,1764944695,7406.64,138.28,FALSE,NA,3d5453_2025-12-05 14:03:55,2025-12-05,2025-12-05
3d5453,2.2437,44.1343,1764944875,7399.02,139.11,FALSE,NA,3d5453_2025-12-05 14:03:55,2025-12-05,2025-12-05
3d5453,2.496,44.267,1764945055,7391.4,139.23,FALSE,NA,3d5453_2025-12-05 14:03:55,2025-12-05,2025-12-05
3d5453,2.7494,44.3992,1764945235,7383.78,139.23,FALSE,NA,3d5453_2025-12-05 14:03:55,2025-12-05,2025-12-05
3d5453,3.0023,44.5299,1764945415,7376.16,137.07,FALSE,NA,3d5453_2025-12-05 14:03:55,2025-12-05,2025-12-05
3d5453,3.2533,44.6585,1764945595,7376.16,136.47,FALSE,NA,3d5453_2025-12-05 14:03:55,2025-12-05,2025-12-05
3d5453,3.5058,44.7868,1764945775,7368.54,135.75,FALSE,NA,3d5453_2025-12-05 14:03:55,2025-12-05,2025-12-05
3d5453,3.7577,44.9137,1764945955,7360.92,134.32,FALSE,NA,3d5453_2025-12-05 14:03:55,2025-12-05,2025-12-05
3d5453,4.008,45.0386,1764946135,7353.3,133.73,FALSE,NA,3d5453_2025-12-05 14:03:55,2025-12-05,2025-12-05
3d5453,4.256,45.1614,1764946315,7345.68,130.73,FALSE,NA,3d5453_2025-12-05 14:03:55,2025-12-05,2025-12-05
3d5453,4.5002,45.2811,1764946495,7338.06,129.72,FALSE,NA,3d5453_2025-12-05 14:03:55,2025-12-05,2025-12-05
3d5453,4.7441,45.3999,1764946675,7330.44,128,FALSE,NA,3d5453_2025-12-05 14:03:55,2025-12-05,2025-12-05
3d5453,4.9856,45.5163,1764946855,7322.82,127.71,FALSE,NA,3d5453_2025-12-05 14:03:55,2025-12-05,2025-12-05
3d5453,5.2285,45.6348,1764947035,7139.94,130.79,FALSE,NA,3d5453_2025-12-05 14:03:55,2025-12-05,2025-12-05
3d5453,5.4751,45.7576,1764947215,6111.24,130.77,FALSE,NA,3d5453_2025-12-05 14:03:55,2025-12-05,2025-12-05
3d5453,5.7431,45.8778,1764947395,4991.1,148.63,FALSE,NA,3d5453_2025-12-05 14:03:55,2025-12-05,2025-12-05
3d5453,5.9993,46.0329,1764947575,3924.3,143.64,FALSE,NA,3d5453_2025-12-05 14:03:55,2025-12-05,2025-12-05
3d5453,6.2471,46.1838,1764947755,2827.02,132.47,FALSE,NA,3d5453_2025-12-05 14:03:55,2025-12-05,2025-12-05
3d5453,6.4243,46.3176,1764947935,2125.98,105.32,FALSE,NA,3d5453_2025-12-05 14:03:55,2025-12-05,2025-12-05
3d5453,6.5486,46.4486,1764948115,1295.4,82.24,FALSE,NA,3d5453_2025-12-05 14:03:55,2025-12-05,2025-12-05
3d5453,6.6141,46.5191,1764948295,876.3,44.39,FALSE,NA,3d5453_2025-12-05 14:03:55,2025-12-05,2025-12-05
4b25ea,6.6164,46.5428,1764939847,NA,NA,FALSE,NA,4b25ea_2025-12-05 14:04:07,2025-12-05,2025-12-05
4b25ea,6.6196,46.6013,1764940027,1150.62,40.41,FALSE,NA,4b25ea_2025-12-05 14:04:07,2025-12-05,2025-12-05
4b25ea,6.5447,46.6243,1764940207,1127.76,55.11,FALSE,NA,4b25ea_2025-12-05 14:04:07,2025-12-05,2025-12-05
4b25ea,6.4909,46.6993,1764940387,1143,53.17,FALSE,NA,4b25ea_2025-12-05 14:04:07,2025-12-05,2025-12-05
4b25ea,6.3917,46.7147,1764940567,1264.92,45.55,FALSE,NA,4b25ea_2025-12-05 14:04:07,2025-12-05,2025-12-05
4b25ea,6.3107,46.6598,1764940747,1356.36,52.09,FALSE,NA,4b25ea_2025-12-05 14:04:07,2025-12-05,2025-12-05
4b25ea,6.3081,46.658,1764940927,1371.6,50.93,FALSE,NA,4b25ea_2025-12-05 14:04:07,2025-12-05,2025-12-05
4b25ea,6.3727,46.6317,1764941107,1280.16,58.08,FALSE,NA,4b25ea_2025-12-05 14:04:07,2025-12-05,2025-12-05
4b25ea,6.4331,46.5583,1764941287,1059.18,58.46,FALSE,NA,4b25ea_2025-12-05 14:04:07,2025-12-05,2025-12-05
4b25ea,6.4441,46.4911,1764941467,922.02,44.24,FALSE,NA,4b25ea_2025-12-05 14:04:07,2025-12-05,2025-12-05
4b25ea,6.5436,46.4663,1764941647,1165.86,49.58,FALSE,NA,4b25ea_2025-12-05 14:04:07,2025-12-05,2025-12-05
4b25ea,6.6449,46.4563,1764941827,1234.44,53.68,FALSE,NA,4b25ea_2025-12-05 14:04:07,2025-12-05,2025-12-05
4b25ea,6.7346,46.4737,1764942007,1173.48,49.78,FALSE,NA,4b25ea_2025-12-05 14:04:07,2025-12-05,2025-12-05
4b25ea,6.8395,46.4597,1764942187,1226.82,51.96,FALSE,NA,4b25ea_2025-12-05 14:04:07,2025-12-05,2025-12-05
4b25ea,6.849,46.4715,1764942367,1257.3,52.9,FALSE,NA,4b25ea_2025-12-05 14:04:07,2025-12-05,2025-12-05
4b25ea,6.7004,46.5202,1764942547,1173.48,48.87,FALSE,NA,4b25ea_2025-12-05 14:04:07,2025-12-05,2025-12-05
4b25ea,6.5877,46.5488,1764942727,952.5,52.08,FALSE,NA,4b25ea_2025-12-05 14:04:07,2025-12-05,2025-12-05
4b25ea,6.6163,46.5419,1764942907,662.94,27.82,FALSE,NA,4b25ea_2025-12-05 14:04:07,2025-12-05,2025-12-05
4b28b1,6.6164,46.5435,1764941710,662.94,27.31,FALSE,NA,4b28b1_2025-12-05 14:35:10,2025-12-05,2025-12-05
4b28b1,6.6141,46.6088,1764941890,1272.54,45.32,FALSE,NA,4b28b1_2025-12-05 14:35:10,2025-12-05,2025-12-05
4b28b1,6.5109,46.6447,1764942070,1417.32,60.4,FALSE,NA,4b28b1_2025-12-05 14:35:10,2025-12-05,2025-12-05
4b28b1,6.515,46.5487,1764942250,1394.46,60.92,FALSE,NA,4b28b1_2025-12-05 14:35:10,2025-12-05,2025-12-05
4b28b1,6.5454,46.527,1764942430,1424.94,41.36,FALSE,NA,4b28b1_2025-12-05 14:35:10,2025-12-05,2025-12-05
4b28b1,6.5362,46.598,1764942610,1211.58,50.93,FALSE,NA,4b28b1_2025-12-05 14:35:10,2025-12-05,2025-12-05
4b28b1,6.6582,46.5938,1764942790,1280.16,57.17,FALSE,NA,4b28b1_2025-12-05 14:35:10,2025-12-05,2025-12-05
4b28b1,6.646,46.5437,1764942970,1082.04,61.43,FALSE,NA,4b28b1_2025-12-05 14:35:10,2025-12-05,2025-12-05
4b28b1,6.6154,46.5324,1764943150,754.38,32.56,FALSE,NA,4b28b1_2025-12-05 14:35:10,2025-12-05,2025-12-05
4b3303,NA,NA,1764942696,914.4,38.72,FALSE,NA,4b3303_2025-12-05 14:51:36,2025-12-05,2025-12-05
4b3303,7.0199,46.7498,1764942876,1257.3,65.25,FALSE,NA,4b3303_2025-12-05 14:51:36,2025-12-05,2025-12-05
4b3303,6.8935,46.6864,1764943056,1257.3,66.98,FALSE,NA,4b3303_2025-12-05 14:51:36,2025-12-05,2025-12-05
4b3303,6.7676,46.6231,1764943236,1257.3,66.98,FALSE,NA,4b3303_2025-12-05 14:51:36,2025-12-05,2025-12-05
4b3303,6.6429,46.56,1764943416,1021.08,58.64,FALSE,NA,4b3303_2025-12-05 14:51:36,2025-12-05,2025-12-05
460812,NA,NA,1764943401,NA,58.9,FALSE,NA,460812_2025-12-05 15:03:21,2025-12-05,2025-12-05
460812,2.2895,48.9258,1764943581,1912.62,82.9,FALSE,NA,460812_2025-12-05 15:03:21,2025-12-05,2025-12-05
460812,2.4339,48.8559,1764943761,3451.86,104.23,FALSE,NA,460812_2025-12-05 15:03:21,2025-12-05,2025-12-05
460812,2.7175,48.8322,1764943941,4229.1,137.42,FALSE,NA,460812_2025-12-05 15:03:21,2025-12-05,2025-12-05
460812,3.0591,48.8245,1764944121,4229.1,143.11,FALSE,NA,460812_2025-12-05 15:03:21,2025-12-05,2025-12-05
460812,3.4047,48.8157,1764944301,4693.92,132.33,FALSE,NA,460812_2025-12-05 15:03:21,2025-12-05,2025-12-05
460812,3.668,48.7096,1764944481,5585.46,141.41,FALSE,NA,460812_2025-12-05 15:03:21,2025-12-05,2025-12-05
460812,3.8917,48.5047,1764944661,5753.1,167.4,FALSE,NA,460812_2025-12-05 15:03:21,2025-12-05,2025-12-05
460812,4.1958,48.3242,1764944841,5753.1,168.08,FALSE,NA,460812_2025-12-05 15:03:21,2025-12-05,2025-12-05
460812,4.5009,48.1461,1764945021,5745.48,167.69,FALSE,NA,460812_2025-12-05 15:03:21,2025-12-05,2025-12-05
460812,4.7427,47.9271,1764945201,5753.1,171.74,FALSE,NA,460812_2025-12-05 15:03:21,2025-12-05,2025-12-05
460812,4.9737,47.699,1764945381,5753.1,170.02,FALSE,NA,460812_2025-12-05 15:03:21,2025-12-05,2025-12-05
460812,5.247,47.4979,1764945561,5753.1,167.87,FALSE,NA,460812_2025-12-05 15:03:21,2025-12-05,2025-12-05
460812,5.5126,47.3,1764945741,5745.48,165,FALSE,NA,460812_2025-12-05 15:03:21,2025-12-05,2025-12-05
460812,5.77,47.1071,1764945921,5090.16,148.94,FALSE,NA,460812_2025-12-05 15:03:21,2025-12-05,2025-12-05
460812,6.0035,46.9289,1764946101,4297.68,147.91,FALSE,NA,460812_2025-12-05 15:03:21,2025-12-05,2025-12-05
460812,6.2322,46.754,1764946281,3474.72,139.19,FALSE,NA,460812_2025-12-05 15:03:21,2025-12-05,2025-12-05
460812,6.4415,46.5877,1764946461,2491.74,129.18,FALSE,NA,460812_2025-12-05 15:03:21,2025-12-05,2025-12-05
460812,6.6138,46.4782,1764946641,1203.96,72.76,FALSE,NA,460812_2025-12-05 15:03:21,2025-12-05,2025-12-05
4b28b1,6.6164,46.5421,1764943863,NA,18.58,FALSE,NA,4b28b1_2025-12-05 15:11:03,2025-12-05,2025-12-05
4b28b1,6.6052,46.6086,1764944043,1264.92,45.13,FALSE,NA,4b28b1_2025-12-05 15:11:03,2025-12-05,2025-12-05
4b28b1,6.555,46.6878,1764944223,1386.84,56.29,FALSE,NA,4b28b1_2025-12-05 15:11:03,2025-12-05,2025-12-05
4b28b1,6.4957,46.6216,1764944403,1333.5,66.9,FALSE,NA,4b28b1_2025-12-05 15:11:03,2025-12-05,2025-12-05
4b28b1,6.4787,46.5225,1764944583,1097.28,56.66,FALSE,NA,4b28b1_2025-12-05 15:11:03,2025-12-05,2025-12-05
4b28b1,6.609,46.5023,1764944763,1051.56,54.41,FALSE,NA,4b28b1_2025-12-05 15:11:03,2025-12-05,2025-12-05
4b28b1,6.6015,46.5568,1764944943,845.82,43.98,FALSE,NA,4b28b1_2025-12-05 15:11:03,2025-12-05,2025-12-05
4b28b1,6.6161,46.5398,1764945123,678.18,32.48,FALSE,NA,4b28b1_2025-12-05 15:11:03,2025-12-05,2025-12-05
4b28b1,6.602,46.5252,1764945303,868.68,44.32,FALSE,NA,4b28b1_2025-12-05 15:11:03,2025-12-05,2025-12-05
4b28b1,6.587,46.548,1764945483,891.54,49.52,FALSE,NA,4b28b1_2025-12-05 15:11:03,2025-12-05,2025-12-05
4b28b1,6.6156,46.5341,1764945663,754.38,31.42,FALSE,NA,4b28b1_2025-12-05 15:11:03,2025-12-05,2025-12-05
4b28b1,6.5888,46.5274,1764945843,861.06,43.95,FALSE,NA,4b28b1_2025-12-05 15:11:03,2025-12-05,2025-12-05
4b1bdf,NA,NA,1764945581,NA,76.81,FALSE,NA,4b1bdf_2025-12-05 15:39:41,2025-12-05,2025-12-05
4b1bdf,7.1917,47.0907,1764945761,1059.18,108.41,FALSE,NA,4b1bdf_2025-12-05 15:39:41,2025-12-05,2025-12-05
4b1bdf,7.011,46.9583,1764945941,1112.52,112.06,FALSE,NA,4b1bdf_2025-12-05 15:39:41,2025-12-05,2025-12-05
4b1bdf,6.903,46.8124,1764946121,1196.34,110.5,FALSE,NA,4b1bdf_2025-12-05 15:39:41,2025-12-05,2025-12-05
4b1bdf,6.7882,46.643,1764946301,1188.72,117.11,FALSE,NA,4b1bdf_2025-12-05 15:39:41,2025-12-05,2025-12-05
4b1bdf,6.6356,46.5478,1764946481,1036.32,84.45,FALSE,NA,4b1bdf_2025-12-05 15:39:41,2025-12-05,2025-12-05
4b1bdf,6.6145,46.5244,1764946661,815.34,44.76,FALSE,NA,4b1bdf_2025-12-05 15:39:41,2025-12-05,2025-12-05
4b3e2d,7.0022,46.2243,1765013985,1234.44,71.21,FALSE,NA,4b3e2d_2025-12-06 10:39:45,2025-12-06,2025-12-06
4b3e2d,6.9306,46.3223,1765014165,1226.82,61.14,FALSE,NA,4b3e2d_2025-12-06 10:39:45,2025-12-06,2025-12-06
4b3e2d,6.8463,46.4067,1765014345,1287.78,60.46,FALSE,NA,4b3e2d_2025-12-06 10:39:45,2025-12-06,2025-12-06
4b3e2d,6.7552,46.4762,1765014525,998.22,60.75,FALSE,NA,4b3e2d_2025-12-06 10:39:45,2025-12-06,2025-12-06
4b3e2d,6.6574,46.5358,1765014705,876.3,36.44,FALSE,NA,4b3e2d_2025-12-06 10:39:45,2025-12-06,2025-12-06
4b1bdd,6.6164,46.5423,1765024379,708.66,35.59,FALSE,NA,4b1bdd_2025-12-06 13:32:59,2025-12-06,2025-12-06
4b1bdd,6.5886,46.5106,1765024559,1554.48,32.87,FALSE,NA,4b1bdd_2025-12-06 13:32:59,2025-12-06,2025-12-06
4b1bdd,6.5507,46.5966,1765024739,1645.92,65.9,FALSE,NA,4b1bdd_2025-12-06 13:32:59,2025-12-06,2025-12-06
4b1bdd,6.6262,46.6262,1765024919,1234.44,33.68,FALSE,NA,4b1bdd_2025-12-06 13:32:59,2025-12-06,2025-12-06
4b1bdd,6.6194,46.5722,1765025099,899.16,33.02,FALSE,NA,4b1bdd_2025-12-06 13:32:59,2025-12-06,2025-12-06
4b1bdd,6.5947,46.526,1765025279,876.3,46.81,FALSE,NA,4b1bdd_2025-12-06 13:32:59,2025-12-06,2025-12-06
4b1bdd,6.6182,46.5616,1765025459,784.86,37.07,FALSE,NA,4b1bdd_2025-12-06 13:32:59,2025-12-06,2025-12-06
4b1bdd,6.6178,46.5031,1765025639,1226.82,46.58,FALSE,NA,4b1bdd_2025-12-06 13:32:59,2025-12-06,2025-12-06
4b1bdd,6.7444,46.4557,1765025819,1409.7,62.97,FALSE,NA,4b1bdd_2025-12-06 13:32:59,2025-12-06,2025-12-06
4b1bdd,6.8629,46.398,1765025999,1485.9,63.71,FALSE,NA,4b1bdd_2025-12-06 13:32:59,2025-12-06,2025-12-06
4b1bdd,6.9126,46.3123,1765026179,1432.56,74.17,FALSE,NA,4b1bdd_2025-12-06 13:32:59,2025-12-06,2025-12-06
4b1bdd,6.9526,46.3083,1765026359,784.86,57.89,FALSE,NA,4b1bdd_2025-12-06 13:32:59,2025-12-06,2025-12-06
4b1bdd,6.9258,46.3703,1765026539,1234.44,54.41,FALSE,NA,4b1bdd_2025-12-06 13:32:59,2025-12-06,2025-12-06
4b1bdd,6.9375,46.4448,1765026719,2019.3,53.15,FALSE,NA,4b1bdd_2025-12-06 13:32:59,2025-12-06,2025-12-06
4b1bdd,6.9795,46.4291,1765026899,2499.36,49.95,FALSE,NA,4b1bdd_2025-12-06 13:32:59,2025-12-06,2025-12-06
4b1bdd,6.8977,46.4835,1765027079,2369.82,48.88,FALSE,NA,4b1bdd_2025-12-06 13:32:59,2025-12-06,2025-12-06
4b1bdd,6.7896,46.5158,1765027259,1798.32,53.53,FALSE,NA,4b1bdd_2025-12-06 13:32:59,2025-12-06,2025-12-06
4b1bdd,6.669,46.5389,1765027439,1158.24,48.55,FALSE,NA,4b1bdd_2025-12-06 13:32:59,2025-12-06,2025-12-06
4b1bdd,6.6065,46.5714,1765027619,899.16,47.55,FALSE,NA,4b1bdd_2025-12-06 13:32:59,2025-12-06,2025-12-06
4b3302,6.0962,46.2338,1765112765,518.16,11.08,FALSE,NA,4b3302_2025-12-07 14:06:05,2025-12-07,2025-12-07
4b3302,6.2192,46.255,1765112945,815.34,65.16,FALSE,NA,4b3302_2025-12-07 14:06:05,2025-12-07,2025-12-07
4b3302,6.3435,46.335,1765113125,807.72,74.99,FALSE,NA,4b3302_2025-12-07 14:06:05,2025-12-07,2025-12-07
4b3302,6.4686,46.4148,1765113305,784.86,73.54,FALSE,NA,4b3302_2025-12-07 14:06:05,2025-12-07,2025-12-07
4b3302,6.5953,46.4953,1765113485,662.94,72.08,FALSE,NA,4b3302_2025-12-07 14:06:05,2025-12-07,2025-12-07
4b44a5,6.5967,46.7895,1765183598,518.16,0,FALSE,NA,4b44a5_2025-12-08 09:46:38,2025-12-08,2025-12-08
4b44a5,6.61,46.7863,1765183778,571.5,1.85,FALSE,NA,4b44a5_2025-12-08 09:46:38,2025-12-08,2025-12-08
4b44a5,6.6071,46.7866,1765183958,556.26,2.12,FALSE,NA,4b44a5_2025-12-08 09:46:38,2025-12-08,2025-12-08
4b44a5,6.604,46.7873,1765184138,571.5,0.73,FALSE,NA,4b44a5_2025-12-08 09:46:38,2025-12-08,2025-12-08
4b44a5,6.6036,46.7873,1765184318,571.5,1.63,FALSE,NA,4b44a5_2025-12-08 09:46:38,2025-12-08,2025-12-08
4b44a5,6.6007,46.788,1765184498,563.88,0,FALSE,NA,4b44a5_2025-12-08 09:46:38,2025-12-08,2025-12-08
4b44a5,6.5986,46.7885,1765184678,571.5,2.62,FALSE,NA,4b44a5_2025-12-08 09:46:38,2025-12-08,2025-12-08
4b44a5,6.5953,46.7892,1765184858,579.12,0.51,FALSE,NA,4b44a5_2025-12-08 09:46:38,2025-12-08,2025-12-08
4b44a5,6.5967,46.7895,1765185038,525.78,0,FALSE,NA,4b44a5_2025-12-08 09:46:38,2025-12-08,2025-12-08
4b44a5,6.5967,46.7895,1765185218,NA,0,FALSE,NA,4b44a5_2025-12-08 09:46:38,2025-12-08,2025-12-08
4b44a5,6.5967,46.7895,1765185398,NA,0,FALSE,NA,4b44a5_2025-12-08 09:46:38,2025-12-08,2025-12-08
4b44a5,NA,NA,1765185578,NA,NA,FALSE,NA,4b44a5_2025-12-08 09:46:38,2025-12-08,2025-12-08
4b44a5,6.5805,46.7608,1765185758,891.54,54.26,FALSE,NA,4b44a5_2025-12-08 09:46:38,2025-12-08,2025-12-08
4b44a5,6.6268,46.6734,1765185938,1158.24,64.44,FALSE,NA,4b44a5_2025-12-08 09:46:38,2025-12-08,2025-12-08
4b44a5,6.6892,46.5859,1765186118,1264.92,58.03,FALSE,NA,4b44a5_2025-12-08 09:46:38,2025-12-08,2025-12-08
4b1bdd,6.6164,46.5424,1765188251,701.04,37.13,FALSE,NA,4b1bdd_2025-12-08 11:04:11,2025-12-08,2025-12-08
4b1bdd,6.5884,46.5672,1765188431,861.06,47.67,FALSE,NA,4b1bdd_2025-12-08 11:04:11,2025-12-08,2025-12-08
4b1bdd,6.6147,46.529,1765188611,822.96,41.43,FALSE,NA,4b1bdd_2025-12-08 11:04:11,2025-12-08,2025-12-08
4b1bdd,6.6167,46.5678,1765188791,845.82,35.96,FALSE,NA,4b1bdd_2025-12-08 11:04:11,2025-12-08,2025-12-08
4b1bdd,6.616,46.5054,1765188971,1074.42,45.41,FALSE,NA,4b1bdd_2025-12-08 11:04:11,2025-12-08,2025-12-08
4b1bdd,6.7232,46.4774,1765189151,1714.5,52.88,FALSE,NA,4b1bdd_2025-12-08 11:04:11,2025-12-08,2025-12-08
4b1bdd,6.8318,46.4407,1765189331,2080.26,51.29,FALSE,NA,4b1bdd_2025-12-08 11:04:11,2025-12-08,2025-12-08
4b1bdd,6.8896,46.3627,1765189511,2087.88,54.91,FALSE,NA,4b1bdd_2025-12-08 11:04:11,2025-12-08,2025-12-08
4b1bdd,6.9196,46.2795,1765189691,2141.22,55.05,FALSE,NA,4b1bdd_2025-12-08 11:04:11,2025-12-08,2025-12-08
4b1bdd,6.8787,46.2158,1765189871,2247.9,48.37,FALSE,NA,4b1bdd_2025-12-08 11:04:11,2025-12-08,2025-12-08
4b1bdd,6.8787,46.2158,1765190051,2247.9,48.37,FALSE,NA,4b1bdd_2025-12-08 11:04:11,2025-12-08,2025-12-08
4b1bdd,6.9153,46.2322,1765190231,2194.56,62.82,FALSE,NA,4b1bdd_2025-12-08 11:04:11,2025-12-08,2025-12-08
4b1bdd,6.9869,46.3155,1765190411,2186.94,59.93,FALSE,NA,4b1bdd_2025-12-08 11:04:11,2025-12-08,2025-12-08
4b1bdd,7.0785,46.3727,1765190591,2194.56,62.59,FALSE,NA,4b1bdd_2025-12-08 11:04:11,2025-12-08,2025-12-08
4b1bdd,7.0785,46.3727,1765190771,2194.56,62.96,FALSE,NA,4b1bdd_2025-12-08 11:04:11,2025-12-08,2025-12-08
4b1bdd,7.083,46.534,1765190951,1889.76,63.28,FALSE,NA,4b1bdd_2025-12-08 11:04:11,2025-12-08,2025-12-08
4b1bdd,7.0573,46.6171,1765191131,1889.76,56.04,FALSE,NA,4b1bdd_2025-12-08 11:04:11,2025-12-08,2025-12-08
4b1bdd,6.9322,46.6419,1765191311,1889.76,56.18,FALSE,NA,4b1bdd_2025-12-08 11:04:11,2025-12-08,2025-12-08
4b1bdd,6.8115,46.6513,1765191491,1706.88,53.39,FALSE,NA,4b1bdd_2025-12-08 11:04:11,2025-12-08,2025-12-08
4b1bdd,6.6995,46.6784,1765191671,1577.34,54.58,FALSE,NA,4b1bdd_2025-12-08 11:04:11,2025-12-08,2025-12-08
4b1bdd,6.6338,46.6386,1765191851,1173.48,46.58,FALSE,NA,4b1bdd_2025-12-08 11:04:11,2025-12-08,2025-12-08
4b1bdd,6.6192,46.5714,1765192031,861.06,34.05,FALSE,NA,4b1bdd_2025-12-08 11:04:11,2025-12-08,2025-12-08
4b28b1,6.6169,46.5482,1765192999,NA,26.28,FALSE,NA,4b28b1_2025-12-08 12:23:19,2025-12-08,2025-12-08
4b28b1,6.5905,46.4961,1765193179,1424.94,50.06,FALSE,NA,4b28b1_2025-12-08 12:23:19,2025-12-08,2025-12-08
4b28b1,6.5666,46.5854,1765193359,1409.7,54.39,FALSE,NA,4b28b1_2025-12-08 12:23:19,2025-12-08,2025-12-08
4b28b1,6.5443,46.6707,1765193539,1539.24,43.3,FALSE,NA,4b28b1_2025-12-08 12:23:19,2025-12-08,2025-12-08
4b28b1,6.5571,46.7491,1765193719,1714.5,58.93,FALSE,NA,4b28b1_2025-12-08 12:23:19,2025-12-08,2025-12-08
4b28b1,6.6565,46.8133,1765193899,2004.06,56.5,FALSE,NA,4b28b1_2025-12-08 12:23:19,2025-12-08,2025-12-08
4b28b1,6.7787,46.8602,1765194079,2331.72,67.04,FALSE,NA,4b28b1_2025-12-08 12:23:19,2025-12-08,2025-12-08
4b28b1,6.9177,46.8356,1765194259,2636.52,56.54,FALSE,NA,4b28b1_2025-12-08 12:23:19,2025-12-08,2025-12-08
4b28b1,7.0508,46.8103,1765194439,2948.94,63.03,FALSE,NA,4b28b1_2025-12-08 12:23:19,2025-12-08,2025-12-08
4b28b1,7.1921,46.7836,1765194619,2948.94,62.4,FALSE,NA,4b28b1_2025-12-08 12:23:19,2025-12-08,2025-12-08
4b28b1,7.2696,46.7117,1765194799,2948.94,56.6,FALSE,NA,4b28b1_2025-12-08 12:23:19,2025-12-08,2025-12-08
4b28b1,7.326,46.631,1765194979,2948.94,54.08,FALSE,NA,4b28b1_2025-12-08 12:23:19,2025-12-08,2025-12-08
4b28b1,7.3772,46.5513,1765195159,2956.56,49.62,FALSE,NA,4b28b1_2025-12-08 12:23:19,2025-12-08,2025-12-08
4b28b1,7.2788,46.5018,1765195339,2933.7,56.22,FALSE,NA,4b28b1_2025-12-08 12:23:19,2025-12-08,2025-12-08
4b28b1,7.1509,46.4799,1765195519,2644.14,56.87,FALSE,NA,4b28b1_2025-12-08 12:23:19,2025-12-08,2025-12-08
4b28b1,7.0284,46.4704,1765195699,2613.66,54.26,FALSE,NA,4b28b1_2025-12-08 12:23:19,2025-12-08,2025-12-08
4b28b1,6.8939,46.4765,1765195879,2125.98,58.67,FALSE,NA,4b28b1_2025-12-08 12:23:19,2025-12-08,2025-12-08
4b28b1,6.7662,46.4734,1765196059,2011.68,55.68,FALSE,NA,4b28b1_2025-12-08 12:23:19,2025-12-08,2025-12-08
4b28b1,6.8525,46.5412,1765196239,1714.5,57.12,FALSE,NA,4b28b1_2025-12-08 12:23:19,2025-12-08,2025-12-08
4b28b1,6.9249,46.6171,1765196419,1722.12,57.75,FALSE,NA,4b28b1_2025-12-08 12:23:19,2025-12-08,2025-12-08
4b28b1,6.9352,46.688,1765196599,1935.48,43.44,FALSE,NA,4b28b1_2025-12-08 12:23:19,2025-12-08,2025-12-08
4b28b1,6.8282,46.6657,1765196779,2026.92,52.88,FALSE,NA,4b28b1_2025-12-08 12:23:19,2025-12-08,2025-12-08
4b28b1,6.8051,46.6002,1765196959,1684.02,59.78,FALSE,NA,4b28b1_2025-12-08 12:23:19,2025-12-08,2025-12-08
4b28b1,6.6973,46.6238,1765197139,1402.08,52.96,FALSE,NA,4b28b1_2025-12-08 12:23:19,2025-12-08,2025-12-08
4b28b1,6.6203,46.6879,1765197319,1409.7,50.06,FALSE,NA,4b28b1_2025-12-08 12:23:19,2025-12-08,2025-12-08
4b28b1,6.5428,46.684,1765197499,1356.36,54.54,FALSE,NA,4b28b1_2025-12-08 12:23:19,2025-12-08,2025-12-08
4b28b1,6.4846,46.6036,1765197679,1402.08,55.45,FALSE,NA,4b28b1_2025-12-08 12:23:19,2025-12-08,2025-12-08
4b28b1,6.5775,46.6172,1765197859,1257.3,58.08,FALSE,NA,4b28b1_2025-12-08 12:23:19,2025-12-08,2025-12-08
4b28b1,6.6156,46.5981,1765198039,1089.66,48.55,FALSE,NA,4b28b1_2025-12-08 12:23:19,2025-12-08,2025-12-08
4b28b1,6.6162,46.5407,1765198219,701.04,39.26,FALSE,NA,4b28b1_2025-12-08 12:23:19,2025-12-08,2025-12-08
4b28b1,6.6035,46.5693,1765198399,868.68,41.21,FALSE,NA,4b28b1_2025-12-08 12:23:19,2025-12-08,2025-12-08
4b3e2d,7.2022,46.3146,1765195958,3093.72,51.08,FALSE,NA,4b3e2d_2025-12-08 13:12:38,2025-12-08,2025-12-08
4b3e2d,7.0656,46.3657,1765196138,2301.24,65.86,FALSE,NA,4b3e2d_2025-12-08 13:12:38,2025-12-08,2025-12-08
4b3e2d,6.9388,46.4199,1765196318,1821.18,67.85,FALSE,NA,4b3e2d_2025-12-08 13:12:38,2025-12-08,2025-12-08
4b3e2d,6.8731,46.4507,1765196498,1432.56,67.79,FALSE,NA,4b3e2d_2025-12-08 13:12:38,2025-12-08,2025-12-08
4b3e2d,6.6763,46.5216,1765196678,899.16,61.89,FALSE,NA,4b3e2d_2025-12-08 13:12:38,2025-12-08,2025-12-08
4b0c39,8.1271,46.8428,1765196237,2156.46,43.8,FALSE,NA,4b0c39_2025-12-08 13:17:17,2025-12-08,2025-12-08
4b0c39,8.0548,46.8192,1765196417,2103.12,61.27,FALSE,NA,4b0c39_2025-12-08 13:17:17,2025-12-08,2025-12-08
4b0c39,7.8649,46.7997,1765196597,2087.88,58.87,FALSE,NA,4b0c39_2025-12-08 13:17:17,2025-12-08,2025-12-08
4b0c39,7.7297,46.7922,1765196777,2049.78,57.19,FALSE,NA,4b0c39_2025-12-08 13:17:17,2025-12-08,2025-12-08
4b0c39,7.5945,46.787,1765196957,2042.16,56.63,FALSE,NA,4b0c39_2025-12-08 13:17:17,2025-12-08,2025-12-08
4b0c39,7.4627,46.7809,1765197137,2026.92,54.21,FALSE,NA,4b0c39_2025-12-08 13:17:17,2025-12-08,2025-12-08
4b0c39,7.3347,46.7642,1765197317,2072.64,54.79,FALSE,NA,4b0c39_2025-12-08 13:17:17,2025-12-08,2025-12-08
4b0c39,7.2129,46.7311,1765197497,2049.78,55.68,FALSE,NA,4b0c39_2025-12-08 13:17:17,2025-12-08,2025-12-08
4b0c39,7.1002,46.6801,1765197677,2065.02,58.67,FALSE,NA,4b0c39_2025-12-08 13:17:17,2025-12-08,2025-12-08
4b0c39,6.9818,46.6304,1765197857,2019.3,58.79,FALSE,NA,4b0c39_2025-12-08 13:17:17,2025-12-08,2025-12-08
4b0c39,6.8664,46.5725,1765198037,1744.98,62.5,FALSE,NA,4b0c39_2025-12-08 13:17:17,2025-12-08,2025-12-08
4b0c39,6.7347,46.5386,1765198217,1432.56,51.14,FALSE,NA,4b0c39_2025-12-08 13:17:17,2025-12-08,2025-12-08
4b0c39,6.6221,46.5442,1765198397,1005.84,50.42,FALSE,NA,4b0c39_2025-12-08 13:17:17,2025-12-08,2025-12-08
4b0c39,6.6181,46.5677,1765198577,861.06,35.47,FALSE,NA,4b0c39_2025-12-08 13:17:17,2025-12-08,2025-12-08
4b25ea,NA,NA,1765197081,NA,53.55,FALSE,NA,4b25ea_2025-12-08 13:31:21,2025-12-08,2025-12-08
4b25ea,6.991,46.2914,1765197261,1744.98,55.96,FALSE,NA,4b25ea_2025-12-08 13:31:21,2025-12-08,2025-12-08
4b25ea,6.9384,46.3714,1765197441,1737.36,55.68,FALSE,NA,4b25ea_2025-12-08 13:31:21,2025-12-08,2025-12-08
4b25ea,6.8767,46.4485,1765197621,1752.6,53.71,FALSE,NA,4b25ea_2025-12-08 13:31:21,2025-12-08,2025-12-08
4b25ea,6.7869,46.5024,1765197801,1516.38,51.31,FALSE,NA,4b25ea_2025-12-08 13:31:21,2025-12-08,2025-12-08
4b25ea,6.6731,46.5389,1765197981,1165.86,51.9,FALSE,NA,4b25ea_2025-12-08 13:31:21,2025-12-08,2025-12-08
4b25ea,6.5934,46.5517,1765198161,891.54,44.8,FALSE,NA,4b25ea_2025-12-08 13:31:21,2025-12-08,2025-12-08
4b28b1,6.6169,46.5479,1765201363,NA,NA,FALSE,NA,4b28b1_2025-12-08 14:42:43,2025-12-08,2025-12-08
4b28b1,6.6269,46.4807,1765201543,1120.14,58.58,FALSE,NA,4b28b1_2025-12-08 14:42:43,2025-12-08,2025-12-08
4b28b1,6.701,46.5364,1765201723,1226.82,61.99,FALSE,NA,4b28b1_2025-12-08 14:42:43,2025-12-08,2025-12-08
4b28b1,6.7993,46.5701,1765201903,1379.22,62.77,FALSE,NA,4b28b1_2025-12-08 14:42:43,2025-12-08,2025-12-08
4b28b1,6.8855,46.6013,1765202083,1402.08,54.38,FALSE,NA,4b28b1_2025-12-08 14:42:43,2025-12-08,2025-12-08
4b28b1,6.8082,46.5779,1765202263,1539.24,55.56,FALSE,NA,4b28b1_2025-12-08 14:42:43,2025-12-08,2025-12-08
4b28b1,6.7766,46.6397,1765202443,1623.06,60.15,FALSE,NA,4b28b1_2025-12-08 14:42:43,2025-12-08,2025-12-08
4b28b1,6.6554,46.6698,1765202623,1623.06,62.55,FALSE,NA,4b28b1_2025-12-08 14:42:43,2025-12-08,2025-12-08
4b28b1,6.5137,46.6797,1765202803,1242.06,58.28,FALSE,NA,4b28b1_2025-12-08 14:42:43,2025-12-08,2025-12-08
4b28b1,6.5895,46.6566,1765202983,1173.48,64.32,FALSE,NA,4b28b1_2025-12-08 14:42:43,2025-12-08,2025-12-08
4b28b1,6.6152,46.5883,1765203163,1021.08,40.68,FALSE,NA,4b28b1_2025-12-08 14:42:43,2025-12-08,2025-12-08
461fbd,NA,NA,1765202899,NA,60.8,FALSE,NA,461fbd_2025-12-08 15:08:19,2025-12-08,2025-12-08
461fbd,6.6728,43.2117,1765203079,1965.96,84.66,FALSE,NA,461fbd_2025-12-08 15:08:19,2025-12-08,2025-12-08
461fbd,6.8156,43.2583,1765203259,3558.54,84.05,FALSE,NA,461fbd_2025-12-08 15:08:19,2025-12-08,2025-12-08
461fbd,6.8278,43.4046,1765203439,5052.06,97.94,FALSE,NA,461fbd_2025-12-08 15:08:19,2025-12-08,2025-12-08
461fbd,6.825,43.5651,1765203619,6393.18,101.37,FALSE,NA,461fbd_2025-12-08 15:08:19,2025-12-08,2025-12-08
461fbd,6.82,43.7499,1765203799,6972.3,136.36,FALSE,NA,461fbd_2025-12-08 15:08:19,2025-12-08,2025-12-08
461fbd,6.8136,43.9801,1765203979,6972.3,144.59,FALSE,NA,461fbd_2025-12-08 15:08:19,2025-12-08,2025-12-08
461fbd,6.807,44.2151,1765204159,6972.3,145.11,FALSE,NA,461fbd_2025-12-08 15:08:19,2025-12-08,2025-12-08
461fbd,6.8004,44.4486,1765204339,6972.3,145.11,FALSE,NA,461fbd_2025-12-08 15:08:19,2025-12-08,2025-12-08
461fbd,6.7856,44.6844,1765204519,6972.3,145.88,FALSE,NA,461fbd_2025-12-08 15:08:19,2025-12-08,2025-12-08
461fbd,6.7645,44.9155,1765204699,6964.68,142.8,FALSE,NA,461fbd_2025-12-08 15:08:19,2025-12-08,2025-12-08
461fbd,6.7435,45.1462,1765204879,6964.68,142.8,FALSE,NA,461fbd_2025-12-08 15:08:19,2025-12-08,2025-12-08
461fbd,6.7231,45.3752,1765205059,6957.06,141.2,FALSE,NA,461fbd_2025-12-08 15:08:19,2025-12-08,2025-12-08
461fbd,6.7043,45.6019,1765205239,6949.44,140.17,FALSE,NA,461fbd_2025-12-08 15:08:19,2025-12-08,2025-12-08
461fbd,6.685,45.833,1765205419,5532.12,140.17,FALSE,NA,461fbd_2025-12-08 15:08:19,2025-12-08,2025-12-08
461fbd,6.6652,46.0649,1765205599,4152.9,145.85,FALSE,NA,461fbd_2025-12-08 15:08:19,2025-12-08,2025-12-08
461fbd,6.6457,46.2918,1765205779,2948.94,135.58,FALSE,NA,461fbd_2025-12-08 15:08:19,2025-12-08,2025-12-08
461fbd,6.6762,46.5033,1765205959,1775.46,117.98,FALSE,NA,461fbd_2025-12-08 15:08:19,2025-12-08,2025-12-08
461fbd,6.6204,46.5822,1765206139,1021.08,63.89,FALSE,NA,461fbd_2025-12-08 15:08:19,2025-12-08,2025-12-08
4b1af2,6.6136,46.7621,1765206839,495.3,34.58,FALSE,NA,4b1af2_2025-12-08 16:13:59,2025-12-08,2025-12-08
4b1af2,6.5824,46.7065,1765207019,1234.44,57.84,FALSE,NA,4b1af2_2025-12-08 16:13:59,2025-12-08,2025-12-08
4b1af2,6.6284,46.6381,1765207199,1173.48,53.38,FALSE,NA,4b1af2_2025-12-08 16:13:59,2025-12-08,2025-12-08
4b1af2,6.5815,46.588,1765207379,1173.48,57.7,FALSE,NA,4b1af2_2025-12-08 16:13:59,2025-12-08,2025-12-08
4b1af2,6.5694,46.5177,1765207559,1181.1,60.88,FALSE,NA,4b1af2_2025-12-08 16:13:59,2025-12-08,2025-12-08
4b1af2,6.6163,46.5414,1765207739,662.94,27.34,FALSE,NA,4b1af2_2025-12-08 16:13:59,2025-12-08,2025-12-08
4b32fd,6.5866,46.8847,1765214340,1485.9,41.27,FALSE,NA,4b32fd_2025-12-08 18:19:00,2025-12-08,2025-12-08
4b32fd,6.6021,46.783,1765214520,1432.56,68.24,FALSE,NA,4b32fd_2025-12-08 18:19:00,2025-12-08,2025-12-08
4b32fd,6.6183,46.6734,1765214700,1196.34,67.72,FALSE,NA,4b32fd_2025-12-08 18:19:00,2025-12-08,2025-12-08
4b32fd,6.6346,46.5656,1765214880,1127.76,66.7,FALSE,NA,4b32fd_2025-12-08 18:19:00,2025-12-08,2025-12-08
4b3e3f,7.0637,46.4651,1765286591,2065.02,59.2,FALSE,NA,4b3e3f_2025-12-09 14:23:11,2025-12-09,2025-12-09
4b3e3f,6.9254,46.4682,1765286771,2194.56,59.68,FALSE,NA,4b3e3f_2025-12-09 14:23:11,2025-12-09,2025-12-09
4b3e3f,6.7822,46.4686,1765286951,2217.42,61.74,FALSE,NA,4b3e3f_2025-12-09 14:23:11,2025-12-09,2025-12-09
4b3e3f,6.6402,46.4688,1765287131,1821.18,63.8,FALSE,NA,4b3e3f_2025-12-09 14:23:11,2025-12-09,2025-12-09
4b3e3f,6.491,46.4695,1765287311,1112.52,58.73,FALSE,NA,4b3e3f_2025-12-09 14:23:11,2025-12-09,2025-12-09
4b3e3f,6.3531,46.478,1765287491,1112.52,63.28,FALSE,NA,4b3e3f_2025-12-09 14:23:11,2025-12-09,2025-12-09
4b3e3f,6.4673,46.5322,1765287671,1120.14,72.57,FALSE,NA,4b3e3f_2025-12-09 14:23:11,2025-12-09,2025-12-09
4b3e3f,6.5924,46.5445,1765287851,967.74,55.9,FALSE,NA,4b3e3f_2025-12-09 14:23:11,2025-12-09,2025-12-09
4b3e3f,6.6171,46.5502,1765288031,708.66,21.15,FALSE,NA,4b3e3f_2025-12-09 14:23:11,2025-12-09,2025-12-09
4b4381,6.9876,46.3436,1765352968,1859.28,45.1,FALSE,NA,4b4381_2025-12-10 08:49:28,2025-12-10,2025-12-10
4b4381,6.9314,46.4083,1765353148,1668.78,47.01,FALSE,NA,4b4381_2025-12-10 08:49:28,2025-12-10,2025-12-10
4b4381,6.8575,46.4585,1765353328,1584.96,44.95,FALSE,NA,4b4381_2025-12-10 08:49:28,2025-12-10,2025-12-10
4b4381,6.7644,46.4911,1765353508,1242.06,42.83,FALSE,NA,4b4381_2025-12-10 08:49:28,2025-12-10,2025-12-10
a1e6db,26.1095,44.5046,1765354270,198.12,65.51,FALSE,NA,a1e6db_2025-12-10 09:11:10,2025-12-10,2025-12-10
a1e6db,26.1694,44.5566,1765354450,1584.96,83.14,FALSE,NA,a1e6db_2025-12-10 09:11:10,2025-12-10,2025-12-10
a1e6db,26.0233,44.6335,1765354630,3093.72,78.71,FALSE,NA,a1e6db_2025-12-10 09:11:10,2025-12-10,2025-12-10
a1e6db,25.8797,44.7086,1765354810,4434.84,79.84,FALSE,NA,a1e6db_2025-12-10 09:11:10,2025-12-10,2025-12-10
a1e6db,25.7243,44.7895,1765354990,5288.28,88.39,FALSE,NA,a1e6db_2025-12-10 09:11:10,2025-12-10,2025-12-10
a1e6db,25.5279,44.8484,1765355170,6035.04,95.15,FALSE,NA,a1e6db_2025-12-10 09:11:10,2025-12-10,2025-12-10
a1e6db,25.3248,44.9053,1765355350,6644.64,97.44,FALSE,NA,a1e6db_2025-12-10 09:11:10,2025-12-10,2025-12-10
a1e6db,25.1186,44.9628,1765355530,7208.52,95.63,FALSE,NA,a1e6db_2025-12-10 09:11:10,2025-12-10,2025-12-10
a1e6db,24.9201,45.0175,1765355710,7696.2,92.19,FALSE,NA,a1e6db_2025-12-10 09:11:10,2025-12-10,2025-12-10
a1e6db,24.7219,45.0719,1765355890,8130.54,95.44,FALSE,NA,a1e6db_2025-12-10 09:11:10,2025-12-10,2025-12-10
a1e6db,24.4933,45.1339,1765356070,8145.78,114.46,FALSE,NA,a1e6db_2025-12-10 09:11:10,2025-12-10,2025-12-10
a1e6db,24.2567,45.1976,1765356250,8145.78,118.19,FALSE,NA,a1e6db_2025-12-10 09:11:10,2025-12-10,2025-12-10
a1e6db,23.9896,45.2685,1765356430,8153.4,118.98,FALSE,NA,a1e6db_2025-12-10 09:11:10,2025-12-10,2025-12-10
a1e6db,23.7309,45.3365,1765356610,8161.02,122.41,FALSE,NA,a1e6db_2025-12-10 09:11:10,2025-12-10,2025-12-10
a1e6db,23.4654,45.4056,1765356790,8168.64,124.34,FALSE,NA,a1e6db_2025-12-10 09:11:10,2025-12-10,2025-12-10
a1e6db,23.2016,45.4734,1765356970,8176.26,124.16,FALSE,NA,a1e6db_2025-12-10 09:11:10,2025-12-10,2025-12-10
a1e6db,22.9533,45.5366,1765357150,8176.26,124.16,FALSE,NA,a1e6db_2025-12-10 09:11:10,2025-12-10,2025-12-10
a1e6db,22.665,45.6091,1765357330,8176.26,124.48,FALSE,NA,a1e6db_2025-12-10 09:11:10,2025-12-10,2025-12-10
a1e6db,22.3901,45.6773,1765357510,8183.88,124.3,FALSE,NA,a1e6db_2025-12-10 09:11:10,2025-12-10,2025-12-10
a1e6db,22.1196,45.7437,1765357690,8183.88,124.79,FALSE,NA,a1e6db_2025-12-10 09:11:10,2025-12-10,2025-12-10
a1e6db,21.841,45.8112,1765357870,8191.5,127.87,FALSE,NA,a1e6db_2025-12-10 09:11:10,2025-12-10,2025-12-10
a1e6db,21.5616,45.8781,1765358050,8191.5,127.71,FALSE,NA,a1e6db_2025-12-10 09:11:10,2025-12-10,2025-12-10
a1e6db,21.2809,45.9444,1765358230,8199.12,127.54,FALSE,NA,a1e6db_2025-12-10 09:11:10,2025-12-10,2025-12-10
a1e6db,20.9997,46.01,1765358410,8199.12,129.01,FALSE,NA,a1e6db_2025-12-10 09:11:10,2025-12-10,2025-12-10
a1e6db,20.7145,46.0757,1765358590,8199.12,129.98,FALSE,NA,a1e6db_2025-12-10 09:11:10,2025-12-10,2025-12-10
a1e6db,20.4277,46.1408,1765358770,8199.12,131.45,FALSE,NA,a1e6db_2025-12-10 09:11:10,2025-12-10,2025-12-10
a1e6db,20.1333,46.2068,1765358950,8206.74,131.29,FALSE,NA,a1e6db_2025-12-10 09:11:10,2025-12-10,2025-12-10
a1e6db,19.8443,46.2707,1765359130,8206.74,130,FALSE,NA,a1e6db_2025-12-10 09:11:10,2025-12-10,2025-12-10
a1e6db,19.5554,46.3336,1765359310,8206.74,130.49,FALSE,NA,a1e6db_2025-12-10 09:11:10,2025-12-10,2025-12-10
a1e6db,19.2631,46.3965,1765359490,8214.36,129.85,FALSE,NA,a1e6db_2025-12-10 09:11:10,2025-12-10,2025-12-10
a1e6db,18.9743,46.4578,1765359670,8214.36,129.05,FALSE,NA,a1e6db_2025-12-10 09:11:10,2025-12-10,2025-12-10
a1e6db,18.6849,46.5183,1765359850,8214.36,128.9,FALSE,NA,a1e6db_2025-12-10 09:11:10,2025-12-10,2025-12-10
a1e6db,18.3974,46.5775,1765360030,8214.36,128.76,FALSE,NA,a1e6db_2025-12-10 09:11:10,2025-12-10,2025-12-10
a1e6db,18.1064,46.6365,1765360210,8214.36,129.1,FALSE,NA,a1e6db_2025-12-10 09:11:10,2025-12-10,2025-12-10
a1e6db,17.815,46.6949,1765360390,8221.98,129.46,FALSE,NA,a1e6db_2025-12-10 09:11:10,2025-12-10,2025-12-10
a1e6db,17.5235,46.7524,1765360570,8221.98,128.47,FALSE,NA,a1e6db_2025-12-10 09:11:10,2025-12-10,2025-12-10
a1e6db,17.2329,46.8088,1765360750,8221.98,128.19,FALSE,NA,a1e6db_2025-12-10 09:11:10,2025-12-10,2025-12-10
a1e6db,16.9436,46.8642,1765360930,8221.98,127.06,FALSE,NA,a1e6db_2025-12-10 09:11:10,2025-12-10,2025-12-10
a1e6db,16.6551,46.9185,1765361110,8221.98,127.42,FALSE,NA,a1e6db_2025-12-10 09:11:10,2025-12-10,2025-12-10
a1e6db,16.3644,46.9724,1765361290,8221.98,127.91,FALSE,NA,a1e6db_2025-12-10 09:11:10,2025-12-10,2025-12-10
a1e6db,16.0721,47.0205,1765361470,8221.98,127.34,FALSE,NA,a1e6db_2025-12-10 09:11:10,2025-12-10,2025-12-10
a1e6db,15.7771,47.0632,1765361650,8221.98,128.34,FALSE,NA,a1e6db_2025-12-10 09:11:10,2025-12-10,2025-12-10
a1e6db,15.4784,47.1057,1765361830,8221.98,129.24,FALSE,NA,a1e6db_2025-12-10 09:11:10,2025-12-10,2025-12-10
a1e6db,15.1782,47.1475,1765362010,8221.98,129.64,FALSE,NA,a1e6db_2025-12-10 09:11:10,2025-12-10,2025-12-10
a1e6db,14.8765,47.1887,1765362190,8221.98,129.54,FALSE,NA,a1e6db_2025-12-10 09:11:10,2025-12-10,2025-12-10
a1e6db,14.5738,47.2307,1765362370,8221.98,130.36,FALSE,NA,a1e6db_2025-12-10 09:11:10,2025-12-10,2025-12-10
a1e6db,14.2691,47.2734,1765362550,8221.98,131.76,FALSE,NA,a1e6db_2025-12-10 09:11:10,2025-12-10,2025-12-10
a1e6db,13.9615,47.3156,1765362730,8214.36,132.67,FALSE,NA,a1e6db_2025-12-10 09:11:10,2025-12-10,2025-12-10
a1e6db,13.6505,47.3574,1765362910,8214.36,133.68,FALSE,NA,a1e6db_2025-12-10 09:11:10,2025-12-10,2025-12-10
a1e6db,13.3394,47.3984,1765363090,8214.36,131.97,FALSE,NA,a1e6db_2025-12-10 09:11:10,2025-12-10,2025-12-10
a1e6db,13.0303,47.438,1765363270,8206.74,132.98,FALSE,NA,a1e6db_2025-12-10 09:11:10,2025-12-10,2025-12-10
a1e6db,12.7172,47.4775,1765363450,8206.74,131.88,FALSE,NA,a1e6db_2025-12-10 09:11:10,2025-12-10,2025-12-10
a1e6db,12.4058,47.5157,1765363630,8206.74,133.3,FALSE,NA,a1e6db_2025-12-10 09:11:10,2025-12-10,2025-12-10
a1e6db,12.0943,47.5531,1765363810,8199.12,131.6,FALSE,NA,a1e6db_2025-12-10 09:11:10,2025-12-10,2025-12-10
a1e6db,11.7826,47.5895,1765363990,8199.12,133.54,FALSE,NA,a1e6db_2025-12-10 09:11:10,2025-12-10,2025-12-10
a1e6db,11.4669,47.6255,1765364170,8191.5,134.05,FALSE,NA,a1e6db_2025-12-10 09:11:10,2025-12-10,2025-12-10
a1e6db,11.1509,47.6607,1765364350,8191.5,134.47,FALSE,NA,a1e6db_2025-12-10 09:11:10,2025-12-10,2025-12-10
a1e6db,10.8306,47.6954,1765364530,8183.88,136,FALSE,NA,a1e6db_2025-12-10 09:11:10,2025-12-10,2025-12-10
a1e6db,10.5104,47.7291,1765364710,8183.88,134.82,FALSE,NA,a1e6db_2025-12-10 09:11:10,2025-12-10,2025-12-10
a1e6db,10.1941,47.7422,1765364890,8176.26,131.78,FALSE,NA,a1e6db_2025-12-10 09:11:10,2025-12-10,2025-12-10
a1e6db,9.8772,47.7346,1765365070,8176.26,132.31,FALSE,NA,a1e6db_2025-12-10 09:11:10,2025-12-10,2025-12-10
a1e6db,9.5623,47.7265,1765365250,8176.26,131.31,FALSE,NA,a1e6db_2025-12-10 09:11:10,2025-12-10,2025-12-10
a1e6db,9.247,47.7189,1765365430,8176.26,131.28,FALSE,NA,a1e6db_2025-12-10 09:11:10,2025-12-10,2025-12-10
a1e6db,8.9332,47.7109,1765365610,8168.64,130.38,FALSE,NA,a1e6db_2025-12-10 09:11:10,2025-12-10,2025-12-10
a1e6db,8.6553,47.6226,1765365790,8168.64,128.38,FALSE,NA,a1e6db_2025-12-10 09:11:10,2025-12-10,2025-12-10
a1e6db,8.3824,47.5273,1765365970,8168.64,128.62,FALSE,NA,a1e6db_2025-12-10 09:11:10,2025-12-10,2025-12-10
a1e6db,8.1116,47.4317,1765366150,8168.64,128.4,FALSE,NA,a1e6db_2025-12-10 09:11:10,2025-12-10,2025-12-10
a1e6db,7.8359,47.3333,1765366330,7863.84,126.56,FALSE,NA,a1e6db_2025-12-10 09:11:10,2025-12-10,2025-12-10
a1e6db,7.578,47.2402,1765366510,7513.32,129.82,FALSE,NA,a1e6db_2025-12-10 09:11:10,2025-12-10,2025-12-10
a1e6db,7.3066,47.1303,1765366690,5943.6,131.93,FALSE,NA,a1e6db_2025-12-10 09:11:10,2025-12-10,2025-12-10
a1e6db,7.0939,47.0146,1765366870,4671.06,102.84,FALSE,NA,a1e6db_2025-12-10 09:11:10,2025-12-10,2025-12-10
a1e6db,6.9091,46.911,1765367050,2979.42,95.71,FALSE,NA,a1e6db_2025-12-10 09:11:10,2025-12-10,2025-12-10
a1e6db,6.7683,46.7975,1765367230,1729.74,103.56,FALSE,NA,a1e6db_2025-12-10 09:11:10,2025-12-10,2025-12-10
a1e6db,6.6511,46.6923,1765367410,1120.14,63.78,FALSE,NA,a1e6db_2025-12-10 09:11:10,2025-12-10,2025-12-10
a1e6db,6.6205,46.5826,1765367590,944.88,45.93,FALSE,NA,a1e6db_2025-12-10 09:11:10,2025-12-10,2025-12-10
4b25ea,6.6167,46.5457,1765358116,662.94,32.96,FALSE,NA,4b25ea_2025-12-10 10:15:16,2025-12-10,2025-12-10
4b25ea,6.5862,46.5027,1765358296,1203.96,40.17,FALSE,NA,4b25ea_2025-12-10 10:15:16,2025-12-10,2025-12-10
4b25ea,6.5449,46.5773,1765358476,1280.16,59.73,FALSE,NA,4b25ea_2025-12-10 10:15:16,2025-12-10,2025-12-10
4b25ea,6.5144,46.6693,1765358656,1371.6,51.41,FALSE,NA,4b25ea_2025-12-10 10:15:16,2025-12-10,2025-12-10
4b25ea,6.5268,46.7487,1765358836,1562.1,59.66,FALSE,NA,4b25ea_2025-12-10 10:15:16,2025-12-10,2025-12-10
4b25ea,6.5848,46.7932,1765359016,1577.34,41.41,FALSE,NA,4b25ea_2025-12-10 10:15:16,2025-12-10,2025-12-10
4b25ea,6.5819,46.7223,1765359196,1584.96,47.53,FALSE,NA,4b25ea_2025-12-10 10:15:16,2025-12-10,2025-12-10
4b25ea,6.634,46.6856,1765359376,1569.72,50.93,FALSE,NA,4b25ea_2025-12-10 10:15:16,2025-12-10,2025-12-10
4b25ea,6.7196,46.6325,1765359556,1760.22,42.25,FALSE,NA,4b25ea_2025-12-10 10:15:16,2025-12-10,2025-12-10
4b25ea,6.7774,46.6055,1765359736,1897.38,51.51,FALSE,NA,4b25ea_2025-12-10 10:15:16,2025-12-10,2025-12-10
4b25ea,6.7998,46.539,1765359916,1866.9,41.78,FALSE,NA,4b25ea_2025-12-10 10:15:16,2025-12-10,2025-12-10
4b25ea,6.8648,46.4791,1765360096,1950.72,44.09,FALSE,NA,4b25ea_2025-12-10 10:15:16,2025-12-10,2025-12-10
4b25ea,6.9262,46.4284,1765360276,2346.96,45.2,FALSE,NA,4b25ea_2025-12-10 10:15:16,2025-12-10,2025-12-10
4b25ea,6.9794,46.3671,1765360456,2346.96,45.42,FALSE,NA,4b25ea_2025-12-10 10:15:16,2025-12-10,2025-12-10
4b25ea,6.9346,46.3403,1765360636,1760.22,56.77,FALSE,NA,4b25ea_2025-12-10 10:15:16,2025-12-10,2025-12-10
4b25ea,6.876,46.4145,1765360816,1577.34,48.31,FALSE,NA,4b25ea_2025-12-10 10:15:16,2025-12-10,2025-12-10
4b25ea,6.8209,46.491,1765360996,1478.28,54.09,FALSE,NA,4b25ea_2025-12-10 10:15:16,2025-12-10,2025-12-10
4b25ea,6.7519,46.5648,1765361176,1363.98,55.47,FALSE,NA,4b25ea_2025-12-10 10:15:16,2025-12-10,2025-12-10
4b25ea,6.6678,46.6277,1765361356,1219.2,50.67,FALSE,NA,4b25ea_2025-12-10 10:15:16,2025-12-10,2025-12-10
4b25ea,6.6199,46.5871,1765361536,1028.7,42.95,FALSE,NA,4b25ea_2025-12-10 10:15:16,2025-12-10,2025-12-10
4b2837,6.7787,47.0474,1765360481,1478.28,43.42,FALSE,NA,4b2837_2025-12-10 10:54:41,2025-12-10,2025-12-10
4b2837,6.7426,46.9676,1765360661,1645.92,52.93,FALSE,NA,4b2837_2025-12-10 10:54:41,2025-12-10,2025-12-10
4b2837,6.6623,46.904,1765360841,1653.54,51.29,FALSE,NA,4b2837_2025-12-10 10:54:41,2025-12-10,2025-12-10
4b2837,6.5862,46.8358,1765361021,1577.34,55.54,FALSE,NA,4b2837_2025-12-10 10:54:41,2025-12-10,2025-12-10
4b2837,6.5715,46.7419,1765361201,1325.88,58.87,FALSE,NA,4b2837_2025-12-10 10:54:41,2025-12-10,2025-12-10
4b2837,6.5809,46.6569,1765361381,1051.56,56.72,FALSE,NA,4b2837_2025-12-10 10:54:41,2025-12-10,2025-12-10
4b2837,6.6228,46.6068,1765361561,1089.66,44.29,FALSE,NA,4b2837_2025-12-10 10:54:41,2025-12-10,2025-12-10
4b1af2,6.6167,46.545,1765360584,678.18,35.02,FALSE,NA,4b1af2_2025-12-10 10:56:24,2025-12-10,2025-12-10
4b1af2,6.6599,46.4998,1765360764,1371.6,48.82,FALSE,NA,4b1af2_2025-12-10 10:56:24,2025-12-10,2025-12-10
4b1af2,6.7815,46.4865,1765360944,1965.96,51.53,FALSE,NA,4b1af2_2025-12-10 10:56:24,2025-12-10,2025-12-10
4b1af2,6.8745,46.4577,1765361124,2514.6,40.38,FALSE,NA,4b1af2_2025-12-10 10:56:24,2025-12-10,2025-12-10
4b1af2,6.9271,46.4025,1765361304,2956.56,39.34,FALSE,NA,4b1af2_2025-12-10 10:56:24,2025-12-10,2025-12-10
4b1af2,6.9978,46.3353,1765361484,2964.18,54.26,FALSE,NA,4b1af2_2025-12-10 10:56:24,2025-12-10,2025-12-10
4b1af2,7.1218,46.3928,1765361664,2979.42,53.51,FALSE,NA,4b1af2_2025-12-10 10:56:24,2025-12-10,2025-12-10
4b1af2,7.1564,46.3235,1765361844,3169.92,51.59,FALSE,NA,4b1af2_2025-12-10 10:56:24,2025-12-10,2025-12-10
4b1af2,7.244,46.3096,1765362024,3329.94,63.44,FALSE,NA,4b1af2_2025-12-10 10:56:24,2025-12-10,2025-12-10
4b1af2,7.3713,46.3645,1765362204,3314.7,56.65,FALSE,NA,4b1af2_2025-12-10 10:56:24,2025-12-10,2025-12-10
4b1af2,7.5044,46.382,1765362384,3291.84,59.71,FALSE,NA,4b1af2_2025-12-10 10:56:24,2025-12-10,2025-12-10
4b1af2,7.4059,46.431,1765362564,3223.26,55.69,FALSE,NA,4b1af2_2025-12-10 10:56:24,2025-12-10,2025-12-10
4b1af2,7.2986,46.4856,1765362744,3192.78,60.74,FALSE,NA,4b1af2_2025-12-10 10:56:24,2025-12-10,2025-12-10
4b1af2,7.1878,46.5254,1765362924,2987.04,68.63,FALSE,NA,4b1af2_2025-12-10 10:56:24,2025-12-10,2025-12-10
4b1af2,7.0772,46.5992,1765363104,2583.18,60.6,FALSE,NA,4b1af2_2025-12-10 10:56:24,2025-12-10,2025-12-10
4b1af2,6.9506,46.6419,1765363284,2369.82,65.34,FALSE,NA,4b1af2_2025-12-10 10:56:24,2025-12-10,2025-12-10
4b1af2,6.8009,46.6503,1765363464,1821.18,58.32,FALSE,NA,4b1af2_2025-12-10 10:56:24,2025-12-10,2025-12-10
4b1af2,6.6674,46.6555,1765363644,1295.4,56.2,FALSE,NA,4b1af2_2025-12-10 10:56:24,2025-12-10,2025-12-10
4b1af2,6.6215,46.5933,1765363824,1051.56,45.34,FALSE,NA,4b1af2_2025-12-10 10:56:24,2025-12-10,2025-12-10
4b1af2,6.6164,46.5325,1765364004,800.1,43.74,FALSE,NA,4b1af2_2025-12-10 10:56:24,2025-12-10,2025-12-10
4b1af2,6.5955,46.5702,1765364184,868.68,48.97,FALSE,NA,4b1af2_2025-12-10 10:56:24,2025-12-10,2025-12-10
4b1af2,6.6093,46.5223,1765364364,868.68,39.67,FALSE,NA,4b1af2_2025-12-10 10:56:24,2025-12-10,2025-12-10
4b1af2,6.6094,46.5688,1765364544,868.68,43.55,FALSE,NA,4b1af2_2025-12-10 10:56:24,2025-12-10,2025-12-10
4b28b1,6.6169,46.5471,1765360936,670.56,27.34,FALSE,NA,4b28b1_2025-12-10 11:02:16,2025-12-10,2025-12-10
4b28b1,6.5855,46.5034,1765361116,1295.4,49.5,FALSE,NA,4b28b1_2025-12-10 11:02:16,2025-12-10,2025-12-10
4b28b1,6.5314,46.5829,1765361296,1562.1,66.51,FALSE,NA,4b28b1_2025-12-10 11:02:16,2025-12-10,2025-12-10
4b28b1,6.559,46.639,1765361476,1546.86,42.75,FALSE,NA,4b28b1_2025-12-10 11:02:16,2025-12-10,2025-12-10
4b28b1,6.5322,46.6569,1765361656,1539.24,24.86,FALSE,NA,4b28b1_2025-12-10 11:02:16,2025-12-10,2025-12-10
4b28b1,6.5205,46.6099,1765361836,1394.46,44.1,FALSE,NA,4b28b1_2025-12-10 11:02:16,2025-12-10,2025-12-10
4b28b1,6.517,46.6288,1765362016,1295.4,33.66,FALSE,NA,4b28b1_2025-12-10 11:02:16,2025-12-10,2025-12-10
4b28b1,6.4501,46.5918,1765362196,1508.76,30.54,FALSE,NA,4b28b1_2025-12-10 11:02:16,2025-12-10,2025-12-10
4b28b1,6.5002,46.655,1765362376,1379.22,62.91,FALSE,NA,4b28b1_2025-12-10 11:02:16,2025-12-10,2025-12-10
4b28b1,6.5456,46.6537,1765362556,1318.26,47.56,FALSE,NA,4b28b1_2025-12-10 11:02:16,2025-12-10,2025-12-10
4b28b1,6.6298,46.639,1765362736,1150.62,45.92,FALSE,NA,4b28b1_2025-12-10 11:02:16,2025-12-10,2025-12-10
4b28b1,6.6186,46.5713,1765362916,899.16,39.43,FALSE,NA,4b28b1_2025-12-10 11:02:16,2025-12-10,2025-12-10
4b3e95,NA,NA,1765363125,NA,2.57,FALSE,NA,4b3e95_2025-12-10 11:38:45,2025-12-10,2025-12-10
4b3e95,6.2062,46.3963,1765363305,1059.18,68.87,FALSE,NA,4b3e95_2025-12-10 11:38:45,2025-12-10,2025-12-10
4b3e95,6.3289,46.4695,1765363485,1097.28,61.14,FALSE,NA,4b3e95_2025-12-10 11:38:45,2025-12-10,2025-12-10
4b3e95,6.4204,46.5074,1765363665,861.06,42.42,FALSE,NA,4b3e95_2025-12-10 11:38:45,2025-12-10,2025-12-10
4b3e95,6.4218,46.498,1765363845,571.5,0,FALSE,NA,4b3e95_2025-12-10 11:38:45,2025-12-10,2025-12-10
4b3e95,6.4226,46.498,1765364025,624.84,0.51,FALSE,NA,4b3e95_2025-12-10 11:38:45,2025-12-10,2025-12-10
4b3e95,6.4533,46.5193,1765364205,967.74,46.2,FALSE,NA,4b3e95_2025-12-10 11:38:45,2025-12-10,2025-12-10
4b3e95,6.5465,46.5876,1765364385,1043.94,60.03,FALSE,NA,4b3e95_2025-12-10 11:38:45,2025-12-10,2025-12-10
4b3e95,6.62,46.5786,1765364565,929.64,35.02,FALSE,NA,4b3e95_2025-12-10 11:38:45,2025-12-10,2025-12-10
44aae2,5.4338,50.6304,1765363287,525.78,62.57,FALSE,NA,44aae2_2025-12-10 11:41:27,2025-12-10,2025-12-10
44aae2,5.5744,50.5937,1765363467,2362.2,90.17,FALSE,NA,44aae2_2025-12-10 11:41:27,2025-12-10,2025-12-10
44aae2,5.6734,50.4791,1765363647,4038.6,80.31,FALSE,NA,44aae2_2025-12-10 11:41:27,2025-12-10,2025-12-10
44aae2,5.7604,50.3628,1765363827,5326.38,79.16,FALSE,NA,44aae2_2025-12-10 11:41:27,2025-12-10,2025-12-10
44aae2,5.8461,50.2476,1765364007,6271.26,80.31,FALSE,NA,44aae2_2025-12-10 11:41:27,2025-12-10,2025-12-10
44aae2,5.9334,50.1295,1765364187,7056.12,83.76,FALSE,NA,44aae2_2025-12-10 11:41:27,2025-12-10,2025-12-10
44aae2,6.0218,50.0039,1765364367,7673.34,89.58,FALSE,NA,44aae2_2025-12-10 11:41:27,2025-12-10,2025-12-10
44aae2,6.1169,49.8674,1765364547,8100.06,95.33,FALSE,NA,44aae2_2025-12-10 11:41:27,2025-12-10,2025-12-10
44aae2,6.2187,49.7196,1765364727,8427.72,112.62,FALSE,NA,44aae2_2025-12-10 11:41:27,2025-12-10,2025-12-10
44aae2,6.3415,49.5411,1765364907,8435.34,126.2,FALSE,NA,44aae2_2025-12-10 11:41:27,2025-12-10,2025-12-10
44aae2,6.4704,49.3515,1765365087,8442.96,130.38,FALSE,NA,44aae2_2025-12-10 11:41:27,2025-12-10,2025-12-10
44aae2,6.5531,49.1553,1765365267,8450.58,123.04,FALSE,NA,44aae2_2025-12-10 11:41:27,2025-12-10,2025-12-10
44aae2,6.5635,48.9537,1765365447,8450.58,126.64,FALSE,NA,44aae2_2025-12-10 11:41:27,2025-12-10,2025-12-10
44aae2,6.5738,48.7489,1765365627,8458.2,127.65,FALSE,NA,44aae2_2025-12-10 11:41:27,2025-12-10,2025-12-10
44aae2,6.5841,48.5422,1765365807,8458.2,129.19,FALSE,NA,44aae2_2025-12-10 11:41:27,2025-12-10,2025-12-10
44aae2,6.5946,48.3319,1765365987,8465.82,130.24,FALSE,NA,44aae2_2025-12-10 11:41:27,2025-12-10,2025-12-10
44aae2,6.605,48.1241,1765366167,8465.82,128.68,FALSE,NA,44aae2_2025-12-10 11:41:27,2025-12-10,2025-12-10
44aae2,6.6152,47.9128,1765366347,8473.44,130.73,FALSE,NA,44aae2_2025-12-10 11:41:27,2025-12-10,2025-12-10
44aae2,6.6255,47.6985,1765366527,7840.98,131.76,FALSE,NA,44aae2_2025-12-10 11:41:27,2025-12-10,2025-12-10
44aae2,6.6358,47.4843,1765366707,7239,133.3,FALSE,NA,44aae2_2025-12-10 11:41:27,2025-12-10,2025-12-10
44aae2,6.6183,47.2755,1765366887,7239,126.27,FALSE,NA,44aae2_2025-12-10 11:41:27,2025-12-10,2025-12-10
44aae2,6.5671,47.065,1765367067,5341.62,131.51,FALSE,NA,44aae2_2025-12-10 11:41:27,2025-12-10,2025-12-10
44aae2,6.5195,46.8702,1765367247,3512.82,118.91,FALSE,NA,44aae2_2025-12-10 11:41:27,2025-12-10,2025-12-10
44aae2,6.4773,46.6932,1765367427,2956.56,112.84,FALSE,NA,44aae2_2025-12-10 11:41:27,2025-12-10,2025-12-10
44aae2,6.6243,46.6267,1765367607,1112.52,72.58,FALSE,NA,44aae2_2025-12-10 11:41:27,2025-12-10,2025-12-10
44aae2,6.6171,46.5498,1765367787,678.18,42.81,FALSE,NA,44aae2_2025-12-10 11:41:27,2025-12-10,2025-12-10
4b1bdd,NA,NA,1765371619,NA,48.79,FALSE,NA,4b1bdd_2025-12-10 14:00:19,2025-12-10,2025-12-10
4b1bdd,7.0446,46.269,1765371799,1988.82,56.59,FALSE,NA,4b1bdd_2025-12-10 14:00:19,2025-12-10,2025-12-10
4b1bdd,6.9858,46.3503,1765371979,2217.42,62.26,FALSE,NA,4b1bdd_2025-12-10 14:00:19,2025-12-10,2025-12-10
4b1bdd,6.9107,46.4303,1765372159,1691.64,61.46,FALSE,NA,4b1bdd_2025-12-10 14:00:19,2025-12-10,2025-12-10
4b1bdd,6.7992,46.4921,1765372339,1455.42,51.35,FALSE,NA,4b1bdd_2025-12-10 14:00:19,2025-12-10,2025-12-10
4b1bdd,6.6839,46.5352,1765372519,1165.86,51.41,FALSE,NA,4b1bdd_2025-12-10 14:00:19,2025-12-10,2025-12-10
4b1bdd,6.5891,46.5553,1765372699,891.54,47.1,FALSE,NA,4b1bdd_2025-12-10 14:00:19,2025-12-10,2025-12-10
4b1af2,6.6168,46.5462,1765372715,NA,NA,FALSE,NA,4b1af2_2025-12-10 14:18:35,2025-12-10,2025-12-10
4b1af2,6.5897,46.5656,1765372895,899.16,57.1,FALSE,NA,4b1af2_2025-12-10 14:18:35,2025-12-10,2025-12-10
4b1af2,6.612,46.525,1765373075,891.54,43.46,FALSE,NA,4b1af2_2025-12-10 14:18:35,2025-12-10,2025-12-10
4b1af2,6.6183,46.5619,1765373255,838.2,36.53,FALSE,NA,4b1af2_2025-12-10 14:18:35,2025-12-10,2025-12-10
4b1af2,6.5864,46.5342,1765373435,883.92,52.6,FALSE,NA,4b1af2_2025-12-10 14:18:35,2025-12-10,2025-12-10
4b1af2,6.6166,46.5447,1765373615,662.94,18.55,FALSE,NA,4b1af2_2025-12-10 14:18:35,2025-12-10,2025-12-10
4b28b1,6.6169,46.5479,1765375956,NA,NA,FALSE,NA,4b28b1_2025-12-10 15:12:36,2025-12-10,2025-12-10
4b28b1,6.6351,46.4907,1765376136,1333.5,50.31,FALSE,NA,4b28b1_2025-12-10 15:12:36,2025-12-10,2025-12-10
4b28b1,6.7589,46.4677,1765376316,1722.12,57.31,FALSE,NA,4b28b1_2025-12-10 15:12:36,2025-12-10,2025-12-10
4b28b1,6.8573,46.4172,1765376496,1714.5,52.58,FALSE,NA,4b28b1_2025-12-10 15:12:36,2025-12-10,2025-12-10
4b28b1,6.9197,46.3401,1765376676,1714.5,54.81,FALSE,NA,4b28b1_2025-12-10 15:12:36,2025-12-10,2025-12-10
4b28b1,7.0243,46.3008,1765376856,2171.7,49.87,FALSE,NA,4b28b1_2025-12-10 15:12:36,2025-12-10,2025-12-10
4b28b1,6.9792,46.2527,1765377036,2628.9,50.17,FALSE,NA,4b28b1_2025-12-10 15:12:36,2025-12-10,2025-12-10
4b28b1,7.0431,46.3333,1765377216,2674.62,61.62,FALSE,NA,4b28b1_2025-12-10 15:12:36,2025-12-10,2025-12-10
4b28b1,7.0391,46.3417,1765377396,2308.86,65.87,FALSE,NA,4b28b1_2025-12-10 15:12:36,2025-12-10,2025-12-10
4b28b1,7.1195,46.425,1765377576,2293.62,58.21,FALSE,NA,4b28b1_2025-12-10 15:12:36,2025-12-10,2025-12-10
4b28b1,7.1473,46.4592,1765377756,2286,62.23,FALSE,NA,4b28b1_2025-12-10 15:12:36,2025-12-10,2025-12-10
4b28b1,7.3398,46.5355,1765377936,2324.1,59.03,FALSE,NA,4b28b1_2025-12-10 15:12:36,2025-12-10,2025-12-10
4b28b1,7.2875,46.613,1765378116,2186.94,65.58,FALSE,NA,4b28b1_2025-12-10 15:12:36,2025-12-10,2025-12-10
4b28b1,7.2634,46.713,1765378296,2026.92,58.58,FALSE,NA,4b28b1_2025-12-10 15:12:36,2025-12-10,2025-12-10
4b28b1,7.1803,46.7326,1765378476,2019.3,44.44,FALSE,NA,4b28b1_2025-12-10 15:12:36,2025-12-10,2025-12-10
4b28b1,7.0827,46.7088,1765378656,2011.68,47.34,FALSE,NA,4b28b1_2025-12-10 15:12:36,2025-12-10,2025-12-10
4b28b1,6.9813,46.6932,1765378836,2019.3,44.74,FALSE,NA,4b28b1_2025-12-10 15:12:36,2025-12-10,2025-12-10
4b28b1,6.857,46.6738,1765379016,1569.72,54.91,FALSE,NA,4b28b1_2025-12-10 15:12:36,2025-12-10,2025-12-10
4b28b1,6.7401,46.6557,1765379196,1272.54,54.49,FALSE,NA,4b28b1_2025-12-10 15:12:36,2025-12-10,2025-12-10
4b28b1,6.6357,46.6382,1765379376,1196.34,51.78,FALSE,NA,4b28b1_2025-12-10 15:12:36,2025-12-10,2025-12-10
4b28b1,6.6156,46.6114,1765379556,1104.9,47.29,TRUE,NA,4b28b1_2025-12-10 15:12:36,2025-12-10,2025-12-10
4b28b1,6.6196,46.5816,1765379736,998.22,34.14,TRUE,NA,4b28b1_2025-12-10 15:12:36,2025-12-10,2025-12-10
4b1af2,6.6168,46.5464,1765377796,NA,NA,FALSE,NA,4b1af2_2025-12-10 15:43:16,2025-12-10,2025-12-10
4b1af2,6.5897,46.5669,1765377976,883.92,52.27,FALSE,NA,4b1af2_2025-12-10 15:43:16,2025-12-10,2025-12-10
4b1af2,6.6136,46.5271,1765378156,861.06,44.92,FALSE,NA,4b1af2_2025-12-10 15:43:16,2025-12-10,2025-12-10
4b1af2,6.6089,46.5736,1765378336,861.06,45.32,FALSE,NA,4b1af2_2025-12-10 15:43:16,2025-12-10,2025-12-10
4b1af2,6.6107,46.5167,1765378516,1005.84,40.96,FALSE,NA,4b1af2_2025-12-10 15:43:16,2025-12-10,2025-12-10
4b1af2,6.7159,46.4728,1765378696,1120.14,63.51,FALSE,NA,4b1af2_2025-12-10 15:43:16,2025-12-10,2025-12-10
4b1af2,6.8479,46.443600000000004,1765378876,1143,59.61,FALSE,NA,4b1af2_2025-12-10 15:43:16,2025-12-10,2025-12-10
4b1af2,6.7429,46.4763,1765379056,1196.34,54.7,FALSE,NA,4b1af2_2025-12-10 15:43:16,2025-12-10,2025-12-10
4b1af2,6.6859,46.5252,1765379236,1181.1,61.72,FALSE,NA,4b1af2_2025-12-10 15:43:16,2025-12-10,2025-12-10
4b1af2,6.582,46.5462,1765379416,853.44,44.12,FALSE,NA,4b1af2_2025-12-10 15:43:16,2025-12-10,2025-12-10
4b1af2,6.6187,46.567,1765379596,792.48,34.56,FALSE,NA,4b1af2_2025-12-10 15:43:16,2025-12-10,2025-12-10
4b1bdd,NA,NA,1765377962,922.02,31.53,FALSE,NA,4b1bdd_2025-12-10 15:46:02,2025-12-10,2025-12-10
4b1bdd,6.9998,46.701,1765378142,1417.32,44.4,FALSE,NA,4b1bdd_2025-12-10 15:46:02,2025-12-10,2025-12-10
4b1bdd,6.8952,46.6742,1765378322,1432.56,48.55,FALSE,NA,4b1bdd_2025-12-10 15:46:02,2025-12-10,2025-12-10
4b1bdd,6.7935,46.6623,1765378502,1424.94,41.83,FALSE,NA,4b1bdd_2025-12-10 15:46:02,2025-12-10,2025-12-10
4b1bdd,6.6963,46.661,1765378682,1295.4,63.71,FALSE,NA,4b1bdd_2025-12-10 15:46:02,2025-12-10,2025-12-10
4b1bdd,6.6414,46.6347,1765378862,1127.76,38.67,FALSE,NA,4b1bdd_2025-12-10 15:46:02,2025-12-10,2025-12-10
4b1bdd,6.6263,46.6115,1765379042,1135.38,41.92,FALSE,NA,4b1bdd_2025-12-10 15:46:02,2025-12-10,2025-12-10
462d44,2.4606,48.9665,1765444047,365.76,69.82,FALSE,NA,462d44_2025-12-11 10:07:27,2025-12-11,2025-12-11
462d44,2.7038,48.9561,1765444227,1424.94,108.43,FALSE,NA,462d44_2025-12-11 10:07:27,2025-12-11,2025-12-11
462d44,2.9605,48.9237,1765444407,2781.3,112.36,FALSE,NA,462d44_2025-12-11 10:07:27,2025-12-11,2025-12-11
462d44,3.2568,48.8676,1765444587,2872.74,131.22,FALSE,NA,462d44_2025-12-11 10:07:27,2025-12-11,2025-12-11
462d44,3.5225,48.8166,1765444767,4038.6,101.9,FALSE,NA,462d44_2025-12-11 10:07:27,2025-12-11,2025-12-11
462d44,3.7157,48.7026,1765444947,4732.02,126.67,FALSE,NA,462d44_2025-12-11 10:07:27,2025-12-11,2025-12-11
462d44,3.887,48.5468,1765445127,4732.02,130.37,FALSE,NA,462d44_2025-12-11 10:07:27,2025-12-11,2025-12-11
462d44,4.0824,48.3673,1765445307,5074.92,125.65,FALSE,NA,462d44_2025-12-11 10:07:27,2025-12-11,2025-12-11
462d44,4.2628,48.2002,1765445487,5356.86,133.48,FALSE,NA,462d44_2025-12-11 10:07:27,2025-12-11,2025-12-11
462d44,4.4557,48.0203,1765445667,5349.24,136.05,FALSE,NA,462d44_2025-12-11 10:07:27,2025-12-11,2025-12-11
462d44,4.6451,47.8397,1765445847,5349.24,137.38,FALSE,NA,462d44_2025-12-11 10:07:27,2025-12-11,2025-12-11
462d44,4.8073,47.6445,1765446027,5356.86,139.56,FALSE,NA,462d44_2025-12-11 10:07:27,2025-12-11,2025-12-11
462d44,5.0298,47.4744,1765446207,5356.86,141.88,FALSE,NA,462d44_2025-12-11 10:07:27,2025-12-11,2025-12-11
462d44,5.2674,47.3096,1765446387,5356.86,142.6,FALSE,NA,462d44_2025-12-11 10:07:27,2025-12-11,2025-12-11
462d44,5.5021,47.1455,1765446567,5364.48,141.89,FALSE,NA,462d44_2025-12-11 10:07:27,2025-12-11,2025-12-11
462d44,5.7382,46.9798,1765446747,5173.98,149.32,FALSE,NA,462d44_2025-12-11 10:07:27,2025-12-11,2025-12-11
462d44,6.0274,46.8542,1765446927,4290.06,140.2,FALSE,NA,462d44_2025-12-11 10:07:27,2025-12-11,2025-12-11
462d44,6.2991,46.737,1765447107,3398.52,129.02,FALSE,NA,462d44_2025-12-11 10:07:27,2025-12-11,2025-12-11
462d44,6.5428,46.6384,1765447287,1714.5,112.17,FALSE,NA,462d44_2025-12-11 10:07:27,2025-12-11,2025-12-11
462d44,6.6198,46.5759,1765447467,982.98,48.63,FALSE,NA,462d44_2025-12-11 10:07:27,2025-12-11,2025-12-11
4b1af2,NA,NA,1765445490,NA,65.34,FALSE,NA,4b1af2_2025-12-11 10:31:30,2025-12-11,2025-12-11
4b1af2,6.9697,46.3106,1765445670,1394.46,63.93,FALSE,NA,4b1af2_2025-12-11 10:31:30,2025-12-11,2025-12-11
4b1af2,6.9245,46.383,1765445850,1409.7,64.31,FALSE,NA,4b1af2_2025-12-11 10:31:30,2025-12-11,2025-12-11
4b1af2,6.8308,46.4766,1765446030,1402.08,63.53,FALSE,NA,4b1af2_2025-12-11 10:31:30,2025-12-11,2025-12-11
4b1af2,6.6969,46.5217,1765446210,1173.48,62.81,FALSE,NA,4b1af2_2025-12-11 10:31:30,2025-12-11,2025-12-11
4b1af2,6.5893,46.5583,1765446390,868.68,47.67,FALSE,NA,4b1af2_2025-12-11 10:31:30,2025-12-11,2025-12-11
4b059a,8.5055,47.239,1765448155,678.18,38.29,FALSE,NA,4b059a_2025-12-11 11:15:55,2025-12-11,2025-12-11
4b059a,8.4115,47.2238,1765448335,792.48,55.08,FALSE,NA,4b059a_2025-12-11 11:15:55,2025-12-11,2025-12-11
4b059a,8.3024,47.1686,1765448515,838.2,67.35,FALSE,NA,4b059a_2025-12-11 11:15:55,2025-12-11,2025-12-11
4b059a,8.1595,47.142,1765448695,975.36,55.9,FALSE,NA,4b059a_2025-12-11 11:15:55,2025-12-11,2025-12-11
4b059a,8.0305,47.1656,1765448875,1341.12,57.15,FALSE,NA,4b059a_2025-12-11 11:15:55,2025-12-11,2025-12-11
4b059a,7.906,47.1699,1765449055,1744.98,55.53,FALSE,NA,4b059a_2025-12-11 11:15:55,2025-12-11,2025-12-11
4b059a,7.7999,47.11,1765449235,2026.92,65.88,FALSE,NA,4b059a_2025-12-11 11:15:55,2025-12-11,2025-12-11
4b059a,7.6724,47.0365,1765449415,2034.54,71.87,FALSE,NA,4b059a_2025-12-11 11:15:55,2025-12-11,2025-12-11
4b059a,7.5418,46.9605,1765449595,2026.92,72.99,FALSE,NA,4b059a_2025-12-11 11:15:55,2025-12-11,2025-12-11
4b059a,7.4115,46.8844,1765449775,2034.54,71.87,FALSE,NA,4b059a_2025-12-11 11:15:55,2025-12-11,2025-12-11
4b059a,7.2844,46.809,1765449955,2026.92,72.21,FALSE,NA,4b059a_2025-12-11 11:15:55,2025-12-11,2025-12-11
4b059a,7.1464,46.7432,1765450135,2026.92,70.41,FALSE,NA,4b059a_2025-12-11 11:15:55,2025-12-11,2025-12-11
4b059a,6.9966,46.6797,1765450315,1813.56,79.51,FALSE,NA,4b059a_2025-12-11 11:15:55,2025-12-11,2025-12-11
4b059a,6.8391,46.6122,1765450495,1455.42,77.65,FALSE,NA,4b059a_2025-12-11 11:15:55,2025-12-11,2025-12-11
4b059a,6.6944,46.5487,1765450675,1203.96,61.08,FALSE,NA,4b059a_2025-12-11 11:15:55,2025-12-11,2025-12-11
4b059a,6.5862,46.5521,1765450855,853.44,42.95,FALSE,NA,4b059a_2025-12-11 11:15:55,2025-12-11,2025-12-11
4b059a,6.6166,46.5437,1765451035,662.94,14.44,FALSE,NA,4b059a_2025-12-11 11:15:55,2025-12-11,2025-12-11
46316e,11.3099,46.4629,1765453744,1013.46,73.16,FALSE,NA,46316e_2025-12-11 12:49:04,2025-12-11,2025-12-11
46316e,11.31,46.4564,1765453924,3185.16,77.45,FALSE,NA,46316e_2025-12-11 12:49:04,2025-12-11,2025-12-11
46316e,11.3217,46.4604,1765454104,4442.46,102.44,TRUE,NA,46316e_2025-12-11 12:49:04,2025-12-11,2025-12-11
46316e,11.244,46.3766,1765454284,5341.62,88.49,TRUE,NA,46316e_2025-12-11 12:49:04,2025-12-11,2025-12-11
46316e,11.0917,46.2801,1765454464,6583.68,91.39,FALSE,NA,46316e_2025-12-11 12:49:04,2025-12-11,2025-12-11
46316e,10.9189,46.1698,1765454644,7231.38,118.35,FALSE,NA,46316e_2025-12-11 12:49:04,2025-12-11,2025-12-11
46316e,10.6996,46.0288,1765454824,6941.82,137.7,FALSE,NA,46316e_2025-12-11 12:49:04,2025-12-11,2025-12-11
46316e,10.3967,45.9865,1765455004,6614.16,131.35,FALSE,NA,46316e_2025-12-11 12:49:04,2025-12-11,2025-12-11
46316e,10.0959,45.9701,1765455184,6614.16,126.38,FALSE,NA,46316e_2025-12-11 12:49:04,2025-12-11,2025-12-11
46316e,9.7997,45.9546,1765455364,6614.16,129.02,FALSE,NA,46316e_2025-12-11 12:49:04,2025-12-11,2025-12-11
46316e,9.501,45.9383,1765455544,6614.16,129.02,FALSE,NA,46316e_2025-12-11 12:49:04,2025-12-11,2025-12-11
46316e,9.2038,45.9212,1765455724,6614.16,129.06,FALSE,NA,46316e_2025-12-11 12:49:04,2025-12-11,2025-12-11
46316e,8.9054,45.9032,1765455904,6614.16,129.62,FALSE,NA,46316e_2025-12-11 12:49:04,2025-12-11,2025-12-11
46316e,8.6053,45.8843,1765456084,6614.16,130.69,FALSE,NA,46316e_2025-12-11 12:49:04,2025-12-11,2025-12-11
46316e,8.3033,45.8645,1765456264,6614.16,131.3,FALSE,NA,46316e_2025-12-11 12:49:04,2025-12-11,2025-12-11
46316e,8.0012,45.8439,1765456444,6621.78,130.79,FALSE,NA,46316e_2025-12-11 12:49:04,2025-12-11,2025-12-11
46316e,7.7007,45.8225,1765456624,6621.78,130.38,FALSE,NA,46316e_2025-12-11 12:49:04,2025-12-11,2025-12-11
46316e,7.3972,45.8696,1765456804,6248.4,138.79,FALSE,NA,46316e_2025-12-11 12:49:04,2025-12-11,2025-12-11
46316e,7.0799,45.9008,1765456984,5494.02,138.43,FALSE,NA,46316e_2025-12-11 12:49:04,2025-12-11,2025-12-11
46316e,6.9054,46.1006,1765457164,4716.78,146.26,FALSE,NA,46316e_2025-12-11 12:49:04,2025-12-11,2025-12-11
46316e,6.8601,46.3075,1765457344,2773.68,133.33,FALSE,NA,46316e_2025-12-11 12:49:04,2025-12-11,2025-12-11
46316e,6.7893,46.4727,1765457524,1211.58,108.88,FALSE,NA,46316e_2025-12-11 12:49:04,2025-12-11,2025-12-11
46316e,6.6688,46.5982,1765457704,1127.76,69.94,FALSE,NA,46316e_2025-12-11 12:49:04,2025-12-11,2025-12-11
46316e,6.6173,46.552,1765457884,716.28,42.26,FALSE,NA,46316e_2025-12-11 12:49:04,2025-12-11,2025-12-11
4b1af2,6.6168,46.5462,1765454233,NA,NA,FALSE,NA,4b1af2_2025-12-11 12:57:13,2025-12-11,2025-12-11
4b1af2,6.6455,46.4948,1765454413,1562.1,42.68,FALSE,NA,4b1af2_2025-12-11 12:57:13,2025-12-11,2025-12-11
4b1af2,6.7662,46.4759,1765454593,1943.1,50.67,FALSE,NA,4b1af2_2025-12-11 12:57:13,2025-12-11,2025-12-11
4b1af2,6.857,46.5004,1765454773,2042.16,62.72,FALSE,NA,4b1af2_2025-12-11 12:57:13,2025-12-11,2025-12-11
4b1af2,6.8513,46.6008,1765454953,1905,63.52,FALSE,NA,4b1af2_2025-12-11 12:57:13,2025-12-11,2025-12-11
4b1af2,6.7782,46.6683,1765455133,1691.64,62.25,FALSE,NA,4b1af2_2025-12-11 12:57:13,2025-12-11,2025-12-11
4b1af2,6.6397,46.6392,1765455313,1143,67.85,FALSE,NA,4b1af2_2025-12-11 12:57:13,2025-12-11,2025-12-11
4b1af2,6.6181,46.5597,1765455493,769.62,39.22,FALSE,NA,4b1af2_2025-12-11 12:57:13,2025-12-11,2025-12-11
4b1af2,6.6168,46.5468,1765458850,NA,NA,FALSE,NA,4b1af2_2025-12-11 14:14:10,2025-12-11,2025-12-11
4b1af2,6.587,46.5572,1765459030,906.78,39.22,FALSE,NA,4b1af2_2025-12-11 14:14:10,2025-12-11,2025-12-11
4b1af2,6.6165,46.5434,1765459210,678.18,40.72,FALSE,NA,4b1af2_2025-12-11 14:14:10,2025-12-11,2025-12-11
4b1af2,6.5901,46.5659,1765459390,883.92,41.47,FALSE,NA,4b1af2_2025-12-11 14:14:10,2025-12-11,2025-12-11
4b1af2,6.6035,46.529,1765459570,868.68,50.12,FALSE,NA,4b1af2_2025-12-11 14:14:10,2025-12-11,2025-12-11
4b1af2,6.6172,46.566,1765459750,830.58,34.59,FALSE,NA,4b1af2_2025-12-11 14:14:10,2025-12-11,2025-12-11
4b1bfd,7.4964,46.915,1765461970,NA,43.08,FALSE,NA,4b1bfd_2025-12-11 15:06:10,2025-12-11,2025-12-11
4b1bfd,7.5784,46.9296,1765462150,1821.18,61.74,FALSE,NA,4b1bfd_2025-12-11 15:06:10,2025-12-11,2025-12-11
4b1bfd,7.4831,46.9162,1765462330,2865.12,76.66,FALSE,NA,4b1bfd_2025-12-11 15:06:10,2025-12-11,2025-12-11
4b1bfd,7.315,46.8478,1765462510,2865.12,83.65,FALSE,NA,4b1bfd_2025-12-11 15:06:10,2025-12-11,2025-12-11
4b1bfd,7.1502,46.7767,1765462690,2865.12,81.36,FALSE,NA,4b1bfd_2025-12-11 15:06:10,2025-12-11,2025-12-11
4b1bfd,6.9886,46.7065,1765462870,2872.74,80.92,FALSE,NA,4b1bfd_2025-12-11 15:06:10,2025-12-11,2025-12-11
4b1bfd,6.7823,46.6722,1765463050,1844.04,92.98,FALSE,NA,4b1bfd_2025-12-11 15:06:10,2025-12-11,2025-12-11
4b1bfd,6.6241,46.6166,1765463230,1112.52,58.64,FALSE,NA,4b1bfd_2025-12-11 15:06:10,2025-12-11,2025-12-11
4b28b1,6.6169,46.5469,1765462340,670.56,26.28,FALSE,NA,4b28b1_2025-12-11 15:12:20,2025-12-11,2025-12-11
4b28b1,6.6355,46.4862,1765462520,1318.26,46.55,FALSE,NA,4b28b1_2025-12-11 15:12:20,2025-12-11,2025-12-11
4b28b1,6.7586,46.4631,1765462700,1546.86,60.54,FALSE,NA,4b28b1_2025-12-11 15:12:20,2025-12-11,2025-12-11
4b28b1,6.8462,46.5291,1765462880,1844.04,60.46,FALSE,NA,4b28b1_2025-12-11 15:12:20,2025-12-11,2025-12-11
4b28b1,6.8099,46.5939,1765463060,1844.04,60.23,FALSE,NA,4b28b1_2025-12-11 15:12:20,2025-12-11,2025-12-11
4b28b1,6.6837,46.655,1765463240,1386.84,64.95,FALSE,NA,4b28b1_2025-12-11 15:12:20,2025-12-11,2025-12-11
4b28b1,6.7064,46.6868,1765463420,1356.36,61.22,FALSE,NA,4b28b1_2025-12-11 15:12:20,2025-12-11,2025-12-11
4b28b1,6.5736,46.6795,1765463600,1333.5,56.17,FALSE,NA,4b28b1_2025-12-11 15:12:20,2025-12-11,2025-12-11
4b28b1,6.5174,46.611,1765463780,1295.4,49.13,FALSE,NA,4b28b1_2025-12-11 15:12:20,2025-12-11,2025-12-11
4b28b1,6.5867000000000004,46.6068,1765463960,1066.8,58.73,FALSE,NA,4b28b1_2025-12-11 15:12:20,2025-12-11,2025-12-11
4b28b1,6.6171,46.5498,1765464140,685.8,33.54,FALSE,NA,4b28b1_2025-12-11 15:12:20,2025-12-11,2025-12-11
4b0e59,7.3815,46.5495,1765463119,NA,26.93,FALSE,NA,4b0e59_2025-12-11 15:25:19,2025-12-11,2025-12-11
4b0e59,7.3628,46.5574,1765463299,2087.88,48.37,FALSE,NA,4b0e59_2025-12-11 15:25:19,2025-12-11,2025-12-11
4b0e59,7.251,46.559,1765463479,2590.8,57.43,FALSE,NA,4b0e59_2025-12-11 15:25:19,2025-12-11,2025-12-11
4b0e59,7.107,46.5711,1765463659,2354.58,65.5,FALSE,NA,4b0e59_2025-12-11 15:25:19,2025-12-11,2025-12-11
4b0e59,6.9521,46.5767,1765463839,1844.04,66.89,FALSE,NA,4b0e59_2025-12-11 15:25:19,2025-12-11,2025-12-11
4b0e59,6.7979,46.5573,1765464019,1440.18,62.76,FALSE,NA,4b0e59_2025-12-11 15:25:19,2025-12-11,2025-12-11
4b0e59,6.6534,46.5357,1765464199,1158.24,70.41,FALSE,NA,4b0e59_2025-12-11 15:25:19,2025-12-11,2025-12-11
4b0e59,6.6153,46.5654,1765464379,868.68,37.86,FALSE,NA,4b0e59_2025-12-11 15:25:19,2025-12-11,2025-12-11
46097d,NA,NA,1765463807,NA,53.71,FALSE,NA,46097d_2025-12-11 15:36:47,2025-12-11,2025-12-11
46097d,5.5646,47.0081,1765463987,2506.98,73.51,FALSE,NA,46097d_2025-12-11 15:36:47,2025-12-11,2025-12-11
46097d,5.7002,46.9207,1765464167,4267.2,95.35,FALSE,NA,46097d_2025-12-11 15:36:47,2025-12-11,2025-12-11
46097d,5.9122,46.8026,1765464347,4572,101.24,FALSE,NA,46097d_2025-12-11 15:36:47,2025-12-11,2025-12-11
46097d,6.1253,46.7337,1765464527,5661.66,118.69,FALSE,NA,46097d_2025-12-11 15:36:47,2025-12-11,2025-12-11
46097d,6.3982,46.6801,1765464707,5661.66,122.04,FALSE,NA,46097d_2025-12-11 15:36:47,2025-12-11,2025-12-11
46097d,6.6701,46.6352,1765464887,2545.08,110.67,FALSE,NA,46097d_2025-12-11 15:36:47,2025-12-11,2025-12-11
46097d,6.756,46.649,1765465067,1478.28,82.23,FALSE,NA,46097d_2025-12-11 15:36:47,2025-12-11,2025-12-11
46097d,6.6206,46.5803,1765465247,1043.94,45.09,FALSE,NA,46097d_2025-12-11 15:36:47,2025-12-11,2025-12-11
4b25ea,6.6139,46.7623,1765466411,495.3,32.81,FALSE,NA,4b25ea_2025-12-11 16:20:11,2025-12-11,2025-12-11
4b25ea,6.5511,46.7566,1765466591,1051.56,46.66,FALSE,NA,4b25ea_2025-12-11 16:20:11,2025-12-11,2025-12-11
4b25ea,6.5832,46.6991,1765466771,1371.6,49.5,FALSE,NA,4b25ea_2025-12-11 16:20:11,2025-12-11,2025-12-11
4b25ea,6.6263,46.6292,1765466951,1211.58,50.94,FALSE,NA,4b25ea_2025-12-11 16:20:11,2025-12-11,2025-12-11
4b25ea,6.6181,46.5614,1765467131,807.72,32.51,FALSE,NA,4b25ea_2025-12-11 16:20:11,2025-12-11,2025-12-11
4b2f91,6.7678,47.0621,1765526816,1478.28,44.19,FALSE,NA,4b2f91_2025-12-12 09:06:56,2025-12-12,2025-12-12
4b2f91,6.7212,46.982,1765526996,1722.12,59.87,FALSE,NA,4b2f91_2025-12-12 09:06:56,2025-12-12,2025-12-12
4b2f91,6.6775,46.8897,1765527176,1714.5,61.5,FALSE,NA,4b2f91_2025-12-12 09:06:56,2025-12-12,2025-12-12
4b2f91,6.6357,46.7955,1765527356,1623.06,67.35,FALSE,NA,4b2f91_2025-12-12 09:06:56,2025-12-12,2025-12-12
4b2f91,6.5904,46.6945,1765527536,1249.68,63.93,FALSE,NA,4b2f91_2025-12-12 09:06:56,2025-12-12,2025-12-12
4b2f91,6.5728,46.5963,1765527716,1226.82,63.3,FALSE,NA,4b2f91_2025-12-12 09:06:56,2025-12-12,2025-12-12
4b2f91,6.5886,46.5002,1765527896,1036.32,56.38,FALSE,NA,4b2f91_2025-12-12 09:06:56,2025-12-12,2025-12-12
4b2f91,6.6167,46.546,1765528076,662.94,12.87,FALSE,NA,4b2f91_2025-12-12 09:06:56,2025-12-12,2025-12-12
4b25ea,6.6166,46.5443,1765528128,662.94,31.96,FALSE,NA,4b25ea_2025-12-12 09:28:48,2025-12-12,2025-12-12
4b25ea,6.6269,46.6065,1765528308,1249.68,45.2,FALSE,NA,4b25ea_2025-12-12 09:28:48,2025-12-12,2025-12-12
4b25ea,6.7427,46.6078,1765528488,1676.4,51,FALSE,NA,4b25ea_2025-12-12 09:28:48,2025-12-12,2025-12-12
4b25ea,6.8555,46.6197,1765528668,2087.88,48.49,FALSE,NA,4b25ea_2025-12-12 09:28:48,2025-12-12,2025-12-12
4b25ea,6.9697,46.6188,1765528848,2446.02,50.54,FALSE,NA,4b25ea_2025-12-12 09:28:48,2025-12-12,2025-12-12
4b25ea,7.0952,46.6111,1765529028,2667,59.99,FALSE,NA,4b25ea_2025-12-12 09:28:48,2025-12-12,2025-12-12
4b25ea,7.2385,46.6064,1765529208,2644.14,59.73,FALSE,NA,4b25ea_2025-12-12 09:28:48,2025-12-12,2025-12-12
4b25ea,7.3628,46.5784,1765529388,2674.62,55.86,FALSE,NA,4b25ea_2025-12-12 09:28:48,2025-12-12,2025-12-12
4b25ea,7.4196,46.5003,1765529568,2689.86,54.5,FALSE,NA,4b25ea_2025-12-12 09:28:48,2025-12-12,2025-12-12
4b25ea,7.3951,46.4258,1765529748,2682.24,54.54,FALSE,NA,4b25ea_2025-12-12 09:28:48,2025-12-12,2025-12-12
4b25ea,7.3063,46.4696,1765529928,2636.52,57.29,FALSE,NA,4b25ea_2025-12-12 09:28:48,2025-12-12,2025-12-12
4b25ea,7.195,46.5003,1765530108,2674.62,51.51,FALSE,NA,4b25ea_2025-12-12 09:28:48,2025-12-12,2025-12-12
4b25ea,7.1158,46.4534,1765530288,2659.38,52.97,FALSE,NA,4b25ea_2025-12-12 09:28:48,2025-12-12,2025-12-12
4b25ea,7.1938,46.4152,1765530468,2659.38,54.99,FALSE,NA,4b25ea_2025-12-12 09:28:48,2025-12-12,2025-12-12
4b25ea,7.1108,46.3688,1765530648,2651.76,52.32,FALSE,NA,4b25ea_2025-12-12 09:28:48,2025-12-12,2025-12-12
4b25ea,7.0037,46.345,1765530828,2636.52,48.87,FALSE,NA,4b25ea_2025-12-12 09:28:48,2025-12-12,2025-12-12
4b25ea,6.9336,46.2903,1765531008,2689.86,47.42,FALSE,NA,4b25ea_2025-12-12 09:28:48,2025-12-12,2025-12-12
4b25ea,6.8649,46.2266,1765531188,2667,50.61,FALSE,NA,4b25ea_2025-12-12 09:28:48,2025-12-12,2025-12-12
4b25ea,6.9277,46.2163,1765531368,2659.38,60.53,FALSE,NA,4b25ea_2025-12-12 09:28:48,2025-12-12,2025-12-12
4b25ea,6.9455,46.3134,1765531548,2209.8,59.34,FALSE,NA,4b25ea_2025-12-12 09:28:48,2025-12-12,2025-12-12
4b25ea,6.9083,46.3971,1765531728,1897.38,56.14,FALSE,NA,4b25ea_2025-12-12 09:28:48,2025-12-12,2025-12-12
4b25ea,6.8014,46.449,1765531908,1569.72,55.06,FALSE,NA,4b25ea_2025-12-12 09:28:48,2025-12-12,2025-12-12
4b25ea,6.6839,46.4744,1765532088,1028.7,51.9,FALSE,NA,4b25ea_2025-12-12 09:28:48,2025-12-12,2025-12-12
4b25ea,6.6143,46.5221,1765532268,861.06,37.13,FALSE,NA,4b25ea_2025-12-12 09:28:48,2025-12-12,2025-12-12
4b28b1,6.6164,46.5435,1765532208,662.94,29.36,FALSE,NA,4b28b1_2025-12-12 10:36:48,2025-12-12,2025-12-12
4b28b1,6.5998,46.6139,1765532388,1318.26,48.64,FALSE,NA,4b28b1_2025-12-12 10:36:48,2025-12-12,2025-12-12
4b28b1,6.7093,46.6469,1765532568,1706.88,58.24,FALSE,NA,4b28b1_2025-12-12 10:36:48,2025-12-12,2025-12-12
4b28b1,6.8152,46.6102,1765532748,1714.5,55.36,FALSE,NA,4b28b1_2025-12-12 10:36:48,2025-12-12,2025-12-12
4b28b1,6.8534,46.5433,1765532928,1714.5,56.22,FALSE,NA,4b28b1_2025-12-12 10:36:48,2025-12-12,2025-12-12
4b28b1,6.7467,46.4812,1765533108,1539.24,65.16,FALSE,NA,4b28b1_2025-12-12 10:36:48,2025-12-12,2025-12-12
4b28b1,6.6192,46.4557,1765533288,1242.06,55.73,FALSE,NA,4b28b1_2025-12-12 10:36:48,2025-12-12,2025-12-12
4b28b1,6.6771,46.5219,1765533468,1866.9,52.56,FALSE,NA,4b28b1_2025-12-12 10:36:48,2025-12-12,2025-12-12
4b28b1,6.7749,46.5879,1765533648,1851.66,59.35,FALSE,NA,4b28b1_2025-12-12 10:36:48,2025-12-12,2025-12-12
4b28b1,6.8678,46.6563,1765533828,1859.28,60.59,FALSE,NA,4b28b1_2025-12-12 10:36:48,2025-12-12,2025-12-12
4b28b1,6.7693,46.6088,1765534008,1851.66,56.04,FALSE,NA,4b28b1_2025-12-12 10:36:48,2025-12-12,2025-12-12
4b28b1,6.7432,46.5618,1765534188,1508.76,49.46,FALSE,NA,4b28b1_2025-12-12 10:36:48,2025-12-12,2025-12-12
4b28b1,6.7512,46.4988,1765534368,1402.08,46.43,FALSE,NA,4b28b1_2025-12-12 10:36:48,2025-12-12,2025-12-12
4b28b1,6.6787,46.4506,1765534548,1531.62,66.3,FALSE,NA,4b28b1_2025-12-12 10:36:48,2025-12-12,2025-12-12
4b28b1,6.5399,46.4745,1765534728,1158.24,60.56,FALSE,NA,4b28b1_2025-12-12 10:36:48,2025-12-12,2025-12-12
4b28b1,6.6004,46.5036,1765534908,1120.14,51.44,FALSE,NA,4b28b1_2025-12-12 10:36:48,2025-12-12,2025-12-12
4b28b1,6.6166,46.5448,1765535088,670.56,22.66,FALSE,NA,4b28b1_2025-12-12 10:36:48,2025-12-12,2025-12-12
4b28b1,6.6171,46.5443,1765535268,NA,20.12,FALSE,NA,4b28b1_2025-12-12 10:36:48,2025-12-12,2025-12-12
4b28b1,6.6168,46.541,1765535448,NA,20.12,FALSE,NA,4b28b1_2025-12-12 10:36:48,2025-12-12,2025-12-12
4b28b1,6.617,46.5508,1765535628,723.9,39.78,FALSE,NA,4b28b1_2025-12-12 10:36:48,2025-12-12,2025-12-12
4b28b1,6.6156,46.526,1765535808,807.72,36.54,FALSE,NA,4b28b1_2025-12-12 10:36:48,2025-12-12,2025-12-12
4b44a5,NA,NA,1765534425,NA,10.29,FALSE,NA,4b44a5_2025-12-12 11:13:45,2025-12-12,2025-12-12
4b44a5,6.6859,46.5553,1765534605,960.12,2.62,FALSE,NA,4b44a5_2025-12-12 11:13:45,2025-12-12,2025-12-12
4b44a5,6.6857,46.5554,1765534785,952.5,1.54,FALSE,NA,4b44a5_2025-12-12 11:13:45,2025-12-12,2025-12-12
4b44a5,6.6857,46.5557,1765534965,960.12,8.05,FALSE,NA,4b44a5_2025-12-12 11:13:45,2025-12-12,2025-12-12
4b44a5,6.6847,46.5571,1765535145,937.26,1.03,FALSE,NA,4b44a5_2025-12-12 11:13:45,2025-12-12,2025-12-12
4b44a5,6.6852,46.5561,1765535325,960.12,7.72,FALSE,NA,4b44a5_2025-12-12 11:13:45,2025-12-12,2025-12-12
4b44a5,6.6857,46.5556,1765535505,960.12,3.13,FALSE,NA,4b44a5_2025-12-12 11:13:45,2025-12-12,2025-12-12
4b44a5,6.6848,46.5569,1765535685,952.5,4.66,FALSE,NA,4b44a5_2025-12-12 11:13:45,2025-12-12,2025-12-12
4b44a5,6.6849,46.5564,1765535865,990.6,8.88,FALSE,NA,4b44a5_2025-12-12 11:13:45,2025-12-12,2025-12-12
4b44a5,6.6857,46.5555,1765536045,960.12,2.77,FALSE,NA,4b44a5_2025-12-12 11:13:45,2025-12-12,2025-12-12
4b44a5,6.6792,46.5452,1765536225,998.22,26.68,FALSE,NA,4b44a5_2025-12-12 11:13:45,2025-12-12,2025-12-12
461fbd,0.0302,51.3282,1765536873,320.04,47.43,FALSE,NA,461fbd_2025-12-12 11:54:33,2025-12-12,2025-12-12
461fbd,0.0752,51.3295,1765537053,914.4,70.6,FALSE,NA,461fbd_2025-12-12 11:54:33,2025-12-12,2025-12-12
461fbd,0.2735,51.3238,1765537233,1767.84,82.39,FALSE,NA,461fbd_2025-12-12 11:54:33,2025-12-12,2025-12-12
461fbd,0.4988,51.3126,1765537413,3390.9,87.32,FALSE,NA,461fbd_2025-12-12 11:54:33,2025-12-12,2025-12-12
461fbd,0.4968,51.1988,1765537593,4884.42,73.09,FALSE,NA,461fbd_2025-12-12 11:54:33,2025-12-12,2025-12-12
461fbd,0.4248,51.0831,1765537773,6065.52,82.67,FALSE,NA,461fbd_2025-12-12 11:54:33,2025-12-12,2025-12-12
461fbd,0.4099,50.9461,1765537953,6797.04,87.46,FALSE,NA,461fbd_2025-12-12 11:54:33,2025-12-12,2025-12-12
461fbd,0.3942,50.769,1765538133,6972.3,107.67,FALSE,NA,461fbd_2025-12-12 11:54:33,2025-12-12,2025-12-12
461fbd,0.3916,50.6292,1765538313,8115.3,81.3,FALSE,NA,461fbd_2025-12-12 11:54:33,2025-12-12,2025-12-12
461fbd,0.4875,50.5007,1765538493,8351.52,111.05,FALSE,NA,461fbd_2025-12-12 11:54:33,2025-12-12,2025-12-12
461fbd,0.6676,50.3381,1765538673,8359.14,129.89,FALSE,NA,461fbd_2025-12-12 11:54:33,2025-12-12,2025-12-12
461fbd,0.858,50.1648,1765538853,8359.14,131.87,FALSE,NA,461fbd_2025-12-12 11:54:33,2025-12-12,2025-12-12
461fbd,1.0489,49.989,1765539033,8366.76,132.29,FALSE,NA,461fbd_2025-12-12 11:54:33,2025-12-12,2025-12-12
461fbd,1.2377,49.8138,1765539213,8374.38,132.42,FALSE,NA,461fbd_2025-12-12 11:54:33,2025-12-12,2025-12-12
461fbd,1.4242,49.6392,1765539393,8382,132.72,FALSE,NA,461fbd_2025-12-12 11:54:33,2025-12-12,2025-12-12
461fbd,1.6113,49.4624,1765539573,8382,132.42,FALSE,NA,461fbd_2025-12-12 11:54:33,2025-12-12,2025-12-12
461fbd,1.7951,49.2872,1765539753,8389.62,130.7,FALSE,NA,461fbd_2025-12-12 11:54:33,2025-12-12,2025-12-12
461fbd,1.977,49.1121,1765539933,8389.62,132.56,FALSE,NA,461fbd_2025-12-12 11:54:33,2025-12-12,2025-12-12
461fbd,2.1595,48.9352,1765540113,8397.24,131.84,FALSE,NA,461fbd_2025-12-12 11:54:33,2025-12-12,2025-12-12
461fbd,2.3404,48.7581,1765540293,8404.86,132.69,FALSE,NA,461fbd_2025-12-12 11:54:33,2025-12-12,2025-12-12
461fbd,2.5205,48.5804,1765540473,8404.86,132.41,FALSE,NA,461fbd_2025-12-12 11:54:33,2025-12-12,2025-12-12
461fbd,2.7004,48.4012,1765540653,8404.86,133.12,FALSE,NA,461fbd_2025-12-12 11:54:33,2025-12-12,2025-12-12
461fbd,2.8851,48.2244,1765540833,8412.48,133.87,FALSE,NA,461fbd_2025-12-12 11:54:33,2025-12-12,2025-12-12
461fbd,3.0699,48.0481,1765541013,8412.48,130.91,FALSE,NA,461fbd_2025-12-12 11:54:33,2025-12-12,2025-12-12
461fbd,3.1917,47.8548,1765541193,8412.48,130.04,FALSE,NA,461fbd_2025-12-12 11:54:33,2025-12-12,2025-12-12
461fbd,3.312,47.6619,1765541373,8420.1,129.84,FALSE,NA,461fbd_2025-12-12 11:54:33,2025-12-12,2025-12-12
461fbd,3.4326,47.467,1765541553,8420.1,130.99,FALSE,NA,461fbd_2025-12-12 11:54:33,2025-12-12,2025-12-12
461fbd,3.5756,47.2793,1765541733,8420.1,136.55,FALSE,NA,461fbd_2025-12-12 11:54:33,2025-12-12,2025-12-12
461fbd,3.8632,47.1717,1765541913,8420.1,139.76,FALSE,NA,461fbd_2025-12-12 11:54:33,2025-12-12,2025-12-12
461fbd,4.1528,47.0633,1765542093,8427.72,138.16,FALSE,NA,461fbd_2025-12-12 11:54:33,2025-12-12,2025-12-12
461fbd,4.4446,46.9527,1765542273,7894.32,146.45,FALSE,NA,461fbd_2025-12-12 11:54:33,2025-12-12,2025-12-12
461fbd,4.7661,46.8628,1765542453,7208.52,147.86,FALSE,NA,461fbd_2025-12-12 11:54:33,2025-12-12,2025-12-12
461fbd,5.1023,46.7978,1765542633,6911.34,150.88,FALSE,NA,461fbd_2025-12-12 11:54:33,2025-12-12,2025-12-12
461fbd,5.441,46.7255,1765542813,6385.56,149.19,FALSE,NA,461fbd_2025-12-12 11:54:33,2025-12-12,2025-12-12
461fbd,5.7915,46.6989,1765542993,5669.28,154.13,FALSE,NA,461fbd_2025-12-12 11:54:33,2025-12-12,2025-12-12
461fbd,6.1469,46.6705,1765543173,4168.14,147.33,FALSE,NA,461fbd_2025-12-12 11:54:33,2025-12-12,2025-12-12
461fbd,6.4437,46.5824,1765543353,1744.98,119.46,FALSE,NA,461fbd_2025-12-12 11:54:33,2025-12-12,2025-12-12
461fbd,6.6016,46.495,1765543533,822.96,56.3,FALSE,NA,461fbd_2025-12-12 11:54:33,2025-12-12,2025-12-12
46097d,7.086,46.1265,1765537664,NA,119.57,FALSE,NA,46097d_2025-12-12 12:07:44,2025-12-12,2025-12-12
46097d,7.0171,46.2685,1765537844,2110.74,73.28,FALSE,NA,46097d_2025-12-12 12:07:44,2025-12-12,2025-12-12
46097d,6.9886,46.3178,1765538024,2042.16,90.96,FALSE,NA,46097d_2025-12-12 12:07:44,2025-12-12,2025-12-12
46097d,6.8203,46.3992,1765538204,1691.64,90.56,FALSE,NA,46097d_2025-12-12 12:07:44,2025-12-12,2025-12-12
46097d,6.6712,46.468,1765538384,1051.56,66.08,FALSE,NA,46097d_2025-12-12 12:07:44,2025-12-12,2025-12-12
46097d,6.6156,46.5332,1765538564,739.14,46.37,FALSE,NA,46097d_2025-12-12 12:07:44,2025-12-12,2025-12-12
4b1af2,6.6167,46.5454,1765540039,655.32,38.1,FALSE,NA,4b1af2_2025-12-12 12:47:19,2025-12-12,2025-12-12
4b1af2,6.6396,46.6065,1765540219,1264.92,57.33,FALSE,NA,4b1af2_2025-12-12 12:47:19,2025-12-12,2025-12-12
4b1af2,6.7552,46.6132,1765540399,1325.88,39.8,FALSE,NA,4b1af2_2025-12-12 12:47:19,2025-12-12,2025-12-12
4b1af2,6.8474,46.6423,1765540579,1203.96,41.43,FALSE,NA,4b1af2_2025-12-12 12:47:19,2025-12-12,2025-12-12
4b1af2,6.7926,46.6122,1765540759,1158.24,43.81,FALSE,NA,4b1af2_2025-12-12 12:47:19,2025-12-12,2025-12-12
4b1af2,6.7937,46.559,1765540939,1295.4,47.49,FALSE,NA,4b1af2_2025-12-12 12:47:19,2025-12-12,2025-12-12
4b1af2,6.7001,46.5077,1765541119,1181.1,57.53,FALSE,NA,4b1af2_2025-12-12 12:47:19,2025-12-12,2025-12-12
4b1af2,6.6153,46.5325,1765541299,716.28,40.18,FALSE,NA,4b1af2_2025-12-12 12:47:19,2025-12-12,2025-12-12
4b1af2,6.6165,46.5441,1765549121,NA,NA,FALSE,NA,4b1af2_2025-12-12 15:18:41,2025-12-12,2025-12-12
4b1af2,6.6052,46.5244,1765549301,853.44,39.62,FALSE,NA,4b1af2_2025-12-12 15:18:41,2025-12-12,2025-12-12
4b1af2,6.617,46.5412,1765549481,NA,8.25,FALSE,NA,4b1af2_2025-12-12 15:18:41,2025-12-12,2025-12-12
4b1af2,6.6163,46.5411,1765549661,NA,8.25,FALSE,NA,4b1af2_2025-12-12 15:18:41,2025-12-12,2025-12-12
4b1af2,6.6181,46.5973,1765549841,1242.06,42.58,FALSE,NA,4b1af2_2025-12-12 15:18:41,2025-12-12,2025-12-12
4b1af2,6.6985,46.5949,1765550021,1562.1,46.72,FALSE,NA,4b1af2_2025-12-12 15:18:41,2025-12-12,2025-12-12
4b1af2,6.7891,46.5675,1765550201,1569.72,52.92,FALSE,NA,4b1af2_2025-12-12 15:18:41,2025-12-12,2025-12-12
4b1af2,6.8467,46.566,1765550381,1562.1,37.21,FALSE,NA,4b1af2_2025-12-12 15:18:41,2025-12-12,2025-12-12
4b1af2,6.8595,46.609,1765550561,1539.24,37.18,FALSE,NA,4b1af2_2025-12-12 15:18:41,2025-12-12,2025-12-12
4b1af2,6.8717,46.6064,1765550741,1173.48,44.54,FALSE,NA,4b1af2_2025-12-12 15:18:41,2025-12-12,2025-12-12
4b1af2,6.7992,46.6157,1765550921,1508.76,46.2,FALSE,NA,4b1af2_2025-12-12 15:18:41,2025-12-12,2025-12-12
4b1af2,6.835,46.6444,1765551101,1104.9,46.7,FALSE,NA,4b1af2_2025-12-12 15:18:41,2025-12-12,2025-12-12
4b1af2,6.8171,46.6677,1765551281,1257.3,46.44,FALSE,NA,4b1af2_2025-12-12 15:18:41,2025-12-12,2025-12-12
4b1af2,6.7635,46.6804,1765551461,1303.02,45.51,FALSE,NA,4b1af2_2025-12-12 15:18:41,2025-12-12,2025-12-12
4b1af2,6.7591,46.5859,1765551641,1318.26,62.28,FALSE,NA,4b1af2_2025-12-12 15:18:41,2025-12-12,2025-12-12
4b1af2,6.7424,46.4914,1765551821,1242.06,63.81,FALSE,NA,4b1af2_2025-12-12 15:18:41,2025-12-12,2025-12-12
4b1af2,6.6218,46.4956,1765552001,1112.52,42.95,FALSE,NA,4b1af2_2025-12-12 15:18:41,2025-12-12,2025-12-12
4b27c0,7.3873,47.1724,1765550953,685.8,47.4,FALSE,NA,4b27c0_2025-12-12 15:49:13,2025-12-12,2025-12-12
4b27c0,7.3341,47.1062,1765551133,1409.7,50.54,FALSE,NA,4b27c0_2025-12-12 15:49:13,2025-12-12,2025-12-12
4b27c0,7.3027,47.0222,1765551313,2065.02,54.91,FALSE,NA,4b27c0_2025-12-12 15:49:13,2025-12-12,2025-12-12
4b27c0,7.2715,46.9347,1765551493,2537.46,67.09,FALSE,NA,4b27c0_2025-12-12 15:49:13,2025-12-12,2025-12-12
4b27c0,7.2365,46.8202,1765551673,2522.22,73.15,FALSE,NA,4b27c0_2025-12-12 15:49:13,2025-12-12,2025-12-12
4b27c0,7.1249,46.7402,1765551853,2522.22,74.6,FALSE,NA,4b27c0_2025-12-12 15:49:13,2025-12-12,2025-12-12
4b27c0,6.9711,46.6815,1765552033,2522.22,75.3,FALSE,NA,4b27c0_2025-12-12 15:49:13,2025-12-12,2025-12-12
4b27c0,6.8226,46.6041,1765552213,2087.88,83.26,FALSE,NA,4b27c0_2025-12-12 15:49:13,2025-12-12,2025-12-12
4b27c0,6.6744,46.5164,1765552393,1455.42,84.59,FALSE,NA,4b27c0_2025-12-12 15:49:13,2025-12-12,2025-12-12
4b27c0,6.5984,46.4896,1765552573,1112.52,76.14,FALSE,NA,4b27c0_2025-12-12 15:49:13,2025-12-12,2025-12-12
4b27c0,6.6158,46.5357,1765552753,716.28,47.4,FALSE,NA,4b27c0_2025-12-12 15:49:13,2025-12-12,2025-12-12
4b3303,6.6181,46.5472,1765703666,678.18,0,FALSE,NA,4b3303_2025-12-14 10:14:26,2025-12-14,2025-12-14
4b3303,6.67,46.5087,1765703846,1257.3,48.32,FALSE,NA,4b3303_2025-12-14 10:14:26,2025-12-14,2025-12-14
4b3303,6.7086,46.4202,1765704026,1684.02,56.96,FALSE,NA,4b3303_2025-12-14 10:14:26,2025-12-14,2025-12-14
4b3303,6.683,46.4724,1765704206,1440.18,69.78,FALSE,NA,4b3303_2025-12-14 10:14:26,2025-12-14,2025-12-14
4b3303,6.6195,46.5462,1765704386,701.04,19.86,FALSE,NA,4b3303_2025-12-14 10:14:26,2025-12-14,2025-12-14
46316e,7.112,46.4787,1765718292,2255.52,101.66,FALSE,NA,46316e_2025-12-14 14:18:12,2025-12-14,2025-12-14
46316e,6.9042,46.4535,1765718472,1577.34,94.22,FALSE,NA,46316e_2025-12-14 14:18:12,2025-12-14,2025-12-14
46316e,6.7709,46.4704,1765718652,670.56,76.35,FALSE,NA,46316e_2025-12-14 14:18:12,2025-12-14,2025-12-14
46316e,6.625,46.5037,1765718832,807.72,49.94,FALSE,NA,46316e_2025-12-14 14:18:12,2025-12-14,2025-12-14
462d44,2.4408,48.9648,1765719476,190.5,57.73,FALSE,NA,462d44_2025-12-14 14:37:56,2025-12-14,2025-12-14
462d44,2.6475,48.9433,1765719656,944.88,112.54,FALSE,NA,462d44_2025-12-14 14:37:56,2025-12-14,2025-12-14
462d44,2.7509,48.7781,1765719836,1424.94,96.76,FALSE,NA,462d44_2025-12-14 14:37:56,2025-12-14,2025-12-14
462d44,2.6938,48.6298,1765720016,2552.7,98.94,FALSE,NA,462d44_2025-12-14 14:37:56,2025-12-14,2025-12-14
462d44,2.6228,48.4666,1765720196,3268.98,103.38,FALSE,NA,462d44_2025-12-14 14:37:56,2025-12-14,2025-12-14
462d44,2.634,48.2876,1765720376,3703.32,126.02,FALSE,NA,462d44_2025-12-14 14:37:56,2025-12-14,2025-12-14
462d44,2.7701,48.128,1765720556,5074.92,97.44,FALSE,NA,462d44_2025-12-14 14:37:56,2025-12-14,2025-12-14
462d44,2.8742,48.0049,1765720736,6416.04,86.65,FALSE,NA,462d44_2025-12-14 14:37:56,2025-12-14,2025-12-14
462d44,2.9793,47.8805,1765720916,7208.52,106.43,FALSE,NA,462d44_2025-12-14 14:37:56,2025-12-14,2025-12-14
462d44,3.1232,47.7088,1765721096,7208.52,127.62,FALSE,NA,462d44_2025-12-14 14:37:56,2025-12-14,2025-12-14
462d44,3.2738,47.5278,1765721276,7208.52,130.11,FALSE,NA,462d44_2025-12-14 14:37:56,2025-12-14,2025-12-14
462d44,3.4263,47.3426,1765721456,7208.52,135.41,FALSE,NA,462d44_2025-12-14 14:37:56,2025-12-14,2025-12-14
462d44,3.5863,47.147,1765721636,7208.52,139.56,FALSE,NA,462d44_2025-12-14 14:37:56,2025-12-14,2025-12-14
462d44,3.7564,46.9527,1765721816,7208.52,140.13,FALSE,NA,462d44_2025-12-14 14:37:56,2025-12-14,2025-12-14
462d44,4.0579,46.8598,1765721996,7208.52,141.2,FALSE,NA,462d44_2025-12-14 14:37:56,2025-12-14,2025-12-14
462d44,4.3758,46.7891,1765722176,7208.52,143.07,FALSE,NA,462d44_2025-12-14 14:37:56,2025-12-14,2025-12-14
462d44,4.7074,46.7402,1765722356,7208.52,144.19,FALSE,NA,462d44_2025-12-14 14:37:56,2025-12-14,2025-12-14
462d44,5.0396,46.6902,1765722536,6324.6,141.67,FALSE,NA,462d44_2025-12-14 14:37:56,2025-12-14,2025-12-14
462d44,5.367,46.6404,1765722716,5875.02,143.8,FALSE,NA,462d44_2025-12-14 14:37:56,2025-12-14,2025-12-14
462d44,5.6917,46.5904,1765722896,4610.1,139.89,FALSE,NA,462d44_2025-12-14 14:37:56,2025-12-14,2025-12-14
462d44,5.9882,46.5315,1765723076,3307.08,132.44,FALSE,NA,462d44_2025-12-14 14:37:56,2025-12-14,2025-12-14
462d44,6.278,46.5254,1765723256,1889.76,111.65,FALSE,NA,462d44_2025-12-14 14:37:56,2025-12-14,2025-12-14
462d44,6.5077,46.4953,1765723436,1150.62,89.59,FALSE,NA,462d44_2025-12-14 14:37:56,2025-12-14,2025-12-14
462d44,6.6149,46.526,1765723616,769.62,47.4,FALSE,NA,462d44_2025-12-14 14:37:56,2025-12-14,2025-12-14
4b0f8e,9.6029,46.5087,1765723106,3878.58,129.18,FALSE,NA,4b0f8e_2025-12-14 15:38:26,2025-12-14,2025-12-14
4b0f8e,9.3066,46.5021,1765723286,3878.58,126.64,TRUE,NA,4b0f8e_2025-12-14 15:38:26,2025-12-14,2025-12-14
4b0f8e,9.0172,46.4947,1765723466,3886.2,125.1,FALSE,NA,4b0f8e_2025-12-14 15:38:26,2025-12-14,2025-12-14
4b0f8e,8.729,46.4868,1765723646,3886.2,124.6,FALSE,NA,4b0f8e_2025-12-14 15:38:26,2025-12-14,2025-12-14
4b0f8e,8.4252,46.4776,1765723826,3886.2,124.62,FALSE,NA,4b0f8e_2025-12-14 15:38:26,2025-12-14,2025-12-14
4b0f8e,8.1389,46.4449,1765724006,3886.2,125.16,FALSE,NA,4b0f8e_2025-12-14 15:38:26,2025-12-14,2025-12-14
4b0f8e,7.8651,46.3817,1765724186,3886.2,127.02,FALSE,NA,4b0f8e_2025-12-14 15:38:26,2025-12-14,2025-12-14
4b0f8e,7.5692,46.3356,1765724366,3886.2,127.17,FALSE,NA,4b0f8e_2025-12-14 15:38:26,2025-12-14,2025-12-14
4b0f8e,7.2797,46.2902,1765724546,3886.2,126.67,FALSE,NA,4b0f8e_2025-12-14 15:38:26,2025-12-14,2025-12-14
4b0f8e,6.9852,46.2617,1765724726,2727.96,131.02,FALSE,NA,4b0f8e_2025-12-14 15:38:26,2025-12-14,2025-12-14
4b0f8e,6.8696,46.4104,1765724906,830.58,106.21,FALSE,NA,4b0f8e_2025-12-14 15:38:26,2025-12-14,2025-12-14
4b0f8e,6.6874,46.4659,1765725086,784.86,89.54,FALSE,NA,4b0f8e_2025-12-14 15:38:26,2025-12-14,2025-12-14
4b0f8e,6.615,46.5297,1765725266,769.62,48.38,FALSE,NA,4b0f8e_2025-12-14 15:38:26,2025-12-14,2025-12-14
461553,7.2082,43.6509,1765724765,NA,NA,FALSE,NA,461553_2025-12-14 16:06:05,2025-12-14,2025-12-14
461553,7.2763,43.606,1765724945,2042.16,75.64,FALSE,NA,461553_2025-12-14 16:06:05,2025-12-14,2025-12-14
461553,7.1734,43.7069,1765725125,3901.44,94.82,FALSE,NA,461553_2025-12-14 16:06:05,2025-12-14,2025-12-14
461553,7.1163,43.862,1765725305,5486.4,101.69,FALSE,NA,461553_2025-12-14 16:06:05,2025-12-14,2025-12-14
461553,7.0591,44.029,1765725485,6781.8,110.3,FALSE,NA,461553_2025-12-14 16:06:05,2025-12-14,2025-12-14
461553,6.9861,44.2407,1765725665,6911.34,149.98,FALSE,NA,461553_2025-12-14 16:06:05,2025-12-14,2025-12-14
461553,6.9036,44.4779,1765725845,6918.96,151.6,FALSE,NA,461553_2025-12-14 16:06:05,2025-12-14,2025-12-14
461553,6.8343,44.7152,1765726025,6918.96,148.72,FALSE,NA,461553_2025-12-14 16:06:05,2025-12-14,2025-12-14
461553,6.8036,44.9551,1765726205,6918.96,148.76,FALSE,NA,461553_2025-12-14 16:06:05,2025-12-14,2025-12-14
461553,6.773,45.1939,1765726385,6918.96,148.76,FALSE,NA,461553_2025-12-14 16:06:05,2025-12-14,2025-12-14
461553,6.7422,45.433,1765726565,6918.96,148.25,FALSE,NA,461553_2025-12-14 16:06:05,2025-12-14,2025-12-14
461553,6.711,45.6724,1765726745,6377.94,151.37,FALSE,NA,461553_2025-12-14 16:06:05,2025-12-14,2025-12-14
461553,6.6796,45.912,1765726925,5539.74,137.45,FALSE,NA,461553_2025-12-14 16:06:05,2025-12-14,2025-12-14
461553,6.6524,46.1165,1765727105,3383.28,116.77,FALSE,NA,461553_2025-12-14 16:06:05,2025-12-14,2025-12-14
461553,6.6258,46.3087,1765727285,1958.34,113.01,FALSE,NA,461553_2025-12-14 16:06:05,2025-12-14,2025-12-14
461553,6.6278,46.4502,1765727465,1013.46,61.06,FALSE,NA,461553_2025-12-14 16:06:05,2025-12-14,2025-12-14
461553,6.6156,46.5345,1765727645,716.28,42.3,FALSE,NA,461553_2025-12-14 16:06:05,2025-12-14,2025-12-14
44c062,4.4299,50.4532,1765887906,441.96,57.56,FALSE,NA,44c062_2025-12-16 13:25:06,2025-12-16,2025-12-16
44c062,4.2783,50.4094,1765888086,2141.22,73.5,FALSE,NA,44c062_2025-12-16 13:25:06,2025-12-16,2025-12-16
44c062,4.1028,50.5267,1765888266,2788.92,129.27,FALSE,NA,44c062_2025-12-16 13:25:06,2025-12-16,2025-12-16
44c062,4.2683,50.6857,1765888446,3741.42,111.82,FALSE,NA,44c062_2025-12-16 13:25:06,2025-12-16,2025-12-16
44c062,4.5448,50.7207,1765888626,5097.78,109.67,FALSE,NA,44c062_2025-12-16 13:25:06,2025-12-16,2025-12-16
44c062,4.7791,50.6983,1765888806,6294.12,94.69,FALSE,NA,44c062_2025-12-16 13:25:06,2025-12-16,2025-12-16
44c062,4.9772,50.618,1765888986,7254.24,93.12,FALSE,NA,44c062_2025-12-16 13:25:06,2025-12-16,2025-12-16
44c062,5.1568,50.5025,1765889166,8008.62,100.4,FALSE,NA,44c062_2025-12-16 13:25:06,2025-12-16,2025-12-16
44c062,5.3537,50.3747,1765889346,8267.7,125.87,FALSE,NA,44c062_2025-12-16 13:25:06,2025-12-16,2025-12-16
44c062,5.5855,50.2237,1765889526,8275.32,133.15,FALSE,NA,44c062_2025-12-16 13:25:06,2025-12-16,2025-12-16
44c062,5.8103,50.0668,1765889706,8282.94,128.38,FALSE,NA,44c062_2025-12-16 13:25:06,2025-12-16,2025-12-16
44c062,5.9135,49.8715,1765889886,8282.94,127.38,FALSE,NA,44c062_2025-12-16 13:25:06,2025-12-16,2025-12-16
44c062,6.066,49.6891,1765890066,8290.56,129.52,FALSE,NA,44c062_2025-12-16 13:25:06,2025-12-16,2025-12-16
44c062,6.2329,49.511,1765890246,8290.56,128.81,FALSE,NA,44c062_2025-12-16 13:25:06,2025-12-16,2025-12-16
44c062,6.3993,49.3319,1765890426,8298.18,129.96,FALSE,NA,44c062_2025-12-16 13:25:06,2025-12-16,2025-12-16
44c062,6.5636,49.1534,1765890606,8298.18,128.99,FALSE,NA,44c062_2025-12-16 13:25:06,2025-12-16,2025-12-16
44c062,6.7138,48.9717,1765890786,8298.18,124.07,FALSE,NA,44c062_2025-12-16 13:25:06,2025-12-16,2025-12-16
44c062,6.7186,48.7744,1765890966,8298.18,121.41,FALSE,NA,44c062_2025-12-16 13:25:06,2025-12-16,2025-12-16
44c062,6.721,48.5746,1765891146,7833.36,126.55,FALSE,NA,44c062_2025-12-16 13:25:06,2025-12-16,2025-12-16
44c062,6.7233,48.3662,1765891326,6918.96,132.22,FALSE,NA,44c062_2025-12-16 13:25:06,2025-12-16,2025-12-16
44c062,6.7257,48.1468,1765891506,6004.56,138.39,FALSE,NA,44c062_2025-12-16 13:25:06,2025-12-16,2025-12-16
44c062,6.7727,47.9241,1765891686,4937.76,143.66,FALSE,NA,44c062_2025-12-16 13:25:06,2025-12-16,2025-12-16
44c062,6.8766,47.7113,1765891866,4655.82,134.38,FALSE,NA,44c062_2025-12-16 13:25:06,2025-12-16,2025-12-16
44c062,6.9757,47.5067,1765892046,4655.82,132.59,FALSE,NA,44c062_2025-12-16 13:25:06,2025-12-16,2025-12-16
44c062,7.1329,47.3212,1765892226,4328.16,142.61,FALSE,NA,44c062_2025-12-16 13:25:06,2025-12-16,2025-12-16
44c062,7.348,47.1607,1765892406,3208.02,120.78,FALSE,NA,44c062_2025-12-16 13:25:06,2025-12-16,2025-12-16
44c062,7.4594,46.9992,1765892586,3124.2,123.97,FALSE,NA,44c062_2025-12-16 13:25:06,2025-12-16,2025-12-16
44c062,7.31,46.8378,1765892766,2964.18,128.47,FALSE,NA,44c062_2025-12-16 13:25:06,2025-12-16,2025-12-16
44c062,7.0905,46.6973,1765892946,2339.34,129.5,FALSE,NA,44c062_2025-12-16 13:25:06,2025-12-16,2025-12-16
44c062,6.8901,46.5663,1765893126,1562.1,115.34,FALSE,NA,44c062_2025-12-16 13:25:06,2025-12-16,2025-12-16
44c062,6.7115,46.4648,1765893306,1043.94,74.1,FALSE,NA,44c062_2025-12-16 13:25:06,2025-12-16,2025-12-16
44c062,6.6132,46.511,1765893486,883.92,46.89,FALSE,NA,44c062_2025-12-16 13:25:06,2025-12-16,2025-12-16
4b44a5,NA,NA,1765888244,NA,39.95,FALSE,NA,4b44a5_2025-12-16 13:30:44,2025-12-16,2025-12-16
4b44a5,6.9558,46.5834,1765888424,1371.6,65.06,FALSE,NA,4b44a5_2025-12-16 13:30:44,2025-12-16,2025-12-16
4b44a5,6.8246,46.5402,1765888604,1158.24,59.29,FALSE,NA,4b44a5_2025-12-16 13:30:44,2025-12-16,2025-12-16
4b44a5,6.696,46.5078,1765888784,716.28,48.64,FALSE,NA,4b44a5_2025-12-16 13:30:44,2025-12-16,2025-12-16
4b44a5,6.695,46.513,1765888964,708.66,37.84,FALSE,NA,4b44a5_2025-12-16 13:30:44,2025-12-16,2025-12-16
4b44a5,6.6931,46.5141,1765889144,693.42,3.45,FALSE,NA,4b44a5_2025-12-16 13:30:44,2025-12-16,2025-12-16
4b44a5,6.6932,46.5143,1765889324,693.42,2.12,FALSE,NA,4b44a5_2025-12-16 13:30:44,2025-12-16,2025-12-16
4b44a5,6.696,46.5166,1765889504,769.62,13.58,FALSE,NA,4b44a5_2025-12-16 13:30:44,2025-12-16,2025-12-16
4b44a5,6.6954,46.5141,1765889684,746.76,18.19,FALSE,NA,4b44a5_2025-12-16 13:30:44,2025-12-16,2025-12-16
4b44a5,6.6819,46.5318,1765889864,1005.84,48.87,FALSE,NA,4b44a5_2025-12-16 13:30:44,2025-12-16,2025-12-16
4b44a5,6.6754,46.5427,1765891230,853.44,0.73,FALSE,NA,4b44a5_2025-12-16 14:20:30,2025-12-16,2025-12-16
4b44a5,6.6846,46.5571,1765891410,952.5,1.03,FALSE,NA,4b44a5_2025-12-16 14:20:30,2025-12-16,2025-12-16
4b44a5,6.6853,46.5563,1765891590,982.98,12.65,FALSE,NA,4b44a5_2025-12-16 14:20:30,2025-12-16,2025-12-16
4b44a5,6.6857,46.5554,1765891770,952.5,3.71,FALSE,NA,4b44a5_2025-12-16 14:20:30,2025-12-16,2025-12-16
4b44a5,6.6857,46.5555,1765891950,960.12,7.17,FALSE,NA,4b44a5_2025-12-16 14:20:30,2025-12-16,2025-12-16
4b44a5,6.6846,46.557,1765892130,937.26,1.54,FALSE,NA,4b44a5_2025-12-16 14:20:30,2025-12-16,2025-12-16
4b44a5,6.6848,46.5564,1765892310,975.36,9.27,FALSE,NA,4b44a5_2025-12-16 14:20:30,2025-12-16,2025-12-16
4b28b1,NA,NA,1765896296,NA,40.35,FALSE,NA,4b28b1_2025-12-16 15:44:56,2025-12-16,2025-12-16
4b28b1,7.3409,47.1302,1765896476,1447.8,41.56,FALSE,NA,4b28b1_2025-12-16 15:44:56,2025-12-16,2025-12-16
4b28b1,7.3185,47.0671,1765896656,2072.64,42.92,FALSE,NA,4b28b1_2025-12-16 15:44:56,2025-12-16,2025-12-16
4b28b1,7.2926,46.9963,1765896836,2560.32,45.42,FALSE,NA,4b28b1_2025-12-16 15:44:56,2025-12-16,2025-12-16
4b28b1,7.2532,46.922,1765897016,2804.16,55.98,FALSE,NA,4b28b1_2025-12-16 15:44:56,2025-12-16,2025-12-16
4b28b1,7.1724,46.8529,1765897196,2796.54,53.43,FALSE,NA,4b28b1_2025-12-16 15:44:56,2025-12-16,2025-12-16
4b28b1,7.0912,46.784,1765897376,2796.54,54.55,FALSE,NA,4b28b1_2025-12-16 15:44:56,2025-12-16,2025-12-16
4b28b1,7.0117,46.7164,1765897556,2773.68,55.6,FALSE,NA,4b28b1_2025-12-16 15:44:56,2025-12-16,2025-12-16
4b28b1,6.9234,46.6426,1765897736,2301.24,60.21,FALSE,NA,4b28b1_2025-12-16 15:44:56,2025-12-16,2025-12-16
4b28b1,6.8295,46.5727,1765897916,1836.42,59.3,FALSE,NA,4b28b1_2025-12-16 15:44:56,2025-12-16,2025-12-16
4b28b1,6.7128,46.52,1765898096,1371.6,60.82,FALSE,NA,4b28b1_2025-12-16 15:44:56,2025-12-16,2025-12-16
4b28b1,6.6117,46.5105,1765898276,982.98,42.63,FALSE,NA,4b28b1_2025-12-16 15:44:56,2025-12-16,2025-12-16
4b25ea,6.6167,46.5453,1765899059,662.94,36.07,FALSE,NA,4b25ea_2025-12-16 16:30:59,2025-12-16,2025-12-16
4b25ea,6.6154,46.5334,1765899239,731.52,35.04,FALSE,NA,4b25ea_2025-12-16 16:30:59,2025-12-16,2025-12-16
4b25ea,6.5976,46.527,1765899419,876.3,47.32,FALSE,NA,4b25ea_2025-12-16 16:30:59,2025-12-16,2025-12-16
4b25ea,6.5847,46.5436,1765899599,929.64,49.56,FALSE,NA,4b25ea_2025-12-16 16:30:59,2025-12-16,2025-12-16
4b28b1,6.6165,46.5439,1765969166,662.94,32.48,FALSE,NA,4b28b1_2025-12-17 11:59:26,2025-12-17,2025-12-17
4b28b1,6.6018,46.6168,1765969346,1348.74,52,FALSE,NA,4b28b1_2025-12-17 11:59:26,2025-12-17,2025-12-17
4b28b1,6.7164,46.6479,1765969526,1851.66,61.54,FALSE,NA,4b28b1_2025-12-17 11:59:26,2025-12-17,2025-12-17
4b28b1,6.8218,46.6061,1765969706,1851.66,57.93,FALSE,NA,4b28b1_2025-12-17 11:59:26,2025-12-17,2025-12-17
4b28b1,6.8364,46.5314,1765969886,1562.1,56.98,FALSE,NA,4b28b1_2025-12-17 11:59:26,2025-12-17,2025-12-17
4b28b1,6.7414,46.5086,1765970066,1691.64,60.88,FALSE,NA,4b28b1_2025-12-17 11:59:26,2025-12-17,2025-12-17
4b28b1,6.8213,46.5756,1765970246,1714.5,58.51,FALSE,NA,4b28b1_2025-12-17 11:59:26,2025-12-17,2025-12-17
4b28b1,6.9165,46.6297,1765970426,1706.88,58.85,FALSE,NA,4b28b1_2025-12-17 11:59:26,2025-12-17,2025-12-17
4b28b1,6.8002,46.5821,1765970606,1699.26,60.21,FALSE,NA,4b28b1_2025-12-17 11:59:26,2025-12-17,2025-12-17
4b28b1,6.8025,46.5353,1765970786,1699.26,60.76,FALSE,NA,4b28b1_2025-12-17 11:59:26,2025-12-17,2025-12-17
4b28b1,6.8367000000000004,46.5375,1765970966,1783.08,59.78,FALSE,NA,4b28b1_2025-12-17 11:59:26,2025-12-17,2025-12-17
4b28b1,6.7456,46.506100000000004,1765971146,1463.04,59.8,FALSE,NA,4b28b1_2025-12-17 11:59:26,2025-12-17,2025-12-17
4b28b1,6.6217,46.5458,1765971326,922.02,58.16,FALSE,NA,4b28b1_2025-12-17 11:59:26,2025-12-17,2025-12-17
4b28b1,6.6175,46.553,1765971506,708.66,32.56,FALSE,NA,4b28b1_2025-12-17 11:59:26,2025-12-17,2025-12-17
46104c,NA,NA,1765975251,NA,107.15,FALSE,NA,46104c_2025-12-17 13:40:51,2025-12-17,2025-12-17
46104c,6.9459,46.3536,1765975431,1729.74,113.86,FALSE,NA,46104c_2025-12-17 13:40:51,2025-12-17,2025-12-17
46104c,6.765,46.4859,1765975611,1737.36,104.43,FALSE,NA,46104c_2025-12-17 13:40:51,2025-12-17,2025-12-17
46104c,6.6137,46.5114,1765975791,929.64,63.35,FALSE,NA,46104c_2025-12-17 13:40:51,2025-12-17,2025-12-17
4b28b1,6.6163,46.5419,1765981013,NA,NA,FALSE,NA,4b28b1_2025-12-17 15:16:53,2025-12-17,2025-12-17
4b28b1,6.622,46.6117,1765981193,1386.84,46.61,FALSE,NA,4b28b1_2025-12-17 15:16:53,2025-12-17,2025-12-17
4b28b1,6.7315,46.6496,1765981373,1706.88,55.65,FALSE,NA,4b28b1_2025-12-17 15:16:53,2025-12-17,2025-12-17
4b28b1,6.8529,46.6655,1765981553,1714.5,53.15,FALSE,NA,4b28b1_2025-12-17 15:16:53,2025-12-17,2025-12-17
4b28b1,6.9673,46.6776,1765981733,1821.18,46.27,FALSE,NA,4b28b1_2025-12-17 15:16:53,2025-12-17,2025-12-17
4b28b1,7.0156,46.6098,1765981913,2324.1,52.78,FALSE,NA,4b28b1_2025-12-17 15:16:53,2025-12-17,2025-12-17
4b28b1,7.0424,46.5229,1765982093,2171.7,57.11,FALSE,NA,4b28b1_2025-12-17 15:16:53,2025-12-17,2025-12-17
4b28b1,7.114,46.4764,1765982273,2194.56,47.55,FALSE,NA,4b28b1_2025-12-17 15:16:53,2025-12-17,2025-12-17
4b28b1,7.0066,46.4628,1765982453,2171.7,51.78,FALSE,NA,4b28b1_2025-12-17 15:16:53,2025-12-17,2025-12-17
4b28b1,6.8805,46.4277,1765982633,1821.18,61.24,FALSE,NA,4b28b1_2025-12-17 15:16:53,2025-12-17,2025-12-17
4b28b1,6.8474,46.4353,1765982813,1402.08,51.49,FALSE,NA,4b28b1_2025-12-17 15:16:53,2025-12-17,2025-12-17
4b28b1,6.7285,46.4693,1765982993,1249.68,59.52,FALSE,NA,4b28b1_2025-12-17 15:16:53,2025-12-17,2025-12-17
4b28b1,6.6083,46.4975,1765983173,1066.8,45.93,FALSE,NA,4b28b1_2025-12-17 15:16:53,2025-12-17,2025-12-17
4b28b1,6.6153,46.5314,1765983353,754.38,36.1,FALSE,NA,4b28b1_2025-12-17 15:16:53,2025-12-17,2025-12-17
4b1bdd,7.502,46.9102,1765983633,601.98,34.71,FALSE,NA,4b1bdd_2025-12-17 16:00:33,2025-12-17,2025-12-17
4b1bdd,7.4984,46.8529,1765983813,1295.4,45.27,FALSE,NA,4b1bdd_2025-12-17 16:00:33,2025-12-17,2025-12-17
4b1bdd,7.4255,46.8111,1765983993,1805.94,42.95,FALSE,NA,4b1bdd_2025-12-17 16:00:33,2025-12-17,2025-12-17
4b1bdd,7.307,46.7868,1765984173,2026.92,58.44,FALSE,NA,4b1bdd_2025-12-17 16:00:33,2025-12-17,2025-12-17
4b1bdd,7.1883,46.7534,1765984353,2034.54,53.38,FALSE,NA,4b1bdd_2025-12-17 16:00:33,2025-12-17,2025-12-17
4b1bdd,7.0729,46.713,1765984533,2026.92,55.22,FALSE,NA,4b1bdd_2025-12-17 16:00:33,2025-12-17,2025-12-17
4b1bdd,6.9577,46.6715,1765984713,2026.92,54.57,FALSE,NA,4b1bdd_2025-12-17 16:00:33,2025-12-17,2025-12-17
4b1bdd,6.8728,46.6,1765984893,1790.7,60.4,FALSE,NA,4b1bdd_2025-12-17 16:00:33,2025-12-17,2025-12-17
4b1bdd,6.7885,46.5211,1765985073,1402.08,57.11,FALSE,NA,4b1bdd_2025-12-17 16:00:33,2025-12-17,2025-12-17
4b1bdd,6.6753,46.4865,1765985253,1089.66,52.53,FALSE,NA,4b1bdd_2025-12-17 16:00:33,2025-12-17,2025-12-17
4b1bdd,6.6146,46.5226,1765985433,861.06,37.07,FALSE,NA,4b1bdd_2025-12-17 16:00:33,2025-12-17,2025-12-17
4b3305,NA,NA,1765997142,NA,66.08,FALSE,NA,4b3305_2025-12-17 19:45:42,2025-12-17,2025-12-17
4b3305,6.9361,46.3856,1765997322,2042.16,72.49,FALSE,NA,4b3305_2025-12-17 19:45:42,2025-12-17,2025-12-17
4b3305,6.7976,46.451,1765997502,1424.94,71.06,FALSE,NA,4b3305_2025-12-17 19:45:42,2025-12-17,2025-12-17
4b3305,6.6644,46.5133,1765997682,929.64,59.93,FALSE,NA,4b3305_2025-12-17 19:45:42,2025-12-17,2025-12-17
49d5e2,16.6948,49.1512,1766054365,312.42,58.58,FALSE,NA,49d5e2_2025-12-18 11:39:25,2025-12-18,2025-12-18
49d5e2,16.6212,49.0899,1766054545,1905,77.45,FALSE,NA,49d5e2_2025-12-18 11:39:25,2025-12-18,2025-12-18
49d5e2,16.4286,49.0337,1766054725,3459.48,92.67,FALSE,NA,49d5e2_2025-12-18 11:39:25,2025-12-18,2025-12-18
49d5e2,16.2115,48.9783,1766054905,4785.36,99.36,FALSE,NA,49d5e2_2025-12-18 11:39:25,2025-12-18,2025-12-18
49d5e2,15.9731,48.9169,1766055085,5859.78,106.71,FALSE,NA,49d5e2_2025-12-18 11:39:25,2025-12-18,2025-12-18
49d5e2,15.7244,48.8522,1766055265,6835.14,111.77,FALSE,NA,49d5e2_2025-12-18 11:39:25,2025-12-18,2025-12-18
49d5e2,15.4612,48.7831,1766055445,7467.6,128.11,FALSE,NA,49d5e2_2025-12-18 11:39:25,2025-12-18,2025-12-18
49d5e2,15.1487,48.6998,1766055625,7475.22,142.82,FALSE,NA,49d5e2_2025-12-18 11:39:25,2025-12-18,2025-12-18
49d5e2,14.8234,48.6119,1766055805,7475.22,144.44,FALSE,NA,49d5e2_2025-12-18 11:39:25,2025-12-18,2025-12-18
49d5e2,14.4968,48.5226,1766055985,7475.22,145.51,FALSE,NA,49d5e2_2025-12-18 11:39:25,2025-12-18,2025-12-18
49d5e2,14.1708,48.4321,1766056165,7475.22,145.71,FALSE,NA,49d5e2_2025-12-18 11:39:25,2025-12-18,2025-12-18
49d5e2,13.8513,48.3422,1766056345,7696.2,136.92,FALSE,NA,49d5e2_2025-12-18 11:39:25,2025-12-18,2025-12-18
49d5e2,13.5642,48.2603,1766056525,8420.1,123.08,FALSE,NA,49d5e2_2025-12-18 11:39:25,2025-12-18,2025-12-18
49d5e2,13.2782,48.1778,1766056705,8686.8,140.78,FALSE,NA,49d5e2_2025-12-18 11:39:25,2025-12-18,2025-12-18
49d5e2,12.9582,48.0845,1766056885,8686.8,146.05,FALSE,NA,49d5e2_2025-12-18 11:39:25,2025-12-18,2025-12-18
49d5e2,12.6332,47.9882,1766057065,8686.8,147.4,FALSE,NA,49d5e2_2025-12-18 11:39:25,2025-12-18,2025-12-18
49d5e2,12.2872,47.9469,1766057245,8686.8,147.03,FALSE,NA,49d5e2_2025-12-18 11:39:25,2025-12-18,2025-12-18
49d5e2,11.936,47.9128,1766057425,8686.8,147.69,FALSE,NA,49d5e2_2025-12-18 11:39:25,2025-12-18,2025-12-18
49d5e2,11.583,47.8777,1766057605,8686.8,149.29,FALSE,NA,49d5e2_2025-12-18 11:39:25,2025-12-18,2025-12-18
49d5e2,11.2266,47.8411,1766057785,8686.8,151.48,FALSE,NA,49d5e2_2025-12-18 11:39:25,2025-12-18,2025-12-18
49d5e2,10.8655,47.79,1766057965,8694.42,154.97,FALSE,NA,49d5e2_2025-12-18 11:39:25,2025-12-18,2025-12-18
49d5e2,10.5056,47.7312,1766058145,8702.04,153.59,FALSE,NA,49d5e2_2025-12-18 11:39:25,2025-12-18,2025-12-18
49d5e2,10.1497,47.6718,1766058325,8702.04,152.22,FALSE,NA,49d5e2_2025-12-18 11:39:25,2025-12-18,2025-12-18
49d5e2,9.7999,47.6122,1766058505,8709.66,149.73,FALSE,NA,49d5e2_2025-12-18 11:39:25,2025-12-18,2025-12-18
49d5e2,9.4558,47.5525,1766058685,8709.66,148.23,FALSE,NA,49d5e2_2025-12-18 11:39:25,2025-12-18,2025-12-18
49d5e2,9.1141,47.4919,1766058865,8717.28,147.37,FALSE,NA,49d5e2_2025-12-18 11:39:25,2025-12-18,2025-12-18
49d5e2,8.7762,47.431,1766059045,8724.9,146.01,FALSE,NA,49d5e2_2025-12-18 11:39:25,2025-12-18,2025-12-18
49d5e2,8.4331,47.3678,1766059225,8450.58,153.14,FALSE,NA,49d5e2_2025-12-18 11:39:25,2025-12-18,2025-12-18
49d5e2,8.0838,47.3024,1766059405,7879.08,152.78,FALSE,NA,49d5e2_2025-12-18 11:39:25,2025-12-18,2025-12-18
49d5e2,7.7326,47.2354,1766059585,7124.7,155.04,FALSE,NA,49d5e2_2025-12-18 11:39:25,2025-12-18,2025-12-18
49d5e2,7.3874,47.1664,1766059765,6637.02,152.17,FALSE,NA,49d5e2_2025-12-18 11:39:25,2025-12-18,2025-12-18
49d5e2,7.1308,47.0055,1766059945,5006.34,138.39,FALSE,NA,49d5e2_2025-12-18 11:39:25,2025-12-18,2025-12-18
49d5e2,6.9535,46.8325,1766060125,3154.68,124.17,FALSE,NA,49d5e2_2025-12-18 11:39:25,2025-12-18,2025-12-18
49d5e2,6.8031,46.676,1766060305,1866.9,102.59,FALSE,NA,49d5e2_2025-12-18 11:39:25,2025-12-18,2025-12-18
49d5e2,6.6927,46.5391,1766060485,1325.88,85.8,FALSE,NA,49d5e2_2025-12-18 11:39:25,2025-12-18,2025-12-18
49d5e2,6.6154,46.5322,1766060665,739.14,46.92,FALSE,NA,49d5e2_2025-12-18 11:39:25,2025-12-18,2025-12-18
44c061,11.3525,47.2611,1766055881,NA,NA,FALSE,NA,44c061_2025-12-18 12:04:41,2025-12-18,2025-12-18
44c061,11.1844,47.2784,1766056061,2430.78,85.1,FALSE,NA,44c061_2025-12-18 12:04:41,2025-12-18,2025-12-18
44c061,10.9768,47.3886,1766056241,3116.58,119.8,FALSE,NA,44c061_2025-12-18 12:04:41,2025-12-18,2025-12-18
44c061,10.82,47.4962,1766056421,4792.98,87.17,FALSE,NA,44c061_2025-12-18 12:04:41,2025-12-18,2025-12-18
44c061,10.6344,47.5952,1766056601,5654.04,119.07,FALSE,NA,44c061_2025-12-18 12:04:41,2025-12-18,2025-12-18
44c061,10.361,47.6777,1766056781,5654.04,130.29,FALSE,NA,44c061_2025-12-18 12:04:41,2025-12-18,2025-12-18
44c061,10.0428,47.6967,1766056961,5646.42,136.4,FALSE,NA,44c061_2025-12-18 12:04:41,2025-12-18,2025-12-18
44c061,9.7292,47.6383,1766057141,5654.04,135.68,FALSE,NA,44c061_2025-12-18 12:04:41,2025-12-18,2025-12-18
44c061,9.4161,47.5787,1766057321,5646.42,136.31,FALSE,NA,44c061_2025-12-18 12:04:41,2025-12-18,2025-12-18
44c061,9.104,47.5184,1766057501,5646.42,134.48,FALSE,NA,44c061_2025-12-18 12:04:41,2025-12-18,2025-12-18
44c061,8.7949,47.4576,1766057681,5646.42,136.25,FALSE,NA,44c061_2025-12-18 12:04:41,2025-12-18,2025-12-18
44c061,8.4806,47.3949,1766057861,5631.18,137.87,FALSE,NA,44c061_2025-12-18 12:04:41,2025-12-18,2025-12-18
44c061,8.167,47.3312,1766058041,5631.18,137.03,FALSE,NA,44c061_2025-12-18 12:04:41,2025-12-18,2025-12-18
44c061,7.8553,47.2669,1766058221,5631.18,137.18,FALSE,NA,44c061_2025-12-18 12:04:41,2025-12-18,2025-12-18
44c061,7.5432,47.2016,1766058401,5615.94,137.83,FALSE,NA,44c061_2025-12-18 12:04:41,2025-12-18,2025-12-18
44c061,7.252,47.1007,1766058581,5334,135.54,FALSE,NA,44c061_2025-12-18 12:04:41,2025-12-18,2025-12-18
44c061,6.9974,46.9619,1766058761,4831.08,138.75,FALSE,NA,44c061_2025-12-18 12:04:41,2025-12-18,2025-12-18
44c061,6.8273,46.7877,1766058941,3238.5,123.61,FALSE,NA,44c061_2025-12-18 12:04:41,2025-12-18,2025-12-18
44c061,6.7107,46.6225,1766059121,1653.54,106.71,FALSE,NA,44c061_2025-12-18 12:04:41,2025-12-18,2025-12-18
44c061,6.6906,46.4786,1766059301,1074.42,63.28,FALSE,NA,44c061_2025-12-18 12:04:41,2025-12-18,2025-12-18
44c061,6.6138,46.5139,1766059481,914.4,53.59,FALSE,NA,44c061_2025-12-18 12:04:41,2025-12-18,2025-12-18
4b25ea,6.6169,46.5481,1766062480,693.42,36.1,FALSE,NA,4b25ea_2025-12-18 13:54:40,2025-12-18,2025-12-18
4b25ea,6.6112,46.6159,1766062660,1341.12,44.74,FALSE,NA,4b25ea_2025-12-18 13:54:40,2025-12-18,2025-12-18
4b25ea,6.5428,46.6821,1766062840,1813.56,60.98,FALSE,NA,4b25ea_2025-12-18 13:54:40,2025-12-18,2025-12-18
4b25ea,6.4534,46.7343,1766063020,1897.38,41.18,FALSE,NA,4b25ea_2025-12-18 13:54:40,2025-12-18,2025-12-18
4b25ea,6.5548,46.6916,1766063200,1653.54,54.57,FALSE,NA,4b25ea_2025-12-18 13:54:40,2025-12-18,2025-12-18
4b25ea,6.6673,46.6533,1766063380,1851.66,58.9,FALSE,NA,4b25ea_2025-12-18 13:54:40,2025-12-18,2025-12-18
4b25ea,6.8091,46.6393,1766063560,1767.84,56.66,FALSE,NA,4b25ea_2025-12-18 13:54:40,2025-12-18,2025-12-18
4b25ea,6.9351,46.6171,1766063740,1744.98,59.18,FALSE,NA,4b25ea_2025-12-18 13:54:40,2025-12-18,2025-12-18
4b25ea,6.9626,46.6213,1766063920,1722.12,45.88,FALSE,NA,4b25ea_2025-12-18 13:54:40,2025-12-18,2025-12-18
4b25ea,6.8746,46.5752,1766064100,1699.26,45.93,FALSE,NA,4b25ea_2025-12-18 13:54:40,2025-12-18,2025-12-18
4b25ea,6.796,46.5206,1766064280,1630.68,51.65,FALSE,NA,4b25ea_2025-12-18 13:54:40,2025-12-18,2025-12-18
4b25ea,6.6766,46.4918,1766064460,1135.38,53.62,FALSE,NA,4b25ea_2025-12-18 13:54:40,2025-12-18,2025-12-18
4b25ea,6.6151,46.5285,1766064640,784.86,38.67,FALSE,NA,4b25ea_2025-12-18 13:54:40,2025-12-18,2025-12-18
4b1bdd,6.6164,46.5507,1766063296,723.9,40.84,FALSE,NA,4b1bdd_2025-12-18 14:08:16,2025-12-18,2025-12-18
4b1bdd,6.6072,46.5202,1766063476,876.3,43.08,FALSE,NA,4b1bdd_2025-12-18 14:08:16,2025-12-18,2025-12-18
4b1bdd,6.6171,46.545,1766063656,NA,32.99,FALSE,NA,4b1bdd_2025-12-18 14:08:16,2025-12-18,2025-12-18
4b1bdd,6.6146,46.5766,1766063836,990.6,47.94,FALSE,NA,4b1bdd_2025-12-18 14:08:16,2025-12-18,2025-12-18
4b1bdd,6.676,46.5963,1766064016,1424.94,55.46,FALSE,NA,4b1bdd_2025-12-18 14:08:16,2025-12-18,2025-12-18
4b1bdd,6.7429,46.5233,1766064196,1432.56,51.53,FALSE,NA,4b1bdd_2025-12-18 14:08:16,2025-12-18,2025-12-18
4b1bdd,6.6266,46.545,1766064376,1028.7,50.78,FALSE,NA,4b1bdd_2025-12-18 14:08:16,2025-12-18,2025-12-18
4b1bdd,6.6151,46.5289,1766064556,815.34,35.63,FALSE,NA,4b1bdd_2025-12-18 14:08:16,2025-12-18,2025-12-18
4b1bdd,6.6168,46.541,1766064736,NA,32.51,FALSE,NA,4b1bdd_2025-12-18 14:08:16,2025-12-18,2025-12-18
4b1bdd,6.611,46.5547,1766064916,784.86,42.58,FALSE,NA,4b1bdd_2025-12-18 14:08:16,2025-12-18,2025-12-18
4b1bdd,6.6103,46.5214,1766065096,891.54,40.35,FALSE,NA,4b1bdd_2025-12-18 14:08:16,2025-12-18,2025-12-18
4b1af2,6.6169,46.5482,1766065455,723.9,34.48,FALSE,NA,4b1af2_2025-12-18 14:44:15,2025-12-18,2025-12-18
4b1af2,6.6156,46.5255,1766065635,830.58,36.54,FALSE,NA,4b1af2_2025-12-18 14:44:15,2025-12-18,2025-12-18
4b1af2,6.5978,46.5659,1766065815,906.78,39.07,FALSE,NA,4b1af2_2025-12-18 14:44:15,2025-12-18,2025-12-18
4b1af2,6.6113,46.5101,1766065995,914.4,42.62,FALSE,NA,4b1af2_2025-12-18 14:44:15,2025-12-18,2025-12-18
4b1af2,6.5929,46.5574,1766066175,914.4,38.6,FALSE,NA,4b1af2_2025-12-18 14:44:15,2025-12-18,2025-12-18
4b1af2,6.6156,46.5341,1766066355,731.52,37.61,FALSE,NA,4b1af2_2025-12-18 14:44:15,2025-12-18,2025-12-18
4b1bdd,6.6167,46.5463,1766067822,NA,35.59,FALSE,NA,4b1bdd_2025-12-18 15:23:42,2025-12-18,2025-12-18
4b1bdd,6.6021,46.5266,1766068002,853.44,45.69,FALSE,NA,4b1bdd_2025-12-18 15:23:42,2025-12-18,2025-12-18
4b1bdd,6.5866,46.5475,1766068182,868.68,45.42,FALSE,NA,4b1bdd_2025-12-18 15:23:42,2025-12-18,2025-12-18
4b1bdd,6.6175,46.5555,1766068362,762,39.1,FALSE,NA,4b1bdd_2025-12-18 15:23:42,2025-12-18,2025-12-18
4b1bdd,6.6758,46.6068,1766068542,1150.62,65.29,FALSE,NA,4b1bdd_2025-12-18 15:23:42,2025-12-18,2025-12-18
4b1bdd,6.7446,46.5312,1766068722,1143,55.07,FALSE,NA,4b1bdd_2025-12-18 15:23:42,2025-12-18,2025-12-18
4b1bdd,6.6528,46.4826,1766068902,1051.56,55.59,FALSE,NA,4b1bdd_2025-12-18 15:23:42,2025-12-18,2025-12-18
4d02ad,NA,NA,1766068311,NA,55.82,FALSE,NA,4d02ad_2025-12-18 15:31:51,2025-12-18,2025-12-18
4d02ad,2.3285,48.9372,1766068491,1935.48,52.29,FALSE,NA,4d02ad_2025-12-18 15:31:51,2025-12-18,2025-12-18
4d02ad,2.1976,48.8576,1766068671,2491.74,118.27,FALSE,NA,4d02ad_2025-12-18 15:31:51,2025-12-18,2025-12-18
4d02ad,2.4993,48.8371,1766068851,3444.24,124.02,FALSE,NA,4d02ad_2025-12-18 15:31:51,2025-12-18,2025-12-18
4d02ad,2.8033,48.8418,1766069031,4358.64,131.72,FALSE,NA,4d02ad_2025-12-18 15:31:51,2025-12-18,2025-12-18
4d02ad,3.1453,48.837,1766069211,4815.84,115.18,FALSE,NA,4d02ad_2025-12-18 15:31:51,2025-12-18,2025-12-18
4d02ad,3.4048,48.8207,1766069391,5920.74,120.4,FALSE,NA,4d02ad_2025-12-18 15:31:51,2025-12-18,2025-12-18
4d02ad,3.7403,48.7991,1766069571,5928.36,145.27,FALSE,NA,4d02ad_2025-12-18 15:31:51,2025-12-18,2025-12-18
4d02ad,3.9849,48.6667,1766069751,5935.98,139.74,FALSE,NA,4d02ad_2025-12-18 15:31:51,2025-12-18,2025-12-18
4d02ad,4.1923,48.4855,1766069931,5935.98,141.47,FALSE,NA,4d02ad_2025-12-18 15:31:51,2025-12-18,2025-12-18
4d02ad,4.3696,48.2899,1766070111,5943.6,141.79,FALSE,NA,4d02ad_2025-12-18 15:31:51,2025-12-18,2025-12-18
4d02ad,4.5412,48.0925,1766070291,5943.6,141.27,FALSE,NA,4d02ad_2025-12-18 15:31:51,2025-12-18,2025-12-18
4d02ad,4.7115,47.8946,1766070471,5943.6,139.42,FALSE,NA,4d02ad_2025-12-18 15:31:51,2025-12-18,2025-12-18
4d02ad,4.8782,47.6994,1766070651,5951.22,139.87,FALSE,NA,4d02ad_2025-12-18 15:31:51,2025-12-18,2025-12-18
4d02ad,5.0433,47.5044,1766070831,5951.22,138.27,FALSE,NA,4d02ad_2025-12-18 15:31:51,2025-12-18,2025-12-18
4d02ad,5.2061,47.3103,1766071011,5951.22,138.02,FALSE,NA,4d02ad_2025-12-18 15:31:51,2025-12-18,2025-12-18
4d02ad,5.3673,47.1167,1766071191,5951.22,137.06,FALSE,NA,4d02ad_2025-12-18 15:31:51,2025-12-18,2025-12-18
4d02ad,5.5728,46.9483,1766071371,5890.26,143.7,FALSE,NA,4d02ad_2025-12-18 15:31:51,2025-12-18,2025-12-18
4d02ad,5.8683,46.8192,1766071551,5029.2,147.13,FALSE,NA,4d02ad_2025-12-18 15:31:51,2025-12-18,2025-12-18
4d02ad,6.1406,46.6996,1766071731,3627.12,128.15,FALSE,NA,4d02ad_2025-12-18 15:31:51,2025-12-18,2025-12-18
4d02ad,6.3985,46.6029,1766071911,1783.08,106.58,FALSE,NA,4d02ad_2025-12-18 15:31:51,2025-12-18,2025-12-18
4d02ad,6.5815,46.5074,1766072091,1082.04,76.78,FALSE,NA,4d02ad_2025-12-18 15:31:51,2025-12-18,2025-12-18
4b25ea,6.6166,46.5443,1766068442,662.94,32.51,FALSE,NA,4b25ea_2025-12-18 15:34:02,2025-12-18,2025-12-18
4b25ea,6.6135,46.5219,1766068622,876.3,41.65,FALSE,NA,4b25ea_2025-12-18 15:34:02,2025-12-18,2025-12-18
4b25ea,6.5899,46.5386,1766068802,868.68,44.94,FALSE,NA,4b25ea_2025-12-18 15:34:02,2025-12-18,2025-12-18
4b25ea,6.6145,46.5532,1766068982,769.62,37.33,FALSE,NA,4b25ea_2025-12-18 15:34:02,2025-12-18,2025-12-18
4b25ea,6.6154,46.5322,1766069162,754.38,38.64,FALSE,NA,4b25ea_2025-12-18 15:34:02,2025-12-18,2025-12-18
4b25ea,6.5902,46.5272,1766069342,883.92,45.79,FALSE,NA,4b25ea_2025-12-18 15:34:02,2025-12-18,2025-12-18
44081f,16.5713,48.1105,1766069652,236.22,36.58,FALSE,NA,44081f_2025-12-18 15:54:12,2025-12-18,2025-12-18
44081f,16.4126,48.0318,1766069832,1546.86,136.09,FALSE,NA,44081f_2025-12-18 15:54:12,2025-12-18,2025-12-18
44081f,16.1435,47.8766,1766070012,4091.94,164.14,FALSE,NA,44081f_2025-12-18 15:54:12,2025-12-18,2025-12-18
44081f,15.7519,47.7758,1766070192,6355.08,185.82,FALSE,NA,44081f_2025-12-18 15:54:12,2025-12-18,2025-12-18
44081f,15.3099,47.6596,1766070372,8031.48,206.73,FALSE,NA,44081f_2025-12-18 15:54:12,2025-12-18,2025-12-18
44081f,14.832,47.5315,1766070552,9250.68,221.63,FALSE,NA,44081f_2025-12-18 15:54:12,2025-12-18,2025-12-18
44081f,14.3265,47.3931,1766070732,10142.22,231.66,FALSE,NA,44081f_2025-12-18 15:54:12,2025-12-18,2025-12-18
44081f,13.8208,47.2516,1766070912,10485.12,232.73,FALSE,NA,44081f_2025-12-18 15:54:12,2025-12-18,2025-12-18
44081f,13.3104,47.1059,1766071092,10492.74,234,FALSE,NA,44081f_2025-12-18 15:54:12,2025-12-18,2025-12-18
44081f,12.8036,46.9581,1766071272,10492.74,232.51,FALSE,NA,44081f_2025-12-18 15:54:12,2025-12-18,2025-12-18
44081f,12.303,46.7996,1766071452,10500.36,235.16,FALSE,NA,44081f_2025-12-18 15:54:12,2025-12-18,2025-12-18
44081f,11.7996,46.6318,1766071632,10500.36,241.12,FALSE,NA,44081f_2025-12-18 15:54:12,2025-12-18,2025-12-18
44081f,11.2869,46.4575,1766071812,10812.78,244.1,FALSE,NA,44081f_2025-12-18 15:54:12,2025-12-18,2025-12-18
44081f,10.7748,46.28,1766071992,10820.4,246.17,FALSE,NA,44081f_2025-12-18 15:54:12,2025-12-18,2025-12-18
44081f,10.2642,46.1036,1766072172,10820.4,243.05,FALSE,NA,44081f_2025-12-18 15:54:12,2025-12-18,2025-12-18
44081f,9.7124,46.0464,1766072352,10828.02,240.89,FALSE,NA,44081f_2025-12-18 15:54:12,2025-12-18,2025-12-18
44081f,9.1568,45.9922,1766072532,10713.72,240.09,FALSE,NA,44081f_2025-12-18 15:54:12,2025-12-18,2025-12-18
44081f,8.6071,45.936,1766072712,10264.14,240.31,FALSE,NA,44081f_2025-12-18 15:54:12,2025-12-18,2025-12-18
44081f,8.0537,45.8765,1766072892,9578.34,241.64,FALSE,NA,44081f_2025-12-18 15:54:12,2025-12-18,2025-12-18
44081f,7.5227,45.8168,1766073072,7680.96,216.85,FALSE,NA,44081f_2025-12-18 15:54:12,2025-12-18,2025-12-18
44081f,7.0792,45.8193,1766073252,6576.06,174.95,FALSE,NA,44081f_2025-12-18 15:54:12,2025-12-18,2025-12-18
44081f,6.7576,45.9614,1766073432,6576.06,151.96,FALSE,NA,44081f_2025-12-18 15:54:12,2025-12-18,2025-12-18
44081f,6.4907,46.0856,1766073612,5615.94,132.84,FALSE,NA,44081f_2025-12-18 15:54:12,2025-12-18,2025-12-18
44081f,6.4153,46.2426,1766073792,4488.18,134.15,FALSE,NA,44081f_2025-12-18 15:54:12,2025-12-18,2025-12-18
44081f,6.5902,46.438,1766073972,2811.78,144.35,FALSE,NA,44081f_2025-12-18 15:54:12,2025-12-18,2025-12-18
44081f,6.4882,46.4939,1766074152,2179.32,87.7,FALSE,NA,44081f_2025-12-18 15:54:12,2025-12-18,2025-12-18
44081f,6.3437,46.3972,1766074332,1737.36,77.85,FALSE,NA,44081f_2025-12-18 15:54:12,2025-12-18,2025-12-18
44081f,6.2196,46.3132,1766074512,1036.32,77.12,FALSE,NA,44081f_2025-12-18 15:54:12,2025-12-18,2025-12-18
4b28b1,7.5034,46.909,1766069769,NA,NA,FALSE,NA,4b28b1_2025-12-18 15:56:09,2025-12-18,2025-12-18
4b28b1,7.4637,46.9295,1766069949,1303.02,44.16,FALSE,NA,4b28b1_2025-12-18 15:56:09,2025-12-18,2025-12-18
4b28b1,7.5646,46.968,1766070129,1897.38,51.57,FALSE,NA,4b28b1_2025-12-18 15:56:09,2025-12-18,2025-12-18
4b28b1,7.6082,47.0109,1766070309,2430.78,39.65,FALSE,NA,4b28b1_2025-12-18 15:56:09,2025-12-18,2025-12-18
4b28b1,7.5277,46.9891,1766070489,2849.88,38.2,FALSE,NA,4b28b1_2025-12-18 15:56:09,2025-12-18,2025-12-18
4b28b1,7.4351,46.9643,1766070669,2849.88,41.56,FALSE,NA,4b28b1_2025-12-18 15:56:09,2025-12-18,2025-12-18
4b28b1,7.339,46.9384,1766070849,2842.26,44.33,FALSE,NA,4b28b1_2025-12-18 15:56:09,2025-12-18,2025-12-18
4b28b1,7.2618,46.8957,1766071029,2849.88,43.23,FALSE,NA,4b28b1_2025-12-18 15:56:09,2025-12-18,2025-12-18
4b28b1,7.1853,46.8504,1766071209,2849.88,42.64,FALSE,NA,4b28b1_2025-12-18 15:56:09,2025-12-18,2025-12-18
4b28b1,7.1102,46.8046,1766071389,2842.26,42.98,FALSE,NA,4b28b1_2025-12-18 15:56:09,2025-12-18,2025-12-18
4b28b1,7.0349,46.7583,1766071569,2842.26,42.64,FALSE,NA,4b28b1_2025-12-18 15:56:09,2025-12-18,2025-12-18
4b28b1,6.9589,46.7115,1766071749,2842.26,44.47,FALSE,NA,4b28b1_2025-12-18 15:56:09,2025-12-18,2025-12-18
4b28b1,6.8738,46.6598,1766071929,2293.62,53.57,FALSE,NA,4b28b1_2025-12-18 15:56:09,2025-12-18,2025-12-18
4b28b1,6.779,46.6007,1766072109,1897.38,59.73,FALSE,NA,4b28b1_2025-12-18 15:56:09,2025-12-18,2025-12-18
4b28b1,6.67,46.5473,1766072289,1295.4,46.68,FALSE,NA,4b28b1_2025-12-18 15:56:09,2025-12-18,2025-12-18
4b28b1,6.588,46.5299,1766072469,883.92,43.12,FALSE,NA,4b28b1_2025-12-18 15:56:09,2025-12-18,2025-12-18
4b0e27,NA,NA,1766070399,NA,80.13,FALSE,NA,4b0e27_2025-12-18 16:06:39,2025-12-18,2025-12-18
4b0e27,9.4795,46.5315,1766070579,5646.42,109.09,FALSE,NA,4b0e27_2025-12-18 16:06:39,2025-12-18,2025-12-18
4b0e27,9.1753,46.577,1766070759,5654.04,141.06,FALSE,NA,4b0e27_2025-12-18 16:06:39,2025-12-18,2025-12-18
4b0e27,8.8459,46.6137,1766070939,5646.42,141.08,FALSE,NA,4b0e27_2025-12-18 16:06:39,2025-12-18,2025-12-18
4b0e27,8.5159,46.6486,1766071119,5646.42,142.53,FALSE,NA,4b0e27_2025-12-18 16:06:39,2025-12-18,2025-12-18
4b0e27,8.1831,46.6827,1766071299,5646.42,143.04,FALSE,NA,4b0e27_2025-12-18 16:06:39,2025-12-18,2025-12-18
4b0e27,7.8447,46.7169,1766071479,5303.52,151.69,FALSE,NA,4b0e27_2025-12-18 16:06:39,2025-12-18,2025-12-18
4b0e27,7.5111,46.7494,1766071659,4953,140.2,FALSE,NA,4b0e27_2025-12-18 16:06:39,2025-12-18,2025-12-18
4b0e27,7.2194,46.6808,1766071839,3634.74,123.43,FALSE,NA,4b0e27_2025-12-18 16:06:39,2025-12-18,2025-12-18
4b0e27,6.9658,46.6024,1766072019,2529.84,113.77,FALSE,NA,4b0e27_2025-12-18 16:06:39,2025-12-18,2025-12-18
4b0e27,6.7122,46.5232,1766072199,1371.6,111.42,FALSE,NA,4b0e27_2025-12-18 16:06:39,2025-12-18,2025-12-18
4b0e27,6.6161,46.5395,1766072379,678.18,43.32,FALSE,NA,4b0e27_2025-12-18 16:06:39,2025-12-18,2025-12-18
4b0e27,6.6149,46.5289,1766072559,800.1,45.41,FALSE,NA,4b0e27_2025-12-18 16:06:39,2025-12-18,2025-12-18
4b25ea,6.6166,46.5447,1766132558,662.94,32.48,FALSE,NA,4b25ea_2025-12-19 09:22:38,2025-12-19,2025-12-19
4b25ea,6.5945,46.5233,1766132738,876.3,44.6,FALSE,NA,4b25ea_2025-12-19 09:22:38,2025-12-19,2025-12-19
4b25ea,6.6175,46.5487,1766132918,NA,9.79,FALSE,NA,4b25ea_2025-12-19 09:22:38,2025-12-19,2025-12-19
4b25ea,6.617,46.5412,1766133098,NA,9.79,FALSE,NA,4b25ea_2025-12-19 09:22:38,2025-12-19,2025-12-19
4b25ea,6.6168,46.5411,1766133278,NA,9.79,FALSE,NA,4b25ea_2025-12-19 09:22:38,2025-12-19,2025-12-19
4b25ea,6.6158,46.5979,1766133458,1074.42,48.87,FALSE,NA,4b25ea_2025-12-19 09:22:38,2025-12-19,2025-12-19
4b25ea,6.71,46.6508,1766133638,1531.62,56.02,FALSE,NA,4b25ea_2025-12-19 09:22:38,2025-12-19,2025-12-19
4b25ea,6.8164,46.6772,1766133818,1737.36,57.62,FALSE,NA,4b25ea_2025-12-19 09:22:38,2025-12-19,2025-12-19
4b25ea,6.9709,46.7107,1766133998,1752.6,72.55,FALSE,NA,4b25ea_2025-12-19 09:22:38,2025-12-19,2025-12-19
4b25ea,7.0878,46.7969,1766134178,1722.12,73.71,FALSE,NA,4b25ea_2025-12-19 09:22:38,2025-12-19,2025-12-19
4b25ea,7.2131,46.8808,1766134358,1706.88,73.39,FALSE,NA,4b25ea_2025-12-19 09:22:38,2025-12-19,2025-12-19
4b25ea,7.1917,46.9743,1766134538,1783.08,53.03,FALSE,NA,4b25ea_2025-12-19 09:22:38,2025-12-19,2025-12-19
4b25ea,7.0895,47.0082,1766134718,1615.44,44.25,FALSE,NA,4b25ea_2025-12-19 09:22:38,2025-12-19,2025-12-19
4b25ea,6.9963,46.9781,1766134898,1463.04,44.38,FALSE,NA,4b25ea_2025-12-19 09:22:38,2025-12-19,2025-12-19
4b25ea,6.9106,46.9391,1766135078,1463.04,43.77,FALSE,NA,4b25ea_2025-12-19 09:22:38,2025-12-19,2025-12-19
4b25ea,6.8236,46.8973,1766135258,1402.08,43.63,FALSE,NA,4b25ea_2025-12-19 09:22:38,2025-12-19,2025-12-19
4b25ea,6.7473,46.8444,1766135438,1363.98,46.61,FALSE,NA,4b25ea_2025-12-19 09:22:38,2025-12-19,2025-12-19
4b25ea,6.6907,46.781,1766135618,1287.78,43.95,FALSE,NA,4b25ea_2025-12-19 09:22:38,2025-12-19,2025-12-19
4b25ea,6.6491,46.7134,1766135798,1219.2,47.22,FALSE,NA,4b25ea_2025-12-19 09:22:38,2025-12-19,2025-12-19
4b25ea,6.5915,46.6496,1766135978,1211.58,43.03,FALSE,NA,4b25ea_2025-12-19 09:22:38,2025-12-19,2025-12-19
4b25ea,6.5486,46.5845,1766136158,1272.54,45.73,FALSE,NA,4b25ea_2025-12-19 09:22:38,2025-12-19,2025-12-19
4b25ea,6.5511,46.5122,1766136338,1303.02,51.35,FALSE,NA,4b25ea_2025-12-19 09:22:38,2025-12-19,2025-12-19
4b25ea,6.6606,46.4992,1766136518,1280.16,62.02,FALSE,NA,4b25ea_2025-12-19 09:22:38,2025-12-19,2025-12-19
4b25ea,6.7753,46.4686,1766136698,1257.3,55.89,FALSE,NA,4b25ea_2025-12-19 09:22:38,2025-12-19,2025-12-19
4b25ea,6.859,46.4992,1766136878,1463.04,59.3,FALSE,NA,4b25ea_2025-12-19 09:22:38,2025-12-19,2025-12-19
4b25ea,6.7703,46.5602,1766137058,1531.62,57.5,FALSE,NA,4b25ea_2025-12-19 09:22:38,2025-12-19,2025-12-19
4b25ea,6.6824,46.6212,1766137238,1242.06,49.05,FALSE,NA,4b25ea_2025-12-19 09:22:38,2025-12-19,2025-12-19
4b25ea,6.6204,46.5867,1766137418,1028.7,34.47,FALSE,NA,4b25ea_2025-12-19 09:22:38,2025-12-19,2025-12-19
3d602e,-0.4783,39.488,1766139588,121.92,57.53,FALSE,NA,3d602e_2025-12-19 11:19:48,2025-12-19,2025-12-19
3d602e,-0.5706,39.5565,1766139768,1866.9,75.81,FALSE,NA,3d602e_2025-12-19 11:19:48,2025-12-19,2025-12-19
3d602e,-0.5558,39.6956,1766139948,3467.1,92.4,FALSE,NA,3d602e_2025-12-19 11:19:48,2025-12-19,2025-12-19
3d602e,-0.4457,39.8259,1766140128,4945.38,98.88,FALSE,NA,3d602e_2025-12-19 11:19:48,2025-12-19,2025-12-19
3d602e,-0.3099,39.967,1766140308,5654.04,132.01,FALSE,NA,3d602e_2025-12-19 11:19:48,2025-12-19,2025-12-19
3d602e,-0.1351,40.1478,1766140488,5737.86,136.43,FALSE,NA,3d602e_2025-12-19 11:19:48,2025-12-19,2025-12-19
3d602e,0.0194,40.3058,1766140668,6774.18,122.33,FALSE,NA,3d602e_2025-12-19 11:19:48,2025-12-19,2025-12-19
3d602e,0.1741,40.4639,1766140848,7498.08,124.91,FALSE,NA,3d602e_2025-12-19 11:19:48,2025-12-19,2025-12-19
3d602e,0.3039,40.6583,1766141028,7505.7,141.33,FALSE,NA,3d602e_2025-12-19 11:19:48,2025-12-19,2025-12-19
3d602e,0.3873,40.8774,1766141208,7719.06,132.21,FALSE,NA,3d602e_2025-12-19 11:19:48,2025-12-19,2025-12-19
3d602e,0.4611,41.0703,1766141388,8435.34,118.36,FALSE,NA,3d602e_2025-12-19 11:19:48,2025-12-19,2025-12-19
3d602e,0.5288,41.2461,1766141568,9105.9,112.15,FALSE,NA,3d602e_2025-12-19 11:19:48,2025-12-19,2025-12-19
3d602e,0.6012,41.4325,1766141748,9342.12,132.36,FALSE,NA,3d602e_2025-12-19 11:19:48,2025-12-19,2025-12-19
3d602e,0.6746,41.6482,1766141928,9342.12,139.84,FALSE,NA,3d602e_2025-12-19 11:19:48,2025-12-19,2025-12-19
3d602e,0.73740000000000006,41.8699,1766142108,9342.12,141.96,FALSE,NA,3d602e_2025-12-19 11:19:48,2025-12-19,2025-12-19
3d602e,0.8009,42.0937,1766142288,9342.12,142.07,FALSE,NA,3d602e_2025-12-19 11:19:48,2025-12-19,2025-12-19
3d602e,0.8663,42.322,1766142468,9342.12,143.58,FALSE,NA,3d602e_2025-12-19 11:19:48,2025-12-19,2025-12-19
3d602e,0.9315,42.5488,1766142648,9342.12,143.58,FALSE,NA,3d602e_2025-12-19 11:19:48,2025-12-19,2025-12-19
3d602e,1.0499,42.7589,1766142828,9342.12,143.69,FALSE,NA,3d602e_2025-12-19 11:19:48,2025-12-19,2025-12-19
3d602e,1.2755,42.9214,1766143008,9342.12,142.97,FALSE,NA,3d602e_2025-12-19 11:19:48,2025-12-19,2025-12-19
3d602e,1.5035,43.0838,1766143188,9334.5,143.71,FALSE,NA,3d602e_2025-12-19 11:19:48,2025-12-19,2025-12-19
3d602e,1.7319,43.2451,1766143368,9334.5,143.71,FALSE,NA,3d602e_2025-12-19 11:19:48,2025-12-19,2025-12-19
3d602e,1.9616,43.406,1766143548,9334.5,143.35,FALSE,NA,3d602e_2025-12-19 11:19:48,2025-12-19,2025-12-19
3d602e,2.1921,43.5663,1766143728,9334.5,143,FALSE,NA,3d602e_2025-12-19 11:19:48,2025-12-19,2025-12-19
3d602e,2.4229,43.7253,1766143908,9334.5,142.29,FALSE,NA,3d602e_2025-12-19 11:19:48,2025-12-19,2025-12-19
3d602e,2.6551,43.884,1766144088,9334.5,144.84,FALSE,NA,3d602e_2025-12-19 11:19:48,2025-12-19,2025-12-19
3d602e,2.891,44.0439,1766144268,9334.5,143.77,FALSE,NA,3d602e_2025-12-19 11:19:48,2025-12-19,2025-12-19
3d602e,3.1267,44.2024,1766144448,9334.5,144.14,FALSE,NA,3d602e_2025-12-19 11:19:48,2025-12-19,2025-12-19
3d602e,3.365,44.3611,1766144628,9334.5,144.02,FALSE,NA,3d602e_2025-12-19 11:19:48,2025-12-19,2025-12-19
3d602e,3.6164,44.5097,1766144808,9334.5,145.11,FALSE,NA,3d602e_2025-12-19 11:19:48,2025-12-19,2025-12-19
3d602e,3.8706,44.658,1766144988,9334.5,145.18,FALSE,NA,3d602e_2025-12-19 11:19:48,2025-12-19,2025-12-19
3d602e,4.1275,44.8063,1766145168,9197.34,151.05,FALSE,NA,3d602e_2025-12-19 11:19:48,2025-12-19,2025-12-19
3d602e,4.3972,44.961,1766145348,8519.16,155.47,FALSE,NA,3d602e_2025-12-19 11:19:48,2025-12-19,2025-12-19
3d602e,4.6679,45.124,1766145528,7665.72,157.24,FALSE,NA,3d602e_2025-12-19 11:19:48,2025-12-19,2025-12-19
3d602e,4.9497,45.2936,1766145708,6728.46,165.28,FALSE,NA,3d602e_2025-12-19 11:19:48,2025-12-19,2025-12-19
3d602e,5.228,45.4598,1766145888,6263.64,154.79,FALSE,NA,3d602e_2025-12-19 11:19:48,2025-12-19,2025-12-19
3d602e,5.5027,45.6219,1766146068,5646.42,147.21,FALSE,NA,3d602e_2025-12-19 11:19:48,2025-12-19,2025-12-19
3d602e,5.7037,45.8056,1766146248,5654.04,144.9,FALSE,NA,3d602e_2025-12-19 11:19:48,2025-12-19,2025-12-19
3d602e,5.9776,45.944,1766146428,5029.2,150.34,FALSE,NA,3d602e_2025-12-19 11:19:48,2025-12-19,2025-12-19
3d602e,6.212,46.1224,1766146608,3794.76,148.08,FALSE,NA,3d602e_2025-12-19 11:19:48,2025-12-19,2025-12-19
3d602e,6.3968,46.3046,1766146788,2110.74,129.27,FALSE,NA,3d602e_2025-12-19 11:19:48,2025-12-19,2025-12-19
3d602e,6.5696,46.45,1766146968,1165.86,107.04,FALSE,NA,3d602e_2025-12-19 11:19:48,2025-12-19,2025-12-19
4b1bdd,7.0564,46.7564,1766140860,891.54,37.59,FALSE,NA,4b1bdd_2025-12-19 11:41:00,2025-12-19,2025-12-19
4b1bdd,7.1112,46.7436,1766141040,990.6,44.45,FALSE,NA,4b1bdd_2025-12-19 11:41:00,2025-12-19,2025-12-19
4b1bdd,7.0425,46.7432,1766141220,1043.94,43.8,FALSE,NA,4b1bdd_2025-12-19 11:41:00,2025-12-19,2025-12-19
4b1bdd,6.9701,46.693600000000004,1766141400,1463.04,48.77,FALSE,NA,4b1bdd_2025-12-19 11:41:00,2025-12-19,2025-12-19
4b1bdd,6.8836,46.6332,1766141580,1341.12,56.39,FALSE,NA,4b1bdd_2025-12-19 11:41:00,2025-12-19,2025-12-19
4b1bdd,6.7982,46.5737,1766141760,1310.64,48.49,FALSE,NA,4b1bdd_2025-12-19 11:41:00,2025-12-19,2025-12-19
4b1bdd,6.6909,46.5436,1766141940,1150.62,48.94,FALSE,NA,4b1bdd_2025-12-19 11:41:00,2025-12-19,2025-12-19
4b1bdd,6.5904,46.5575,1766142120,853.44,44.43,FALSE,NA,4b1bdd_2025-12-19 11:41:00,2025-12-19,2025-12-19
4b3303,7.5046,46.9094,1766143770,NA,0,FALSE,NA,4b3303_2025-12-19 12:29:30,2025-12-19,2025-12-19
4b3303,7.5314,46.8942,1766143950,1036.32,38.12,FALSE,NA,4b3303_2025-12-19 12:29:30,2025-12-19,2025-12-19
4b3303,7.5907,46.9498,1766144130,2125.98,56.68,FALSE,NA,4b3303_2025-12-19 12:29:30,2025-12-19,2025-12-19
4b3303,7.5212,46.9574,1766144310,2872.74,49.91,FALSE,NA,4b3303_2025-12-19 12:29:30,2025-12-19,2025-12-19
4b3303,7.4025,46.9437,1766144490,2872.74,51.03,FALSE,NA,4b3303_2025-12-19 12:29:30,2025-12-19,2025-12-19
4b3303,7.3057,46.8957,1766144670,2872.74,50.83,FALSE,NA,4b3303_2025-12-19 12:29:30,2025-12-19,2025-12-19
4b3303,7.2083,46.8466,1766144850,2865.12,51.55,FALSE,NA,4b3303_2025-12-19 12:29:30,2025-12-19,2025-12-19
4b3303,7.1108,46.7975,1766145030,2872.74,51.14,FALSE,NA,4b3303_2025-12-19 12:29:30,2025-12-19,2025-12-19
4b3303,7.0119,46.7474,1766145210,2865.12,51.55,FALSE,NA,4b3303_2025-12-19 12:29:30,2025-12-19,2025-12-19
4b3303,6.9152,46.6982,1766145390,2872.74,51.14,FALSE,NA,4b3303_2025-12-19 12:29:30,2025-12-19,2025-12-19
4b3303,6.818,46.6487,1766145570,2857.5,52.16,FALSE,NA,4b3303_2025-12-19 12:29:30,2025-12-19,2025-12-19
4b3303,6.7137,46.5952,1766145750,2110.74,53.82,FALSE,NA,4b3303_2025-12-19 12:29:30,2025-12-19,2025-12-19
4b3303,6.64,46.5494,1766145930,1165.86,44.59,FALSE,NA,4b3303_2025-12-19 12:29:30,2025-12-19,2025-12-19
461fbd,NA,NA,1766144800,NA,59.38,FALSE,NA,461fbd_2025-12-19 12:46:40,2025-12-19,2025-12-19
461fbd,-3.1861,56.3968,1766144980,2286,56.94,FALSE,NA,461fbd_2025-12-19 12:46:40,2025-12-19,2025-12-19
461fbd,-3.332,56.339,1766145160,4084.32,64.53,FALSE,NA,461fbd_2025-12-19 12:46:40,2025-12-19,2025-12-19
461fbd,-3.4964,56.273,1766145340,5486.4,75.53,FALSE,NA,461fbd_2025-12-19 12:46:40,2025-12-19,2025-12-19
461fbd,-3.6705,56.1939,1766145520,6697.98,87.31,FALSE,NA,461fbd_2025-12-19 12:46:40,2025-12-19,2025-12-19
461fbd,-3.7901,56.0588,1766145700,7688.58,124.9,FALSE,NA,461fbd_2025-12-19 12:46:40,2025-12-19,2025-12-19
461fbd,-3.7154,55.8427,1766145880,8008.62,155.07,FALSE,NA,461fbd_2025-12-19 12:46:40,2025-12-19,2025-12-19
461fbd,-3.6267,55.5843,1766146060,8023.86,165.06,FALSE,NA,461fbd_2025-12-19 12:46:40,2025-12-19,2025-12-19
461fbd,-3.5388,55.3231,1766146240,8039.1,163.86,FALSE,NA,461fbd_2025-12-19 12:46:40,2025-12-19,2025-12-19
461fbd,-3.4507,55.0582,1766146420,8046.72,168.09,FALSE,NA,461fbd_2025-12-19 12:46:40,2025-12-19,2025-12-19
461fbd,-3.365,54.7967,1766146600,8054.34,162.75,FALSE,NA,461fbd_2025-12-19 12:46:40,2025-12-19,2025-12-19
461fbd,-3.2072,54.5438,1766146780,8077.2,168.88,FALSE,NA,461fbd_2025-12-19 12:46:40,2025-12-19,2025-12-19
461fbd,-3.024,54.2969,1766146960,8084.82,164.08,FALSE,NA,461fbd_2025-12-19 12:46:40,2025-12-19,2025-12-19
461fbd,-2.8473,54.0556,1766147140,8092.44,162.46,FALSE,NA,461fbd_2025-12-19 12:46:40,2025-12-19,2025-12-19
461fbd,-2.6752,53.8175,1766147320,8100.06,159.08,FALSE,NA,461fbd_2025-12-19 12:46:40,2025-12-19,2025-12-19
461fbd,-2.5066,53.5814,1766147500,8107.68,156.99,FALSE,NA,461fbd_2025-12-19 12:46:40,2025-12-19,2025-12-19
461fbd,-2.3435,53.3502,1766147680,8115.3,154.02,FALSE,NA,461fbd_2025-12-19 12:46:40,2025-12-19,2025-12-19
461fbd,-2.1783,53.1234,1766147860,8122.92,152.77,FALSE,NA,461fbd_2025-12-19 12:46:40,2025-12-19,2025-12-19
461fbd,-1.9983,52.9007,1766148040,8130.54,153.92,FALSE,NA,461fbd_2025-12-19 12:46:40,2025-12-19,2025-12-19
461fbd,-1.8701,52.6669,1766148220,8130.54,153.51,FALSE,NA,461fbd_2025-12-19 12:46:40,2025-12-19,2025-12-19
461fbd,-1.785,52.4257,1766148400,8138.16,152.35,FALSE,NA,461fbd_2025-12-19 12:46:40,2025-12-19,2025-12-19
461fbd,-1.6385,52.1987,1766148580,8138.16,152.9,FALSE,NA,461fbd_2025-12-19 12:46:40,2025-12-19,2025-12-19
461fbd,-1.4468,51.9875,1766148760,8138.16,146,FALSE,NA,461fbd_2025-12-19 12:46:40,2025-12-19,2025-12-19
461fbd,-1.2642,51.7839,1766148940,8145.78,141.16,FALSE,NA,461fbd_2025-12-19 12:46:40,2025-12-19,2025-12-19
461fbd,-1.077,51.5961,1766149120,8153.4,136.72,FALSE,NA,461fbd_2025-12-19 12:46:40,2025-12-19,2025-12-19
461fbd,-0.89,51.4117,1766149300,8161.02,132.46,FALSE,NA,461fbd_2025-12-19 12:46:40,2025-12-19,2025-12-19
461fbd,-0.7086,51.2315,1766149480,8168.64,130.6,FALSE,NA,461fbd_2025-12-19 12:46:40,2025-12-19,2025-12-19
461fbd,-0.535,51.0571,1766149660,8176.26,125.48,FALSE,NA,461fbd_2025-12-19 12:46:40,2025-12-19,2025-12-19
461fbd,-0.3669,50.8869,1766149840,8191.5,121.06,FALSE,NA,461fbd_2025-12-19 12:46:40,2025-12-19,2025-12-19
461fbd,-0.2064,50.7232,1766150020,8199.12,118.5,FALSE,NA,461fbd_2025-12-19 12:46:40,2025-12-19,2025-12-19
461fbd,-0.0501,50.5617,1766150200,8214.36,117.79,FALSE,NA,461fbd_2025-12-19 12:46:40,2025-12-19,2025-12-19
461fbd,0.1314,50.4013,1766150380,8221.98,125.12,FALSE,NA,461fbd_2025-12-19 12:46:40,2025-12-19,2025-12-19
461fbd,0.3586,50.2515,1766150560,8237.22,131.03,FALSE,NA,461fbd_2025-12-19 12:46:40,2025-12-19,2025-12-19
461fbd,0.5967,50.1054,1766150740,8252.46,131.32,FALSE,NA,461fbd_2025-12-19 12:46:40,2025-12-19,2025-12-19
461fbd,0.8287,49.9547,1766150920,8260.08,132.42,FALSE,NA,461fbd_2025-12-19 12:46:40,2025-12-19,2025-12-19
461fbd,1.0589,49.7986,1766151100,8275.32,133.96,FALSE,NA,461fbd_2025-12-19 12:46:40,2025-12-19,2025-12-19
461fbd,1.2853,49.6394,1766151280,8282.94,132.92,FALSE,NA,461fbd_2025-12-19 12:46:40,2025-12-19,2025-12-19
461fbd,1.504,49.48,1766151460,8290.56,132.31,FALSE,NA,461fbd_2025-12-19 12:46:40,2025-12-19,2025-12-19
461fbd,1.7213,49.3167,1766151640,8305.8,133.85,FALSE,NA,461fbd_2025-12-19 12:46:40,2025-12-19,2025-12-19
461fbd,1.9114,49.1418,1766151820,8313.42,134.32,FALSE,NA,461fbd_2025-12-19 12:46:40,2025-12-19,2025-12-19
461fbd,2.1015,48.9648,1766152000,8321.04,133.3,FALSE,NA,461fbd_2025-12-19 12:46:40,2025-12-19,2025-12-19
461fbd,2.2882,48.7893,1766152180,8321.04,133.01,FALSE,NA,461fbd_2025-12-19 12:46:40,2025-12-19,2025-12-19
461fbd,2.4761,48.6111,1766152360,8328.66,136,FALSE,NA,461fbd_2025-12-19 12:46:40,2025-12-19,2025-12-19
461fbd,2.6642,48.4315,1766152540,8336.28,134.57,FALSE,NA,461fbd_2025-12-19 12:46:40,2025-12-19,2025-12-19
461fbd,2.8515,48.2533,1766152720,8343.9,135.63,FALSE,NA,461fbd_2025-12-19 12:46:40,2025-12-19,2025-12-19
461fbd,3.0489,48.0801,1766152900,8351.52,130.52,FALSE,NA,461fbd_2025-12-19 12:46:40,2025-12-19,2025-12-19
461fbd,3.1707,47.8884,1766153080,8351.52,129.09,FALSE,NA,461fbd_2025-12-19 12:46:40,2025-12-19,2025-12-19
461fbd,3.2903,47.697,1766153260,8359.14,128.41,FALSE,NA,461fbd_2025-12-19 12:46:40,2025-12-19,2025-12-19
461fbd,3.4097,47.5043,1766153440,8366.76,129.36,FALSE,NA,461fbd_2025-12-19 12:46:40,2025-12-19,2025-12-19
461fbd,3.5282,47.3114,1766153620,8366.76,130.99,FALSE,NA,461fbd_2025-12-19 12:46:40,2025-12-19,2025-12-19
461fbd,3.6491,47.1132,1766153800,8374.38,131.94,FALSE,NA,461fbd_2025-12-19 12:46:40,2025-12-19,2025-12-19
461fbd,3.8056,46.9307,1766153980,8382,142.28,FALSE,NA,461fbd_2025-12-19 12:46:40,2025-12-19,2025-12-19
461fbd,4.126,46.8416,1766154160,7970.52,150.18,FALSE,NA,461fbd_2025-12-19 12:46:40,2025-12-19,2025-12-19
461fbd,4.4745,46.7743,1766154340,6591.3,157.41,FALSE,NA,461fbd_2025-12-19 12:46:40,2025-12-19,2025-12-19
461fbd,4.815,46.7238,1766154520,6233.16,144.41,FALSE,NA,461fbd_2025-12-19 12:46:40,2025-12-19,2025-12-19
461fbd,5.1333,46.6758,1766154700,6240.78,137.16,FALSE,NA,461fbd_2025-12-19 12:46:40,2025-12-19,2025-12-19
461fbd,5.4792,46.644,1766154880,5181.6,152.38,FALSE,NA,461fbd_2025-12-19 12:46:40,2025-12-19,2025-12-19
461fbd,5.8237,46.6229,1766155060,4290.06,152.3,FALSE,NA,461fbd_2025-12-19 12:46:40,2025-12-19,2025-12-19
461fbd,6.1715,46.6014,1766155240,2880.36,147.47,FALSE,NA,461fbd_2025-12-19 12:46:40,2025-12-19,2025-12-19
461fbd,6.4444,46.6613,1766155420,2567.94,107.4,FALSE,NA,461fbd_2025-12-19 12:46:40,2025-12-19,2025-12-19
461fbd,6.548,46.5374,1766155600,1684.02,90.91,FALSE,NA,461fbd_2025-12-19 12:46:40,2025-12-19,2025-12-19
461fbd,6.6158,46.5373,1766155780,701.04,44.9,FALSE,NA,461fbd_2025-12-19 12:46:40,2025-12-19,2025-12-19
4b25ea,6.6165,46.5436,1766145877,NA,31.42,FALSE,NA,4b25ea_2025-12-19 13:04:37,2025-12-19,2025-12-19
4b25ea,6.6223,46.6129,1766146057,1074.42,50.66,FALSE,NA,4b25ea_2025-12-19 13:04:37,2025-12-19,2025-12-19
4b25ea,6.5494,46.5541,1766146237,1036.32,46.66,FALSE,NA,4b25ea_2025-12-19 13:04:37,2025-12-19,2025-12-19
4b25ea,6.4754,46.4933,1766146417,1013.46,49.66,FALSE,NA,4b25ea_2025-12-19 13:04:37,2025-12-19,2025-12-19
4b25ea,6.42,46.4797,1766146597,1021.08,49.82,FALSE,NA,4b25ea_2025-12-19 13:04:37,2025-12-19,2025-12-19
4b25ea,6.35,46.4927,1766146777,1021.08,57.59,FALSE,NA,4b25ea_2025-12-19 13:04:37,2025-12-19,2025-12-19
4b25ea,6.4553,46.5444,1766146957,1310.64,56.63,FALSE,NA,4b25ea_2025-12-19 13:04:37,2025-12-19,2025-12-19
4b25ea,6.5917,46.5726,1766147137,1318.26,60.56,FALSE,NA,4b25ea_2025-12-19 13:04:37,2025-12-19,2025-12-19
4b25ea,6.6903,46.551,1766147317,1303.02,51.22,FALSE,NA,4b25ea_2025-12-19 13:04:37,2025-12-19,2025-12-19
4b25ea,6.5836,46.5414,1766147497,883.92,49.05,FALSE,NA,4b25ea_2025-12-19 13:04:37,2025-12-19,2025-12-19
4b1bdd,6.6169,46.5476,1766148541,NA,38.19,FALSE,NA,4b1bdd_2025-12-19 13:49:01,2025-12-19,2025-12-19
4b1bdd,6.6154,46.5268,1766148721,830.58,36.83,FALSE,NA,4b1bdd_2025-12-19 13:49:01,2025-12-19,2025-12-19
4b1bdd,6.6169,46.5425,1766148901,NA,31.49,FALSE,NA,4b1bdd_2025-12-19 13:49:01,2025-12-19,2025-12-19
4b1bdd,6.617,46.5413,1766149081,NA,31.49,FALSE,NA,4b1bdd_2025-12-19 13:49:01,2025-12-19,2025-12-19
4b1bdd,6.6168,46.5463,1766149261,NA,NA,FALSE,NA,4b1bdd_2025-12-19 13:49:01,2025-12-19,2025-12-19
4b1bdd,6.5993,46.5221,1766149441,868.68,40.46,FALSE,NA,4b1bdd_2025-12-19 13:49:01,2025-12-19,2025-12-19
4b1bdd,6.6186,46.5688,1766149621,922.02,43.22,FALSE,NA,4b1bdd_2025-12-19 13:49:01,2025-12-19,2025-12-19
4b1bdd,6.6839,46.6084,1766149801,1325.88,60.88,FALSE,NA,4b1bdd_2025-12-19 13:49:01,2025-12-19,2025-12-19
4b1bdd,6.7441,46.6143,1766149981,1310.64,49.84,FALSE,NA,4b1bdd_2025-12-19 13:49:01,2025-12-19,2025-12-19
4b1bdd,6.8685,46.642,1766150161,1531.62,62.32,FALSE,NA,4b1bdd_2025-12-19 13:49:01,2025-12-19,2025-12-19
4b1bdd,6.9113,46.7007,1766150341,1325.88,55.15,FALSE,NA,4b1bdd_2025-12-19 13:49:01,2025-12-19,2025-12-19
4b1bdd,6.8646,46.622,1766150521,1264.92,50.94,FALSE,NA,4b1bdd_2025-12-19 13:49:01,2025-12-19,2025-12-19
4b1bdd,6.7988,46.5513,1766150701,1249.68,55.23,FALSE,NA,4b1bdd_2025-12-19 13:49:01,2025-12-19,2025-12-19
4b1bdd,6.6756,46.5406,1766150881,1127.76,54.77,FALSE,NA,4b1bdd_2025-12-19 13:49:01,2025-12-19,2025-12-19
4b1bdd,6.5939,46.5238,1766151061,868.68,47.64,FALSE,NA,4b1bdd_2025-12-19 13:49:01,2025-12-19,2025-12-19
4b28b1,NA,NA,1766148766,NA,41.98,FALSE,NA,4b28b1_2025-12-19 13:52:46,2025-12-19,2025-12-19
4b28b1,7.3442,47.1325,1766148946,1470.66,32.82,FALSE,NA,4b28b1_2025-12-19 13:52:46,2025-12-19,2025-12-19
4b28b1,7.3259,47.0834,1766149126,2103.12,32.94,FALSE,NA,4b28b1_2025-12-19 13:52:46,2025-12-19,2025-12-19
4b28b1,7.302,47.0203,1766149306,2560.32,44.31,FALSE,NA,4b28b1_2025-12-19 13:52:46,2025-12-19,2025-12-19
4b28b1,7.2741,46.9419,1766149486,2552.7,48.23,FALSE,NA,4b28b1_2025-12-19 13:52:46,2025-12-19,2025-12-19
4b28b1,7.2505,46.8662,1766149666,2545.08,49.55,FALSE,NA,4b28b1_2025-12-19 13:52:46,2025-12-19,2025-12-19
4b28b1,7.2268,46.7886,1766149846,2552.7,49.94,FALSE,NA,4b28b1_2025-12-19 13:52:46,2025-12-19,2025-12-19
4b28b1,7.1405,46.746,1766150026,2552.7,47.67,FALSE,NA,4b28b1_2025-12-19 13:52:46,2025-12-19,2025-12-19
4b28b1,7.0425,46.7089,1766150206,2491.74,49.02,FALSE,NA,4b28b1_2025-12-19 13:52:46,2025-12-19,2025-12-19
4b28b1,6.9408,46.6722,1766150386,2057.4,50.2,FALSE,NA,4b28b1_2025-12-19 13:52:46,2025-12-19,2025-12-19
4b28b1,6.8439,46.6324,1766150566,1638.3,56.54,FALSE,NA,4b28b1_2025-12-19 13:52:46,2025-12-19,2025-12-19
4b28b1,6.8021,46.5965,1766150746,1562.1,57.03,FALSE,NA,4b28b1_2025-12-19 13:52:46,2025-12-19,2025-12-19
4b28b1,6.7131,46.5491,1766150926,1242.06,59.29,FALSE,NA,4b28b1_2025-12-19 13:52:46,2025-12-19,2025-12-19
4b28b1,6.6143,46.5018,1766151106,1104.9,47.18,FALSE,NA,4b28b1_2025-12-19 13:52:46,2025-12-19,2025-12-19
4b25ea,7.4964,46.915,1766152117,NA,NA,FALSE,NA,4b25ea_2025-12-19 14:48:37,2025-12-19,2025-12-19
4b25ea,7.4923,46.8547,1766152297,1173.48,41.31,FALSE,NA,4b25ea_2025-12-19 14:48:37,2025-12-19,2025-12-19
4b25ea,7.4499,46.8121,1766152477,1432.56,54.2,FALSE,NA,4b25ea_2025-12-19 14:48:37,2025-12-19,2025-12-19
4b25ea,7.3296,46.8156,1766152657,1432.56,56.13,FALSE,NA,4b25ea_2025-12-19 14:48:37,2025-12-19,2025-12-19
4b25ea,7.2903,46.8179,1766152837,1417.32,58.79,FALSE,NA,4b25ea_2025-12-19 14:48:37,2025-12-19,2025-12-19
4b25ea,7.1883,46.7853,1766153017,1440.18,48.97,FALSE,NA,4b25ea_2025-12-19 14:48:37,2025-12-19,2025-12-19
4b25ea,7.0931,46.7427,1766153197,1432.56,49.48,FALSE,NA,4b25ea_2025-12-19 14:48:37,2025-12-19,2025-12-19
4b25ea,7.0064,46.7125,1766153377,1440.18,49.61,FALSE,NA,4b25ea_2025-12-19 14:48:37,2025-12-19,2025-12-19
4b25ea,6.9156,46.6622,1766153557,1432.56,48.69,FALSE,NA,4b25ea_2025-12-19 14:48:37,2025-12-19,2025-12-19
4b25ea,6.8365,46.6073,1766153737,1432.56,49.32,FALSE,NA,4b25ea_2025-12-19 14:48:37,2025-12-19,2025-12-19
4b25ea,6.793,46.5327,1766153917,1417.32,51.57,FALSE,NA,4b25ea_2025-12-19 14:48:37,2025-12-19,2025-12-19
4b25ea,6.6802,46.5356,1766154097,1272.54,47.21,FALSE,NA,4b25ea_2025-12-19 14:48:37,2025-12-19,2025-12-19
4b25ea,6.6167,46.548,1766154277,1264.92,36.77,FALSE,NA,4b25ea_2025-12-19 14:48:37,2025-12-19,2025-12-19
4b25ea,6.6035,46.5564,1766154457,853.44,39.08,FALSE,NA,4b25ea_2025-12-19 14:48:37,2025-12-19,2025-12-19
4b25ea,6.6237,46.5238,1766154637,1135.38,44.25,FALSE,NA,4b25ea_2025-12-19 14:48:37,2025-12-19,2025-12-19
4b25ea,6.6327,46.5455,1766154817,1257.3,46.99,FALSE,NA,4b25ea_2025-12-19 14:48:37,2025-12-19,2025-12-19
4b28b1,6.6169,46.5474,1766153424,NA,NA,FALSE,NA,4b28b1_2025-12-19 15:10:24,2025-12-19,2025-12-19
4b28b1,6.6329,46.4873,1766153604,1394.46,52.53,FALSE,NA,4b28b1_2025-12-19 15:10:24,2025-12-19,2025-12-19
4b28b1,6.7773,46.4676,1766153784,1234.44,63.89,FALSE,NA,4b28b1_2025-12-19 15:10:24,2025-12-19,2025-12-19
4b28b1,6.8478,46.4432,1766153964,1257.3,44.27,FALSE,NA,4b28b1_2025-12-19 15:10:24,2025-12-19,2025-12-19
4b28b1,6.7592,46.4795,1766154144,1325.88,62.64,FALSE,NA,4b28b1_2025-12-19 15:10:24,2025-12-19,2025-12-19
4b28b1,6.712,46.5352,1766154324,1257.3,61.13,FALSE,NA,4b28b1_2025-12-19 15:10:24,2025-12-19,2025-12-19
4b28b1,6.5734,46.5488,1766154504,1005.84,57.53,FALSE,NA,4b28b1_2025-12-19 15:10:24,2025-12-19,2025-12-19
4b28b1,6.614,46.5019,1766154684,982.98,46.43,FALSE,NA,4b28b1_2025-12-19 15:10:24,2025-12-19,2025-12-19
4b28b1,6.6073,46.5555,1766154864,830.58,41.2,FALSE,NA,4b28b1_2025-12-19 15:10:24,2025-12-19,2025-12-19
4b28b1,6.616,46.5388,1766155044,685.8,32.48,FALSE,NA,4b28b1_2025-12-19 15:10:24,2025-12-19,2025-12-19
4b28b1,6.6016,46.5259,1766155224,876.3,39.1,FALSE,NA,4b28b1_2025-12-19 15:10:24,2025-12-19,2025-12-19
4b28b1,6.5855,46.5477,1766155404,868.68,57.43,FALSE,NA,4b28b1_2025-12-19 15:10:24,2025-12-19,2025-12-19
4b28b1,6.6174,46.5511,1766155584,731.52,37.13,FALSE,NA,4b28b1_2025-12-19 15:10:24,2025-12-19,2025-12-19
4b28b1,6.5728,46.5984,1766155764,1135.38,55.8,FALSE,NA,4b28b1_2025-12-19 15:10:24,2025-12-19,2025-12-19
4b28b1,6.57,46.5125,1766155944,1021.08,64.39,FALSE,NA,4b28b1_2025-12-19 15:10:24,2025-12-19,2025-12-19
4b28b1,6.6148,46.5264,1766156124,830.58,38.67,FALSE,NA,4b28b1_2025-12-19 15:10:24,2025-12-19,2025-12-19
4b3303,6.6181,46.547,1766164303,NA,NA,FALSE,NA,4b3303_2025-12-19 18:11:43,2025-12-19,2025-12-19
4b3303,6.6511,46.5742,1766164483,1165.86,38.52,FALSE,NA,4b3303_2025-12-19 18:11:43,2025-12-19,2025-12-19
4b3303,6.6938,46.5829,1766164663,982.98,12.05,FALSE,NA,4b3303_2025-12-19 18:11:43,2025-12-19,2025-12-19
4b3303,6.6907,46.5812,1766164843,990.6,8.48,FALSE,NA,4b3303_2025-12-19 18:11:43,2025-12-19,2025-12-19
4b3303,6.6907,46.579,1766165023,952.5,4.6,FALSE,NA,4b3303_2025-12-19 18:11:43,2025-12-19,2025-12-19
4b3303,6.685,46.5789,1766165203,960.12,12.23,FALSE,NA,4b3303_2025-12-19 18:11:43,2025-12-19,2025-12-19
4b3303,6.6914,46.582,1766165383,944.88,0,FALSE,NA,4b3303_2025-12-19 18:11:43,2025-12-19,2025-12-19
4b3303,6.6914,46.5819,1766165563,944.88,1.03,FALSE,NA,4b3303_2025-12-19 18:11:43,2025-12-19,2025-12-19
4b3303,6.679,46.5915,1766165743,891.54,11.5,FALSE,NA,4b3303_2025-12-19 18:11:43,2025-12-19,2025-12-19
4b3303,6.6458,46.5881,1766165923,1173.48,46.28,FALSE,NA,4b3303_2025-12-19 18:11:43,2025-12-19,2025-12-19
4d02bd,NA,NA,1766228993,NA,63.67,FALSE,NA,4d02bd_2025-12-20 12:09:53,2025-12-20,2025-12-20
4d02bd,5.7769,45.6275,1766229173,2834.64,136.39,FALSE,NA,4d02bd_2025-12-20 12:09:53,2025-12-20,2025-12-20
4d02bd,5.8889,45.8354,1766229353,2834.64,138.51,FALSE,NA,4d02bd_2025-12-20 12:09:53,2025-12-20,2025-12-20
4d02bd,5.9941,46.0443,1766229533,2834.64,139.05,FALSE,NA,4d02bd_2025-12-20 12:09:53,2025-12-20,2025-12-20
4d02bd,6.2221,46.1903,1766229713,2179.32,127.07,FALSE,NA,4d02bd_2025-12-20 12:09:53,2025-12-20,2025-12-20
4d02bd,6.4328,46.3241,1766229893,2186.94,99.42,FALSE,NA,4d02bd_2025-12-20 12:09:53,2025-12-20,2025-12-20
4d02bd,6.5939,46.4302,1766230073,1577.34,93.51,FALSE,NA,4d02bd_2025-12-20 12:09:53,2025-12-20,2025-12-20
4d02bd,6.596,46.5549,1766230253,1592.58,82.03,FALSE,NA,4d02bd_2025-12-20 12:09:53,2025-12-20,2025-12-20
4d02bd,6.5661,46.6224,1766230433,1120.14,83.65,FALSE,NA,4d02bd_2025-12-20 12:09:53,2025-12-20,2025-12-20
4d02bd,6.6175,46.5704,1766230613,883.92,51.17,FALSE,NA,4d02bd_2025-12-20 12:09:53,2025-12-20,2025-12-20
4b28b1,7.053,46.7512,1766235067,914.4,44.09,FALSE,NA,4b28b1_2025-12-20 13:51:07,2025-12-20,2025-12-20
4b28b1,6.9568,46.7076,1766235247,1409.7,58.37,FALSE,NA,4b28b1_2025-12-20 13:51:07,2025-12-20,2025-12-20
4b28b1,6.9273,46.671,1766235427,1417.32,54.03,FALSE,NA,4b28b1_2025-12-20 13:51:07,2025-12-20,2025-12-20
4b28b1,6.8899,46.6049,1766235607,1562.1,38.12,FALSE,NA,4b28b1_2025-12-20 13:51:07,2025-12-20,2025-12-20
4b28b1,6.8003,46.5724,1766235787,1242.06,58.46,FALSE,NA,4b28b1_2025-12-20 13:51:07,2025-12-20,2025-12-20
4b28b1,6.7605,46.5897,1766235967,998.22,41.12,FALSE,NA,4b28b1_2025-12-20 13:51:07,2025-12-20,2025-12-20
4b28b1,6.7212,46.5593,1766236147,1264.92,53.38,FALSE,NA,4b28b1_2025-12-20 13:51:07,2025-12-20,2025-12-20
4b28b1,6.5868,46.5517,1766236327,982.98,51.14,FALSE,NA,4b28b1_2025-12-20 13:51:07,2025-12-20,2025-12-20
461fbd,NA,NA,1766236995,NA,88.36,FALSE,NA,461fbd_2025-12-20 14:23:15,2025-12-20,2025-12-20
461fbd,3.4202,45.863,1766237175,3977.64,84.69,FALSE,NA,461fbd_2025-12-20 14:23:15,2025-12-20,2025-12-20
461fbd,3.621,45.8378,1766237355,5029.2,91.52,FALSE,NA,461fbd_2025-12-20 14:23:15,2025-12-20,2025-12-20
461fbd,3.8631,45.8066,1766237535,5554.98,129.85,FALSE,NA,461fbd_2025-12-20 14:23:15,2025-12-20,2025-12-20
461fbd,4.1654,45.7669,1766237715,5562.6,133.58,FALSE,NA,461fbd_2025-12-20 14:23:15,2025-12-20,2025-12-20
461fbd,4.4609,45.7272,1766237895,5562.6,131.06,FALSE,NA,461fbd_2025-12-20 14:23:15,2025-12-20,2025-12-20
461fbd,4.7638,45.6857,1766238075,5562.6,133.18,FALSE,NA,461fbd_2025-12-20 14:23:15,2025-12-20,2025-12-20
461fbd,5.0609,45.6395,1766238255,5570.22,132.76,FALSE,NA,461fbd_2025-12-20 14:23:15,2025-12-20,2025-12-20
461fbd,5.3606,45.6017,1766238435,5570.22,137.26,FALSE,NA,461fbd_2025-12-20 14:23:15,2025-12-20,2025-12-20
461fbd,5.628,45.7191,1766238615,5570.22,144.61,FALSE,NA,461fbd_2025-12-20 14:23:15,2025-12-20,2025-12-20
461fbd,5.821,45.9143,1766238795,5006.34,148.79,FALSE,NA,461fbd_2025-12-20 14:23:15,2025-12-20,2025-12-20
461fbd,6.0679,46.0714,1766238975,4061.46,143.69,FALSE,NA,461fbd_2025-12-20 14:23:15,2025-12-20,2025-12-20
461fbd,6.2999,46.2287,1766239155,2956.56,132.78,FALSE,NA,461fbd_2025-12-20 14:23:15,2025-12-20,2025-12-20
461fbd,6.5215,46.3643,1766239335,1844.04,117.72,FALSE,NA,461fbd_2025-12-20 14:23:15,2025-12-20,2025-12-20
461fbd,6.7637,46.4283,1766239515,1706.88,67.08,FALSE,NA,461fbd_2025-12-20 14:23:15,2025-12-20,2025-12-20
461fbd,6.7499,46.4483,1766239695,1600.2,68.91,FALSE,NA,461fbd_2025-12-20 14:23:15,2025-12-20,2025-12-20
461fbd,6.7098,46.4451,1766239875,1531.62,87.25,FALSE,NA,461fbd_2025-12-20 14:23:15,2025-12-20,2025-12-20
461fbd,6.8003,46.4914,1766240055,1546.86,73.12,FALSE,NA,461fbd_2025-12-20 14:23:15,2025-12-20,2025-12-20
461fbd,6.7412,46.4707,1766240235,1264.92,85.99,FALSE,NA,461fbd_2025-12-20 14:23:15,2025-12-20,2025-12-20
461fbd,6.613,46.5164,1766240415,822.96,50.35,FALSE,NA,461fbd_2025-12-20 14:23:15,2025-12-20,2025-12-20
4b1bdd,6.6168,46.5464,1766243620,NA,NA,FALSE,NA,4b1bdd_2025-12-20 16:13:40,2025-12-20,2025-12-20
4b1bdd,6.6583,46.5783,1766243800,1219.2,54.84,FALSE,NA,4b1bdd_2025-12-20 16:13:40,2025-12-20,2025-12-20
4b1bdd,6.7601,46.5219,1766243980,1203.96,56.13,FALSE,NA,4b1bdd_2025-12-20 16:13:40,2025-12-20,2025-12-20
4b1bdd,6.6788,46.5297,1766244160,1112.52,47.9,FALSE,NA,4b1bdd_2025-12-20 16:13:40,2025-12-20,2025-12-20
4b1bdd,6.5884,46.5311,1766244340,868.68,45.51,FALSE,NA,4b1bdd_2025-12-20 16:13:40,2025-12-20,2025-12-20
3cef03,7.2036,46.1728,1766301099,3360.42,93.43,FALSE,NA,3cef03_2025-12-21 08:11:39,2025-12-21,2025-12-21
3cef03,6.9197,46.1775,1766301279,4320.54,199.52,FALSE,NA,3cef03_2025-12-21 08:11:39,2025-12-21,2025-12-21
3cef03,6.5743,46.3516,1766301459,3208.02,153.87,FALSE,NA,3cef03_2025-12-21 08:11:39,2025-12-21,2025-12-21
3cef03,6.2885,46.3607,1766301639,1424.94,117.21,FALSE,NA,3cef03_2025-12-21 08:11:39,2025-12-21,2025-12-21
3cef03,6.1453,46.2629,1766301819,594.36,69.12,FALSE,NA,3cef03_2025-12-21 08:11:39,2025-12-21,2025-12-21
3cef03,6.131,46.2531,1766301999,495.3,61.12,FALSE,NA,3cef03_2025-12-21 08:11:39,2025-12-21,2025-12-21
4b3303,NA,NA,1766316371,NA,43.76,FALSE,NA,4b3303_2025-12-21 12:26:11,2025-12-21,2025-12-21
4b3303,6.4345,46.5821,1766316551,1303.02,60.19,FALSE,NA,4b3303_2025-12-21 12:26:11,2025-12-21,2025-12-21
4b3303,6.575,46.543,1766316731,1097.28,64.39,FALSE,NA,4b3303_2025-12-21 12:26:11,2025-12-21,2025-12-21
4b3303,6.71,46.5166,1766316911,1257.3,61.73,FALSE,NA,4b3303_2025-12-21 12:26:11,2025-12-21,2025-12-21
4b3303,6.7605,46.5057,1766317091,1135.38,60.5,FALSE,NA,4b3303_2025-12-21 12:26:11,2025-12-21,2025-12-21
4b3303,6.6402,46.5236,1766317271,670.56,22.78,FALSE,NA,4b3303_2025-12-21 12:26:11,2025-12-21,2025-12-21
4b3305,6.9874,46.1996,1766344836,1965.96,77.07,FALSE,NA,4b3305_2025-12-21 20:20:36,2025-12-21,2025-12-21
4b3305,6.8827,46.3191,1766345016,1866.9,77.99,FALSE,NA,4b3305_2025-12-21 20:20:36,2025-12-21,2025-12-21
4b3305,6.7861,46.4219,1766345196,1851.66,74.54,FALSE,NA,4b3305_2025-12-21 20:20:36,2025-12-21,2025-12-21
4b3305,6.6872,46.5046,1766345376,647.7,60.76,FALSE,NA,4b3305_2025-12-21 20:20:36,2025-12-21,2025-12-21
4b1bdd,6.6171,46.5493,1766395930,693.42,37.1,FALSE,NA,4b1bdd_2025-12-22 10:32:10,2025-12-22,2025-12-22
4b1bdd,6.5426,46.5946,1766396110,861.06,63.63,FALSE,NA,4b1bdd_2025-12-22 10:32:10,2025-12-22,2025-12-22
4b1bdd,6.6317,46.6395,1766396290,1059.18,50.95,FALSE,NA,4b1bdd_2025-12-22 10:32:10,2025-12-22,2025-12-22
4b1bdd,6.7396,46.6454,1766396470,1310.64,51.41,FALSE,NA,4b1bdd_2025-12-22 10:32:10,2025-12-22,2025-12-22
4b1bdd,6.8582,46.6364,1766396650,1493.52,50.67,FALSE,NA,4b1bdd_2025-12-22 10:32:10,2025-12-22,2025-12-22
4b1bdd,6.9519,46.5896,1766396830,1821.18,44.47,FALSE,NA,4b1bdd_2025-12-22 10:32:10,2025-12-22,2025-12-22
4b1bdd,7.0151,46.553,1766397010,2141.22,53.47,FALSE,NA,4b1bdd_2025-12-22 10:32:10,2025-12-22,2025-12-22
4b1bdd,7.0463,46.4841,1766397190,2346.96,47.67,FALSE,NA,4b1bdd_2025-12-22 10:32:10,2025-12-22,2025-12-22
4b1bdd,7.1081,46.4281,1766397370,2712.72,39.65,FALSE,NA,4b1bdd_2025-12-22 10:32:10,2025-12-22,2025-12-22
4b1bdd,7.1564,46.3729,1766397550,2956.56,41.85,FALSE,NA,4b1bdd_2025-12-22 10:32:10,2025-12-22,2025-12-22
4b1bdd,7.1912,46.3577,1766397730,3048,67.32,FALSE,NA,4b1bdd_2025-12-22 10:32:10,2025-12-22,2025-12-22
4b1bdd,7.0725,46.3248,1766397910,2590.8,59.78,FALSE,NA,4b1bdd_2025-12-22 10:32:10,2025-12-22,2025-12-22
4b1bdd,6.9879,46.4068,1766398090,2232.66,61.64,FALSE,NA,4b1bdd_2025-12-22 10:32:10,2025-12-22,2025-12-22
4b1bdd,6.8659,46.4168,1766398270,1638.3,76.29,FALSE,NA,4b1bdd_2025-12-22 10:32:10,2025-12-22,2025-12-22
4b1bdd,6.7027,46.4443,1766398450,1409.7,68.01,FALSE,NA,4b1bdd_2025-12-22 10:32:10,2025-12-22,2025-12-22
4b1bdd,6.6109,46.4883,1766398630,1097.28,43.73,FALSE,NA,4b1bdd_2025-12-22 10:32:10,2025-12-22,2025-12-22
4b28b1,6.6168,46.5467,1766408823,670.56,31.96,FALSE,NA,4b28b1_2025-12-22 14:07:03,2025-12-22,2025-12-22
4b28b1,6.5905,46.5638,1766409003,891.54,43.22,FALSE,NA,4b28b1_2025-12-22 14:07:03,2025-12-22,2025-12-22
4b28b1,6.6153,46.5307,1766409183,815.34,40.72,FALSE,NA,4b28b1_2025-12-22 14:07:03,2025-12-22,2025-12-22
4b28b1,6.6014,46.5696,1766409363,868.68,41.16,FALSE,NA,4b28b1_2025-12-22 14:07:03,2025-12-22,2025-12-22
4b28b1,6.5997,46.5218,1766409543,853.44,60.82,FALSE,NA,4b28b1_2025-12-22 14:07:03,2025-12-22,2025-12-22
4b28b1,6.6199,46.5655,1766409723,815.34,43.41,FALSE,NA,4b28b1_2025-12-22 14:07:03,2025-12-22,2025-12-22
4b28b1,6.5815,46.5344,1766409903,822.96,59.63,FALSE,NA,4b28b1_2025-12-22 14:07:03,2025-12-22,2025-12-22
4b28b1,6.6172,46.5501,1766410083,685.8,34.61,FALSE,NA,4b28b1_2025-12-22 14:07:03,2025-12-22,2025-12-22
4b28b1,6.587,46.5599,1766410263,861.06,46.94,FALSE,NA,4b28b1_2025-12-22 14:07:03,2025-12-22,2025-12-22
4b3e2d,NA,NA,1766434773,NA,55.7,FALSE,NA,4b3e2d_2025-12-22 21:19:33,2025-12-22,2025-12-22
4b3e2d,6.8989,46.3716,1766434953,716.28,57.78,FALSE,NA,4b3e2d_2025-12-22 21:19:33,2025-12-22,2025-12-22
4b3e2d,6.8709,46.4104,1766435133,701.04,60.5,FALSE,NA,4b3e2d_2025-12-22 21:19:33,2025-12-22,2025-12-22
4b3e2d,6.7131,46.4924,1766435313,640.08,57.78,FALSE,NA,4b3e2d_2025-12-22 21:19:33,2025-12-22,2025-12-22
4b3305,6.9631,46.2935,1766473063,647.7,54.08,FALSE,NA,4b3305_2025-12-23 07:57:43,2025-12-23,2025-12-23
4b3305,6.9104,46.3723,1766473243,655.32,54.08,FALSE,NA,4b3305_2025-12-23 07:57:43,2025-12-23,2025-12-23
4b3305,6.8169,46.4374,1766473423,655.32,62.35,FALSE,NA,4b3305_2025-12-23 07:57:43,2025-12-23,2025-12-23
4b3305,6.7089,46.4913,1766473603,731.52,56.22,FALSE,NA,4b3305_2025-12-23 07:57:43,2025-12-23,2025-12-23
461553,NA,NA,1766488324,1455.42,66.69,FALSE,NA,461553_2025-12-23 12:12:04,2025-12-23,2025-12-23
461553,1.3431,38.7518,1766488504,3268.98,80.53,FALSE,NA,461553_2025-12-23 12:12:04,2025-12-23,2025-12-23
461553,1.5344,38.7996,1766488684,4503.42,102.01,FALSE,NA,461553_2025-12-23 12:12:04,2025-12-23,2025-12-23
461553,1.7441,38.8517,1766488864,5486.4,108.85,FALSE,NA,461553_2025-12-23 12:12:04,2025-12-23,2025-12-23
461553,1.9649,38.9059,1766489044,6309.36,115.21,FALSE,NA,461553_2025-12-23 12:12:04,2025-12-23,2025-12-23
461553,2.1856,38.9597,1766489224,7155.18,106.58,FALSE,NA,461553_2025-12-23 12:12:04,2025-12-23,2025-12-23
461553,2.3818,39.0292,1766489404,7985.76,96.79,FALSE,NA,461553_2025-12-23 12:12:04,2025-12-23,2025-12-23
461553,2.5305,39.1424,1766489584,8542.02,107.32,FALSE,NA,461553_2025-12-23 12:12:04,2025-12-23,2025-12-23
461553,2.6917,39.265,1766489764,8854.44,112.05,FALSE,NA,461553_2025-12-23 12:12:04,2025-12-23,2025-12-23
461553,2.8695,39.3993,1766489944,8938.26,125.51,FALSE,NA,461553_2025-12-23 12:12:04,2025-12-23,2025-12-23
461553,3.058,39.541,1766490124,8930.64,121.89,FALSE,NA,461553_2025-12-23 12:12:04,2025-12-23,2025-12-23
461553,3.2378,39.6753,1766490304,8930.64,119.34,FALSE,NA,461553_2025-12-23 12:12:04,2025-12-23,2025-12-23
461553,3.4199,39.8104,1766490484,8930.64,121.16,FALSE,NA,461553_2025-12-23 12:12:04,2025-12-23,2025-12-23
461553,3.6042,39.9462,1766490664,8930.64,124.09,FALSE,NA,461553_2025-12-23 12:12:04,2025-12-23,2025-12-23
461553,3.7928,40.0848,1766490844,8923.02,124.81,FALSE,NA,461553_2025-12-23 12:12:04,2025-12-23,2025-12-23
461553,3.9854,40.225,1766491024,8923.02,125.19,FALSE,NA,461553_2025-12-23 12:12:04,2025-12-23,2025-12-23
461553,4.1839,40.3688,1766491204,8923.02,132.84,FALSE,NA,461553_2025-12-23 12:12:04,2025-12-23,2025-12-23
461553,4.3712,40.5272,1766491384,8923.02,136.2,FALSE,NA,461553_2025-12-23 12:12:04,2025-12-23,2025-12-23
461553,4.4238,40.7395,1766491564,8923.02,135.51,FALSE,NA,461553_2025-12-23 12:12:04,2025-12-23,2025-12-23
461553,4.4768,40.9589,1766491744,8930.64,140.66,FALSE,NA,461553_2025-12-23 12:12:04,2025-12-23,2025-12-23
461553,4.5314,41.1844,1766491924,8930.64,139.74,FALSE,NA,461553_2025-12-23 12:12:04,2025-12-23,2025-12-23
461553,4.6218,41.3903,1766492104,8938.26,133.9,FALSE,NA,461553_2025-12-23 12:12:04,2025-12-23,2025-12-23
461553,4.7523,41.5808,1766492284,8945.88,132.99,FALSE,NA,461553_2025-12-23 12:12:04,2025-12-23,2025-12-23
461553,4.8859,41.7743,1766492464,8961.12,136.67,FALSE,NA,461553_2025-12-23 12:12:04,2025-12-23,2025-12-23
461553,5.022,41.9711,1766492644,8968.74,135.98,FALSE,NA,461553_2025-12-23 12:12:04,2025-12-23,2025-12-23
461553,5.1571,42.1642,1766492824,8983.98,134.15,FALSE,NA,461553_2025-12-23 12:12:04,2025-12-23,2025-12-23
461553,5.2909,42.354,1766493004,8999.22,132.55,FALSE,NA,461553_2025-12-23 12:12:04,2025-12-23,2025-12-23
461553,5.4248,42.5431,1766493184,9006.84,133,FALSE,NA,461553_2025-12-23 12:12:04,2025-12-23,2025-12-23
461553,5.5582,42.73,1766493364,9022.08,126.8,FALSE,NA,461553_2025-12-23 12:12:04,2025-12-23,2025-12-23
461553,5.694,42.919,1766493544,9029.7,136,FALSE,NA,461553_2025-12-23 12:12:04,2025-12-23,2025-12-23
461553,5.8211,43.1229,1766493724,9044.94,141.2,FALSE,NA,461553_2025-12-23 12:12:04,2025-12-23,2025-12-23
461553,5.9395,43.3336,1766493904,9060.18,141.67,FALSE,NA,461553_2025-12-23 12:12:04,2025-12-23,2025-12-23
461553,6.0593,43.5445,1766494084,9067.8,140.92,FALSE,NA,461553_2025-12-23 12:12:04,2025-12-23,2025-12-23
461553,6.179,43.7542,1766494264,9075.42,139.77,FALSE,NA,461553_2025-12-23 12:12:04,2025-12-23,2025-12-23
461553,6.2998,43.964,1766494444,9090.66,138.35,FALSE,NA,461553_2025-12-23 12:12:04,2025-12-23,2025-12-23
461553,6.4167,44.1656,1766494624,9098.28,134.43,FALSE,NA,461553_2025-12-23 12:12:04,2025-12-23,2025-12-23
461553,6.5344,44.367,1766494804,9105.9,135.58,FALSE,NA,461553_2025-12-23 12:12:04,2025-12-23,2025-12-23
461553,6.6527,44.5681,1766494984,9113.52,134.43,FALSE,NA,461553_2025-12-23 12:12:04,2025-12-23,2025-12-23
461553,6.7741,44.7713,1766495164,9121.14,137.13,FALSE,NA,461553_2025-12-23 12:12:04,2025-12-23,2025-12-23
461553,6.8952,44.9738,1766495344,9121.14,137.47,FALSE,NA,461553_2025-12-23 12:12:04,2025-12-23,2025-12-23
461553,6.8407,45.2144,1766495524,8785.86,150.11,FALSE,NA,461553_2025-12-23 12:12:04,2025-12-23,2025-12-23
461553,6.7652,45.4438,1766495704,8115.3,138.89,FALSE,NA,461553_2025-12-23 12:12:04,2025-12-23,2025-12-23
461553,6.6909,45.6681,1766495884,7200.9,138.89,FALSE,NA,461553_2025-12-23 12:12:04,2025-12-23,2025-12-23
461553,6.6218,45.875,1766496064,6294.12,126.28,FALSE,NA,461553_2025-12-23 12:12:04,2025-12-23,2025-12-23
461553,6.4254,46.0007,1766496244,5364.48,125.64,FALSE,NA,461553_2025-12-23 12:12:04,2025-12-23,2025-12-23
461553,6.146,46.0552,1766496424,3489.96,136.54,FALSE,NA,461553_2025-12-23 12:12:04,2025-12-23,2025-12-23
461553,5.8718,45.9857,1766496604,2171.7,121.04,FALSE,NA,461553_2025-12-23 12:12:04,2025-12-23,2025-12-23
461553,5.9352,46.1194,1766496784,1409.7,93.85,FALSE,NA,461553_2025-12-23 12:12:04,2025-12-23,2025-12-23
461553,6.0741,46.2143,1766496964,670.56,77.12,FALSE,NA,461553_2025-12-23 12:12:04,2025-12-23,2025-12-23
461553,6.2124,46.3088,1766497144,670.56,89.85,FALSE,NA,461553_2025-12-23 12:12:04,2025-12-23,2025-12-23
461553,6.3678,46.3995,1766497324,670.56,90.47,FALSE,NA,461553_2025-12-23 12:12:04,2025-12-23,2025-12-23
461553,6.5617,46.4507,1766497504,952.5,78.15,FALSE,NA,461553_2025-12-23 12:12:04,2025-12-23,2025-12-23
461553,6.6151,46.5308,1766497684,754.38,42.3,FALSE,NA,461553_2025-12-23 12:12:04,2025-12-23,2025-12-23
4b3303,NA,NA,1766507183,NA,50.85,FALSE,NA,4b3303_2025-12-23 17:26:23,2025-12-23,2025-12-23
4b3303,6.9001,46.3492,1766507363,762,49.47,FALSE,NA,4b3303_2025-12-23 17:26:23,2025-12-23,2025-12-23
4b3303,6.8118,46.4057,1766507543,754.38,51.86,FALSE,NA,4b3303_2025-12-23 17:26:23,2025-12-23,2025-12-23
4b3303,6.7154,46.4544,1766507723,746.76,52.27,FALSE,NA,4b3303_2025-12-23 17:26:23,2025-12-23,2025-12-23
4b3303,6.6186,46.5097,1766507903,754.38,51.26,FALSE,NA,4b3303_2025-12-23 17:26:23,2025-12-23,2025-12-23
46316e,6.1129,46.2406,1766567092,556.26,61.5,FALSE,NA,46316e_2025-12-24 10:04:52,2025-12-24,2025-12-24
46316e,6.2544,46.3335,1766567272,944.88,92.5,FALSE,NA,46316e_2025-12-24 10:04:52,2025-12-24,2025-12-24
46316e,6.4328,46.4135,1766567452,944.88,92.09,FALSE,NA,46316e_2025-12-24 10:04:52,2025-12-24,2025-12-24
46316e,6.6087,46.4715,1766567632,1005.84,73.57,FALSE,NA,46316e_2025-12-24 10:04:52,2025-12-24,2025-12-24
4b32fd,7.5034,46.91,1766569718,579.12,24.63,FALSE,NA,4b32fd_2025-12-24 10:48:38,2025-12-24,2025-12-24
4b32fd,7.3979,46.9089,1766569898,967.74,68.42,FALSE,NA,4b32fd_2025-12-24 10:48:38,2025-12-24,2025-12-24
4b32fd,7.2637,46.8411,1766570078,982.98,72.85,FALSE,NA,4b32fd_2025-12-24 10:48:38,2025-12-24,2025-12-24
4b32fd,7.127,46.7724,1766570258,975.36,71.71,FALSE,NA,4b32fd_2025-12-24 10:48:38,2025-12-24,2025-12-24
4b32fd,6.9937,46.7098,1766570438,1028.7,75.53,FALSE,NA,4b32fd_2025-12-24 10:48:38,2025-12-24,2025-12-24
4b32fd,6.8545,46.6358,1766570618,1059.18,76.22,FALSE,NA,4b32fd_2025-12-24 10:48:38,2025-12-24,2025-12-24
4b32fd,6.7338,46.5521,1766570798,1112.52,76.76,FALSE,NA,4b32fd_2025-12-24 10:48:38,2025-12-24,2025-12-24
4b27c0,4.5023,47.8218,1766571099,2392.68,76.67,FALSE,NA,4b27c0_2025-12-24 11:11:39,2025-12-24,2025-12-24
4b27c0,4.6114,47.7208,1766571279,2392.68,75.83,FALSE,NA,4b27c0_2025-12-24 11:11:39,2025-12-24,2025-12-24
4b27c0,4.7192,47.6202,1766571459,2385.06,76.97,FALSE,NA,4b27c0_2025-12-24 11:11:39,2025-12-24,2025-12-24
4b27c0,4.8255,47.5204,1766571639,2385.06,75.83,FALSE,NA,4b27c0_2025-12-24 11:11:39,2025-12-24,2025-12-24
4b27c0,4.9318,47.4204,1766571819,2385.06,74.4,FALSE,NA,4b27c0_2025-12-24 11:11:39,2025-12-24,2025-12-24
4b27c0,5.0372,47.3208,1766571999,2377.44,77.51,FALSE,NA,4b27c0_2025-12-24 11:11:39,2025-12-24,2025-12-24
4b27c0,5.1439,47.2191,1766572179,2377.44,78.1,FALSE,NA,4b27c0_2025-12-24 11:11:39,2025-12-24,2025-12-24
4b27c0,5.253,47.1149,1766572359,2369.82,79.36,FALSE,NA,4b27c0_2025-12-24 11:11:39,2025-12-24,2025-12-24
4b27c0,5.3647,47.0077,1766572539,2369.82,81.93,FALSE,NA,4b27c0_2025-12-24 11:11:39,2025-12-24,2025-12-24
4b27c0,5.4761,46.9004,1766572719,2362.2,80.5,FALSE,NA,4b27c0_2025-12-24 11:11:39,2025-12-24,2025-12-24
4b27c0,5.5846,46.7951,1766572899,2362.2,80.5,FALSE,NA,4b27c0_2025-12-24 11:11:39,2025-12-24,2025-12-24
4b27c0,5.7382,46.7311,1766573079,2362.2,75.02,FALSE,NA,4b27c0_2025-12-24 11:11:39,2025-12-24,2025-12-24
4b27c0,5.8947,46.6741,1766573259,2362.2,76.41,FALSE,NA,4b27c0_2025-12-24 11:11:39,2025-12-24,2025-12-24
4b27c0,6.0505,46.6167,1766573439,2354.58,74.11,FALSE,NA,4b27c0_2025-12-24 11:11:39,2025-12-24,2025-12-24
4b27c0,6.2105,46.5573,1766573619,2331.72,78.5,FALSE,NA,4b27c0_2025-12-24 11:11:39,2025-12-24,2025-12-24
4b27c0,6.3717,46.5233,1766573799,2087.88,59.87,FALSE,NA,4b27c0_2025-12-24 11:11:39,2025-12-24,2025-12-24
4b27c0,6.4565,46.445,1766573979,1600.2,85.07,FALSE,NA,4b27c0_2025-12-24 11:11:39,2025-12-24,2025-12-24
4b27c0,6.5515,46.447,1766574159,1074.42,61.14,FALSE,NA,4b27c0_2025-12-24 11:11:39,2025-12-24,2025-12-24
4b27c0,6.6114,46.508,1766574339,1005.84,37.1,FALSE,NA,4b27c0_2025-12-24 11:11:39,2025-12-24,2025-12-24
4b3e2d,6.9912,46.2387,1766626763,NA,60.28,FALSE,NA,4b3e2d_2025-12-25 02:39:23,2025-12-25,2025-12-25
4b3e2d,6.9237,46.3335,1766626943,1287.78,68.12,FALSE,NA,4b3e2d_2025-12-25 02:39:23,2025-12-25,2025-12-25
4b3e2d,6.9047,46.3885,1766627123,1066.8,61.24,FALSE,NA,4b3e2d_2025-12-25 02:39:23,2025-12-25,2025-12-25
4b3e2d,6.756,46.4837,1766627303,967.74,67.19,FALSE,NA,4b3e2d_2025-12-25 02:39:23,2025-12-25,2025-12-25
4b3e2d,6.6355,46.5203,1766627483,746.76,26.95,FALSE,NA,4b3e2d_2025-12-25 02:39:23,2025-12-25,2025-12-25
4b3305,NA,NA,1766691581,NA,58.68,FALSE,NA,4b3305_2025-12-25 20:39:41,2025-12-25,2025-12-25
4b3305,6.8932,46.3602,1766691761,822.96,62.59,FALSE,NA,4b3305_2025-12-25 20:39:41,2025-12-25,2025-12-25
4b3305,6.7865,46.4301,1766691941,815.34,64.41,FALSE,NA,4b3305_2025-12-25 20:39:41,2025-12-25,2025-12-25
4b3305,6.6735,46.4965,1766692121,822.96,63.27,FALSE,NA,4b3305_2025-12-25 20:39:41,2025-12-25,2025-12-25
461fbd,NA,NA,1766743126,NA,90.16,FALSE,NA,461fbd_2025-12-26 10:58:46,2025-12-26,2025-12-26
461fbd,5.9769,43.0638,1766743306,3497.58,118.04,FALSE,NA,461fbd_2025-12-26 10:58:46,2025-12-26,2025-12-26
461fbd,5.6884,43.0553,1766743486,4511.04,125.94,FALSE,NA,461fbd_2025-12-26 10:58:46,2025-12-26,2025-12-26
461fbd,5.4729,43.176,1766743666,5539.74,132.02,FALSE,NA,461fbd_2025-12-26 10:58:46,2025-12-26,2025-12-26
461fbd,5.3938,43.3948,1766743846,5867.4,148.86,FALSE,NA,461fbd_2025-12-26 10:58:46,2025-12-26,2025-12-26
461fbd,5.3085,43.6295,1766744026,5867.4,150.25,FALSE,NA,461fbd_2025-12-26 10:58:46,2025-12-26,2025-12-26
461fbd,5.2218,43.8661,1766744206,5867.4,152.24,FALSE,NA,461fbd_2025-12-26 10:58:46,2025-12-26,2025-12-26
461fbd,5.1784,44.1043,1766744386,5875.02,148.17,FALSE,NA,461fbd_2025-12-26 10:58:46,2025-12-26,2025-12-26
461fbd,5.1799,44.346,1766744566,5875.02,144.27,FALSE,NA,461fbd_2025-12-26 10:58:46,2025-12-26,2025-12-26
461fbd,5.25,44.5766,1766744746,5882.64,147.42,FALSE,NA,461fbd_2025-12-26 10:58:46,2025-12-26,2025-12-26
461fbd,5.3215,44.8084,1766744926,5882.64,144.91,FALSE,NA,461fbd_2025-12-26 10:58:46,2025-12-26,2025-12-26
461fbd,5.3929,45.0386,1766745106,5890.26,146.53,FALSE,NA,461fbd_2025-12-26 10:58:46,2025-12-26,2025-12-26
461fbd,5.4658,45.2714,1766745286,5882.64,146.03,FALSE,NA,461fbd_2025-12-26 10:58:46,2025-12-26,2025-12-26
461fbd,5.5401,45.5063,1766745466,5593.08,153.39,FALSE,NA,461fbd_2025-12-26 10:58:46,2025-12-26,2025-12-26
461fbd,5.6571,45.7219,1766745646,4693.92,131.47,FALSE,NA,461fbd_2025-12-26 10:58:46,2025-12-26,2025-12-26
461fbd,5.8927,45.8558,1766745826,3771.9,124.89,FALSE,NA,461fbd_2025-12-26 10:58:46,2025-12-26,2025-12-26
461fbd,5.7492,45.9824,1766746006,2834.64,113.25,FALSE,NA,461fbd_2025-12-26 10:58:46,2025-12-26,2025-12-26
461fbd,5.8926,46.0909,1766746186,1668.78,84.76,FALSE,NA,461fbd_2025-12-26 10:58:46,2025-12-26,2025-12-26
461fbd,6.029,46.1835,1766746366,868.68,80.39,FALSE,NA,461fbd_2025-12-26 10:58:46,2025-12-26,2025-12-26
461fbd,6.1475,46.3036,1766746546,769.62,100.31,FALSE,NA,461fbd_2025-12-26 10:58:46,2025-12-26,2025-12-26
461fbd,6.3364,46.3877,1766746726,777.24,101.04,FALSE,NA,461fbd_2025-12-26 10:58:46,2025-12-26,2025-12-26
461fbd,6.5309,46.4494,1766746906,861.06,73.91,FALSE,NA,461fbd_2025-12-26 10:58:46,2025-12-26,2025-12-26
461fbd,6.6133,46.5194,1766747086,853.44,53.98,FALSE,NA,461fbd_2025-12-26 10:58:46,2025-12-26,2025-12-26
4b32fe,NA,NA,1766763146,NA,64.56,FALSE,NA,4b32fe_2025-12-26 16:32:26,2025-12-26,2025-12-26
4b32fe,6.9588,46.2436,1766763326,1127.76,54.18,FALSE,NA,4b32fe_2025-12-26 16:32:26,2025-12-26,2025-12-26
4b32fe,6.919,46.297,1766763506,777.24,63.62,FALSE,NA,4b32fe_2025-12-26 16:32:26,2025-12-26,2025-12-26
4b32fe,6.8507,46.3815,1766763686,815.34,60.54,FALSE,NA,4b32fe_2025-12-26 16:32:26,2025-12-26,2025-12-26
4b32fe,6.747,46.4526,1766763866,739.14,63.66,FALSE,NA,4b32fe_2025-12-26 16:32:26,2025-12-26,2025-12-26
4b32fe,6.6488,46.5203,1766764046,731.52,35.29,FALSE,NA,4b32fe_2025-12-26 16:32:26,2025-12-26,2025-12-26
4b39c9,9.6887,45.6712,1766923596,480.06,87.72,FALSE,NA,4b39c9_2025-12-28 13:06:36,2025-12-28,2025-12-28
4b39c9,9.4813,45.6648,1766923776,2948.94,97.88,FALSE,NA,4b39c9_2025-12-28 13:06:36,2025-12-28,2025-12-28
4b39c9,9.2196,45.6545,1766923956,4671.06,114.95,FALSE,NA,4b39c9_2025-12-28 13:06:36,2025-12-28,2025-12-28
4b39c9,8.9385,45.6612,1766924136,6377.94,129.22,FALSE,NA,4b39c9_2025-12-28 13:06:36,2025-12-28,2025-12-28
4b39c9,8.5906,45.6928,1766924316,6896.1,176.88,FALSE,NA,4b39c9_2025-12-28 13:06:36,2025-12-28,2025-12-28
4b39c9,8.1756,45.7294,1766924496,6896.1,182.94,FALSE,NA,4b39c9_2025-12-28 13:06:36,2025-12-28,2025-12-28
4b39c9,7.7531,45.7649,1766924676,6896.1,184.86,FALSE,NA,4b39c9_2025-12-28 13:06:36,2025-12-28,2025-12-28
4b39c9,7.3282,45.7989,1766924856,6896.1,185.32,FALSE,NA,4b39c9_2025-12-28 13:06:36,2025-12-28,2025-12-28
4b39c9,6.9264,45.8813,1766925036,6896.1,185.06,FALSE,NA,4b39c9_2025-12-28 13:06:36,2025-12-28,2025-12-28
4b39c9,6.6977,46.0777,1766925216,5394.96,157.01,FALSE,NA,4b39c9_2025-12-28 13:06:36,2025-12-28,2025-12-28
4b39c9,6.6857,46.3148,1766925396,3444.24,127.13,FALSE,NA,4b39c9_2025-12-28 13:06:36,2025-12-28,2025-12-28
4b39c9,6.6083,46.4582,1766925576,1371.6,83.23,FALSE,NA,4b39c9_2025-12-28 13:06:36,2025-12-28,2025-12-28
4b3303,NA,NA,1766925159,NA,43.65,FALSE,NA,4b3303_2025-12-28 13:32:39,2025-12-28,2025-12-28
4b3303,6.9264,46.4335,1766925339,1638.3,69.43,FALSE,NA,4b3303_2025-12-28 13:32:39,2025-12-28,2025-12-28
4b3303,6.9264,46.4335,1766925519,1501.14,62.91,FALSE,NA,4b3303_2025-12-28 13:32:39,2025-12-28,2025-12-28
4b3303,6.6841,46.5033,1766925699,777.24,59.25,FALSE,NA,4b3303_2025-12-28 13:32:39,2025-12-28,2025-12-28
4b2964,NA,NA,1766929015,NA,64.79,FALSE,NA,4b2964_2025-12-28 14:36:55,2025-12-28,2025-12-28
4b2964,5.6148,43.3212,1766929195,2194.56,82.83,FALSE,NA,4b2964_2025-12-28 14:36:55,2025-12-28,2025-12-28
4b2964,5.5291,43.4503,1766929375,3383.28,94.8,FALSE,NA,4b2964_2025-12-28 14:36:55,2025-12-28,2025-12-28
4b2964,5.4825,43.5962,1766929555,4564.38,94.67,FALSE,NA,4b2964_2025-12-28 14:36:55,2025-12-28,2025-12-28
4b2964,5.479,43.7543,1766929735,5600.7,101.87,FALSE,NA,4b2964_2025-12-28 14:36:55,2025-12-28,2025-12-28
4b2964,5.4752,43.9237,1766929915,6659.88,106.5,FALSE,NA,4b2964_2025-12-28 14:36:55,2025-12-28,2025-12-28
4b2964,5.4707,44.1233,1766930095,6835.14,134.8,FALSE,NA,4b2964_2025-12-28 14:36:55,2025-12-28,2025-12-28
4b2964,5.4657,44.3448,1766930275,6842.76,135.83,FALSE,NA,4b2964_2025-12-28 14:36:55,2025-12-28,2025-12-28
4b2964,5.4607,44.5655,1766930455,6850.38,134.8,FALSE,NA,4b2964_2025-12-28 14:36:55,2025-12-28,2025-12-28
4b2964,5.4558,44.78,1766930635,6850.38,133.26,FALSE,NA,4b2964_2025-12-28 14:36:55,2025-12-28,2025-12-28
4b2964,5.4508,44.9956,1766930815,6850.38,133.77,FALSE,NA,4b2964_2025-12-28 14:36:55,2025-12-28,2025-12-28
4b2964,5.5301,45.1939,1766930995,6858,126.57,FALSE,NA,4b2964_2025-12-28 14:36:55,2025-12-28,2025-12-28
4b2964,5.6229,45.3882,1766931175,6858,127.06,FALSE,NA,4b2964_2025-12-28 14:36:55,2025-12-28,2025-12-28
4b2964,5.713,45.5762,1766931355,6347.46,120.06,FALSE,NA,4b2964_2025-12-28 14:36:55,2025-12-28,2025-12-28
4b2964,5.8287,45.7528,1766931535,5623.56,117.61,FALSE,NA,4b2964_2025-12-28 14:36:55,2025-12-28,2025-12-28
4b2964,5.9954,45.8914,1766931715,4335.78,110.23,FALSE,NA,4b2964_2025-12-28 14:36:55,2025-12-28,2025-12-28
4b2964,6.1745,46.0167,1766931895,3169.92,107.71,FALSE,NA,4b2964_2025-12-28 14:36:55,2025-12-28,2025-12-28
4b2964,6.3491,46.1402,1766932075,2857.5,107.68,FALSE,NA,4b2964_2025-12-28 14:36:55,2025-12-28,2025-12-28
4b2964,6.4955,46.2718,1766932255,2407.92,97.63,FALSE,NA,4b2964_2025-12-28 14:36:55,2025-12-28,2025-12-28
4b2964,6.5734,46.4124,1766932435,1295.4,91.34,FALSE,NA,4b2964_2025-12-28 14:36:55,2025-12-28,2025-12-28
4b2964,6.6149,46.5277,1766932615,769.62,47.43,FALSE,NA,4b2964_2025-12-28 14:36:55,2025-12-28,2025-12-28
4b3302,7.1378,46.3756,1766938380,2506.98,66.81,FALSE,NA,4b3302_2025-12-28 17:13:00,2025-12-28,2025-12-28
4b3302,7.0804,46.3922,1766938560,2369.82,70.41,FALSE,NA,4b3302_2025-12-28 17:13:00,2025-12-28,2025-12-28
4b3302,6.8347,46.4571,1766938740,1744.98,71.94,FALSE,NA,4b3302_2025-12-28 17:13:00,2025-12-28,2025-12-28
4b3302,6.6801,46.4973,1766938920,1318.26,64.28,FALSE,NA,4b3302_2025-12-28 17:13:00,2025-12-28,2025-12-28
4b3302,6.1218,46.2346,1767003418,678.18,48.49,FALSE,NA,4b3302_2025-12-29 11:16:58,2025-12-29,2025-12-29
4b3302,6.2389,46.2672,1767003598,708.66,56.86,FALSE,NA,4b3302_2025-12-29 11:16:58,2025-12-29,2025-12-29
4b3302,6.3331,46.3365,1767003778,708.66,58.59,FALSE,NA,4b3302_2025-12-29 11:16:58,2025-12-29,2025-12-29
4b3302,6.4296,46.4055,1767003958,708.66,58.97,FALSE,NA,4b3302_2025-12-29 11:16:58,2025-12-29,2025-12-29
4b3302,6.5319,46.4692,1767004138,708.66,59.38,FALSE,NA,4b3302_2025-12-29 11:16:58,2025-12-29,2025-12-29
4b3302,6.6158,46.5389,1767004318,723.9,39.43,FALSE,NA,4b3302_2025-12-29 11:16:58,2025-12-29,2025-12-29
4b3302,6.6182,46.547,1767004498,670.56,0,FALSE,NA,4b3302_2025-12-29 11:16:58,2025-12-29,2025-12-29
440daa,13.0033,47.7945,1767008839,502.92,56,FALSE,NA,440daa_2025-12-29 12:47:19,2025-12-29,2025-12-29
440daa,13.0204,47.7877,1767009019,2080.26,69.04,FALSE,NA,440daa_2025-12-29 12:47:19,2025-12-29,2025-12-29
440daa,12.8482,47.82,1767009199,3764.28,75.76,FALSE,NA,440daa_2025-12-29 12:47:19,2025-12-29,2025-12-29
440daa,12.664,47.8542,1767009379,5166.36,84.24,FALSE,NA,440daa_2025-12-29 12:47:19,2025-12-29,2025-12-29
440daa,12.458,47.8552,1767009559,6316.98,88.15,FALSE,NA,440daa_2025-12-29 12:47:19,2025-12-29,2025-12-29
440daa,12.2379,47.8462,1767009739,7231.38,93.74,FALSE,NA,440daa_2025-12-29 12:47:19,2025-12-29,2025-12-29
440daa,11.9754,47.8369,1767009919,7429.5,125.19,FALSE,NA,440daa_2025-12-29 12:47:19,2025-12-29,2025-12-29
440daa,11.6681,47.8253,1767010099,7437.12,129.36,FALSE,NA,440daa_2025-12-29 12:47:19,2025-12-29,2025-12-29
440daa,11.3587,47.8126,1767010279,7437.12,129.39,FALSE,NA,440daa_2025-12-29 12:47:19,2025-12-29,2025-12-29
440daa,11.0488,47.7992,1767010459,7437.12,128.91,FALSE,NA,440daa_2025-12-29 12:47:19,2025-12-29,2025-12-29
440daa,10.7407,47.785,1767010639,7444.74,128.43,FALSE,NA,440daa_2025-12-29 12:47:19,2025-12-29,2025-12-29
440daa,10.4328,47.7732,1767010819,7444.74,128.78,FALSE,NA,440daa_2025-12-29 12:47:19,2025-12-29,2025-12-29
440daa,10.1253,47.7625,1767010999,7444.74,127.79,FALSE,NA,440daa_2025-12-29 12:47:19,2025-12-29,2025-12-29
440daa,9.8182,47.7455,1767011179,7444.74,131.61,FALSE,NA,440daa_2025-12-29 12:47:19,2025-12-29,2025-12-29
440daa,9.5197,47.6783,1767011359,7452.36,131.77,FALSE,NA,440daa_2025-12-29 12:47:19,2025-12-29,2025-12-29
440daa,9.2215,47.61,1767011539,7452.36,131.61,FALSE,NA,440daa_2025-12-29 12:47:19,2025-12-29,2025-12-29
440daa,8.9236,47.541,1767011719,7452.36,131.13,FALSE,NA,440daa_2025-12-29 12:47:19,2025-12-29,2025-12-29
440daa,8.6295,47.4717,1767011899,7459.98,131.3,FALSE,NA,440daa_2025-12-29 12:47:19,2025-12-29,2025-12-29
440daa,8.3324,47.4009,1767012079,7459.98,131.64,FALSE,NA,440daa_2025-12-29 12:47:19,2025-12-29,2025-12-29
440daa,8.0373,47.3296,1767012259,7459.98,131.64,FALSE,NA,440daa_2025-12-29 12:47:19,2025-12-29,2025-12-29
440daa,7.7423,47.2574,1767012439,7459.98,131.33,FALSE,NA,440daa_2025-12-29 12:47:19,2025-12-29,2025-12-29
440daa,7.4457,47.1838,1767012619,7033.26,135.9,FALSE,NA,440daa_2025-12-29 12:47:19,2025-12-29,2025-12-29
440daa,7.186,47.05,1767012799,5928.36,137.78,FALSE,NA,440daa_2025-12-29 12:47:19,2025-12-29,2025-12-29
440daa,6.9636,46.8766,1767012979,4739.64,145.81,FALSE,NA,440daa_2025-12-29 12:47:19,2025-12-29,2025-12-29
440daa,6.7398,46.7006,1767013159,3284.22,139.28,FALSE,NA,440daa_2025-12-29 12:47:19,2025-12-29,2025-12-29
440daa,6.5561,46.5537,1767013339,1242.06,92.92,FALSE,NA,440daa_2025-12-29 12:47:19,2025-12-29,2025-12-29
440daa,6.5057,46.467,1767013519,662.94,55.79,FALSE,NA,440daa_2025-12-29 12:47:19,2025-12-29,2025-12-29
440daa,6.6043,46.47,1767013699,800.1,54.2,FALSE,NA,440daa_2025-12-29 12:47:19,2025-12-29,2025-12-29
46316e,NA,NA,1767015915,NA,47.29,FALSE,NA,46316e_2025-12-29 14:45:15,2025-12-29,2025-12-29
46316e,7.1706,43.5748,1767016095,1874.52,70.14,FALSE,NA,46316e_2025-12-29 14:45:15,2025-12-29,2025-12-29
46316e,7.0957,43.5165,1767016275,3627.12,83.35,FALSE,NA,46316e_2025-12-29 14:45:15,2025-12-29,2025-12-29
46316e,7.0208,43.6278,1767016455,5173.98,90.51,FALSE,NA,46316e_2025-12-29 14:45:15,2025-12-29,2025-12-29
46316e,6.9711,43.8254,1767016635,5440.68,133.3,FALSE,NA,46316e_2025-12-29 14:45:15,2025-12-29,2025-12-29
46316e,6.9206,44.0247,1767016815,6332.22,121.38,FALSE,NA,46316e_2025-12-29 14:45:15,2025-12-29,2025-12-29
46316e,6.8779,44.2262,1767016995,6835.14,139.19,FALSE,NA,46316e_2025-12-29 14:45:15,2025-12-29,2025-12-29
46316e,6.8427,44.4582,1767017175,6842.76,146.46,FALSE,NA,46316e_2025-12-29 14:45:15,2025-12-29,2025-12-29
46316e,6.8068,44.6933,1767017355,6842.76,145.44,FALSE,NA,46316e_2025-12-29 14:45:15,2025-12-29,2025-12-29
46316e,6.7822,44.9267,1767017535,6850.38,145.82,FALSE,NA,46316e_2025-12-29 14:45:15,2025-12-29,2025-12-29
46316e,6.7382,45.1628,1767017715,6850.38,146.96,FALSE,NA,46316e_2025-12-29 14:45:15,2025-12-29,2025-12-29
46316e,6.692,45.3995,1767017895,6766.56,152.64,FALSE,NA,46316e_2025-12-29 14:45:15,2025-12-29,2025-12-29
46316e,6.6463,45.631100000000004,1767018075,5775.96,142.24,FALSE,NA,46316e_2025-12-29 14:45:15,2025-12-29,2025-12-29
46316e,6.666,45.8629,1767018255,4968.24,143.74,FALSE,NA,46316e_2025-12-29 14:45:15,2025-12-29,2025-12-29
46316e,6.7584,46.0769,1767018435,3307.08,130.04,FALSE,NA,46316e_2025-12-29 14:45:15,2025-12-29,2025-12-29
46316e,6.8789,46.2622,1767018615,2270.76,115.5,FALSE,NA,46316e_2025-12-29 14:45:15,2025-12-29,2025-12-29
46316e,6.8832,46.4034,1767018795,822.96,103.09,FALSE,NA,46316e_2025-12-29 14:45:15,2025-12-29,2025-12-29
46316e,6.6993,46.4906,1767018975,784.86,93.35,FALSE,NA,46316e_2025-12-29 14:45:15,2025-12-29,2025-12-29
4b3305,7.0427,46.318600000000004,1767019334,2004.06,59.7,FALSE,NA,4b3305_2025-12-29 15:42:14,2025-12-29,2025-12-29
4b3305,7.0065,46.3277,1767019514,1645.92,62.64,FALSE,NA,4b3305_2025-12-29 15:42:14,2025-12-29,2025-12-29
4b3305,6.9527,46.3331,1767019694,678.18,55.92,FALSE,NA,4b3305_2025-12-29 15:42:14,2025-12-29,2025-12-29
4b3305,6.8635,46.3962,1767019874,746.76,59.54,FALSE,NA,4b3305_2025-12-29 15:42:14,2025-12-29,2025-12-29
4b3305,6.7608,46.4556,1767020054,746.76,59.54,FALSE,NA,4b3305_2025-12-29 15:42:14,2025-12-29,2025-12-29
4b3305,6.651,46.5186,1767020234,746.76,44.43,FALSE,NA,4b3305_2025-12-29 15:42:14,2025-12-29,2025-12-29
4b0b24,6.8805,46.9633,1767021771,655.32,40.57,FALSE,NA,4b0b24_2025-12-29 16:22:51,2025-12-29,2025-12-29
4b0b24,6.8758,46.8795,1767021951,815.34,56.81,FALSE,NA,4b0b24_2025-12-29 16:22:51,2025-12-29,2025-12-29
4b0b24,6.767,46.8219,1767022131,853.44,60.09,FALSE,NA,4b0b24_2025-12-29 16:22:51,2025-12-29,2025-12-29
4b0b24,6.6322,46.8039,1767022311,838.2,60.78,FALSE,NA,4b0b24_2025-12-29 16:22:51,2025-12-29,2025-12-29
4b0b24,6.5676,46.7262,1767022491,777.24,62.97,FALSE,NA,4b0b24_2025-12-29 16:22:51,2025-12-29,2025-12-29
4b0b24,6.5509,46.6297,1767022671,792.48,61.64,FALSE,NA,4b0b24_2025-12-29 16:22:51,2025-12-29,2025-12-29
4b32fd,7.5043,46.9096,1767081096,563.88,0,FALSE,NA,4b32fd_2025-12-30 08:51:36,2025-12-30,2025-12-30
4b32fd,7.3986,46.9191,1767081276,929.64,66.15,FALSE,NA,4b32fd_2025-12-30 08:51:36,2025-12-30,2025-12-30
4b32fd,7.2499,46.8741,1767081456,914.4,70.17,FALSE,NA,4b32fd_2025-12-30 08:51:36,2025-12-30,2025-12-30
4b32fd,7.1038,46.8216,1767081636,952.5,69.42,FALSE,NA,4b32fd_2025-12-30 08:51:36,2025-12-30,2025-12-30
4b32fd,6.9536,46.7769,1767081816,914.4,70.67,FALSE,NA,4b32fd_2025-12-30 08:51:36,2025-12-30,2025-12-30
4b32fd,6.8365,46.7021,1767081996,937.26,71.02,FALSE,NA,4b32fd_2025-12-30 08:51:36,2025-12-30,2025-12-30
4b32fd,6.7652,46.6033,1767082176,975.36,60.71,FALSE,NA,4b32fd_2025-12-30 08:51:36,2025-12-30,2025-12-30
4b32fd,6.8031,46.6761,1767082356,891.54,52.63,FALSE,NA,4b32fd_2025-12-30 08:51:36,2025-12-30,2025-12-30
4b32fd,6.7575,46.7509,1767082536,883.92,64.31,FALSE,NA,4b32fd_2025-12-30 08:51:36,2025-12-30,2025-12-30
4b32fd,6.6234,46.6905,1767082716,868.68,68.38,FALSE,NA,4b32fd_2025-12-30 08:51:36,2025-12-30,2025-12-30
4b32fd,6.5976,46.5833,1767082896,906.78,67.3,FALSE,NA,4b32fd_2025-12-30 08:51:36,2025-12-30,2025-12-30
4b3305,6.9882,46.2616,1767098887,1028.7,61.01,FALSE,NA,4b3305_2025-12-30 13:48:07,2025-12-30,2025-12-30
4b3305,6.9102,46.343,1767099067,937.26,59.66,FALSE,NA,4b3305_2025-12-30 13:48:07,2025-12-30,2025-12-30
4b3305,6.8135,46.4084,1767099247,1143,60.76,FALSE,NA,4b3305_2025-12-30 13:48:07,2025-12-30,2025-12-30
4b3305,6.7088,46.4788,1767099427,1051.56,62.21,FALSE,NA,4b3305_2025-12-30 13:48:07,2025-12-30,2025-12-30
4b3303,6.9,46.2584,1767100080,1958.34,57.6,FALSE,NA,4b3303_2025-12-30 14:08:00,2025-12-30,2025-12-30
4b3303,6.8682,46.3551,1767100260,1767.84,63.28,FALSE,NA,4b3303_2025-12-30 14:08:00,2025-12-30,2025-12-30
4b3303,6.8006,46.4152,1767100440,1028.7,58.93,FALSE,NA,4b3303_2025-12-30 14:08:00,2025-12-30,2025-12-30
4b3303,6.7013,46.4831,1767100620,952.5,58.24,FALSE,NA,4b3303_2025-12-30 14:08:00,2025-12-30,2025-12-30
4b0f70,8.3991,46.9751,1767101195,502.92,52,FALSE,NA,4b0f70_2025-12-30 14:26:35,2025-12-30,2025-12-30
4b0f70,8.2582,47.0517,1767101375,1638.3,108.16,FALSE,NA,4b0f70_2025-12-30 14:26:35,2025-12-30,2025-12-30
4b0f70,8.0343,47.0698,1767101555,3101.34,124.43,FALSE,NA,4b0f70_2025-12-30 14:26:35,2025-12-30,2025-12-30
4b0f70,7.7251,47.0226,1767101735,3108.96,135.04,FALSE,NA,4b0f70_2025-12-30 14:26:35,2025-12-30,2025-12-30
4b0f70,7.4263,46.9466,1767101915,3108.96,137.91,FALSE,NA,4b0f70_2025-12-30 14:26:35,2025-12-30,2025-12-30
4b0f70,7.1513,46.8292,1767102095,3108.96,138.45,FALSE,NA,4b0f70_2025-12-30 14:26:35,2025-12-30,2025-12-30
4b0f70,6.8733,46.7086,1767102275,3078.48,142.81,FALSE,NA,4b0f70_2025-12-30 14:26:35,2025-12-30,2025-12-30
4b0f70,6.7879,46.5616,1767102455,1844.04,108.56,FALSE,NA,4b0f70_2025-12-30 14:26:35,2025-12-30,2025-12-30
4b0f70,6.5955,46.4561,1767102635,800.1,96.8,FALSE,NA,4b0f70_2025-12-30 14:26:35,2025-12-30,2025-12-30
4b0f70,6.6155,46.5342,1767102815,723.9,45.89,FALSE,NA,4b0f70_2025-12-30 14:26:35,2025-12-30,2025-12-30
46316e,8.5215,49.4728,1767104360,NA,NA,FALSE,NA,46316e_2025-12-30 15:19:20,2025-12-30,2025-12-30
46316e,8.6554,49.4208,1767104540,1996.44,87.14,FALSE,NA,46316e_2025-12-30 15:19:20,2025-12-30,2025-12-30
46316e,8.6333,49.2639,1767104720,3810,105.16,FALSE,NA,46316e_2025-12-30 15:19:20,2025-12-30,2025-12-30
46316e,8.5495,49.0959,1767104900,5394.96,113.23,FALSE,NA,46316e_2025-12-30 15:19:20,2025-12-30,2025-12-30
46316e,8.4414,48.8921,1767105080,5798.82,155.7,FALSE,NA,46316e_2025-12-30 15:19:20,2025-12-30,2025-12-30
46316e,8.3138,48.6495,1767105260,5806.44,159.44,FALSE,NA,46316e_2025-12-30 15:19:20,2025-12-30,2025-12-30
46316e,8.1878,48.4072,1767105440,5814.06,157.81,FALSE,NA,46316e_2025-12-30 15:19:20,2025-12-30,2025-12-30
46316e,8.0632,48.1654,1767105620,5814.06,157.64,FALSE,NA,46316e_2025-12-30 15:19:20,2025-12-30,2025-12-30
46316e,7.9401,47.9243,1767105800,5821.68,157.64,FALSE,NA,46316e_2025-12-30 15:19:20,2025-12-30,2025-12-30
46316e,7.7881,47.6924,1767105980,5829.3,157.21,FALSE,NA,46316e_2025-12-30 15:19:20,2025-12-30,2025-12-30
46316e,7.6099,47.4689,1767106160,5829.3,157.21,FALSE,NA,46316e_2025-12-30 15:19:20,2025-12-30,2025-12-30
46316e,7.4327,47.2443,1767106340,5836.92,157.61,FALSE,NA,46316e_2025-12-30 15:19:20,2025-12-30,2025-12-30
46316e,7.2019,47.0439,1767106520,5013.96,161.01,FALSE,NA,46316e_2025-12-30 15:19:20,2025-12-30,2025-12-30
46316e,6.9739,46.848,1767106700,3535.68,151.21,FALSE,NA,46316e_2025-12-30 15:19:20,2025-12-30,2025-12-30
46316e,6.7341,46.684,1767106880,2004.06,131.81,FALSE,NA,46316e_2025-12-30 15:19:20,2025-12-30,2025-12-30
46316e,6.5347,46.5298,1767107060,1135.38,119.26,FALSE,NA,46316e_2025-12-30 15:19:20,2025-12-30,2025-12-30
46316e,6.6158,46.5374,1767107240,701.04,43.8,FALSE,NA,46316e_2025-12-30 15:19:20,2025-12-30,2025-12-30
4b3303,NA,NA,1767105436,NA,54.22,FALSE,NA,4b3303_2025-12-30 15:37:16,2025-12-30,2025-12-30
4b3303,6.9137,46.3665,1767105616,1600.2,64.51,FALSE,NA,4b3303_2025-12-30 15:37:16,2025-12-30,2025-12-30
4b3303,6.8435,46.4409,1767105796,1478.28,60.84,FALSE,NA,4b3303_2025-12-30 15:37:16,2025-12-30,2025-12-30
4b3303,6.8029,46.4952,1767105976,1120.14,67.7,FALSE,NA,4b3303_2025-12-30 15:37:16,2025-12-30,2025-12-30
4b3303,6.64,46.5196,1767106156,723.9,41.16,FALSE,NA,4b3303_2025-12-30 15:37:16,2025-12-30,2025-12-30
4b3e2d,7.0087,46.2182,1767152378,1424.94,60.84,FALSE,NA,4b3e2d_2025-12-31 04:39:38,2025-12-31,2025-12-31
4b3e2d,6.9541,46.3143,1767152558,1402.08,66.78,FALSE,NA,4b3e2d_2025-12-31 04:39:38,2025-12-31,2025-12-31
4b3e2d,6.8942,46.4062,1767152738,1120.14,70.94,FALSE,NA,4b3e2d_2025-12-31 04:39:38,2025-12-31,2025-12-31
4b3e2d,6.7484,46.4739,1767152918,1112.52,65.34,FALSE,NA,4b3e2d_2025-12-31 04:39:38,2025-12-31,2025-12-31
4b3e2d,6.6367,46.5167,1767153098,762,30.91,FALSE,NA,4b3e2d_2025-12-31 04:39:38,2025-12-31,2025-12-31
4b1bdd,6.6169,46.5493,1767167854,708.66,35.02,FALSE,NA,4b1bdd_2025-12-31 08:57:34,2025-12-31,2025-12-31
4b1bdd,6.6217,46.5904,1767168034,1325.88,43.12,FALSE,NA,4b1bdd_2025-12-31 08:57:34,2025-12-31,2025-12-31
4b1bdd,6.7019,46.5486,1767168214,1805.94,43.47,FALSE,NA,4b1bdd_2025-12-31 08:57:34,2025-12-31,2025-12-31
4b1bdd,6.7819,46.4877,1767168394,2019.3,55.8,FALSE,NA,4b1bdd_2025-12-31 08:57:34,2025-12-31,2025-12-31
4b1bdd,6.8565,46.429,1767168574,2407.92,47.24,FALSE,NA,4b1bdd_2025-12-31 08:57:34,2025-12-31,2025-12-31
4b1bdd,6.956,46.4018,1767168754,2583.18,50.51,FALSE,NA,4b1bdd_2025-12-31 08:57:34,2025-12-31,2025-12-31
4b1bdd,7.0498,46.3522,1767168934,2712.72,62.05,FALSE,NA,4b1bdd_2025-12-31 08:57:34,2025-12-31,2025-12-31
4b1bdd,7.0314,46.3352,1767169114,2659.38,65.44,FALSE,NA,4b1bdd_2025-12-31 08:57:34,2025-12-31,2025-12-31
4b1bdd,7.0275,46.3101,1767169294,2781.3,41.87,FALSE,NA,4b1bdd_2025-12-31 08:57:34,2025-12-31,2025-12-31
4b1bdd,7.0409,46.3074,1767169474,2971.8,46.28,FALSE,NA,4b1bdd_2025-12-31 08:57:34,2025-12-31,2025-12-31
4b1bdd,7.0906,46.311,1767169654,3009.9,48.64,FALSE,NA,4b1bdd_2025-12-31 08:57:34,2025-12-31,2025-12-31
4b1bdd,7.2066,46.3218,1767169834,2994.66,56.6,FALSE,NA,4b1bdd_2025-12-31 08:57:34,2025-12-31,2025-12-31
4b1bdd,7.2902,46.3362,1767170014,3055.62,52.32,FALSE,NA,4b1bdd_2025-12-31 08:57:34,2025-12-31,2025-12-31
4b1bdd,7.2656,46.4202,1767170194,2895.6,54.32,FALSE,NA,4b1bdd_2025-12-31 08:57:34,2025-12-31,2025-12-31
4b1bdd,7.2463,46.5015,1767170374,2804.16,55.41,FALSE,NA,4b1bdd_2025-12-31 08:57:34,2025-12-31,2025-12-31
4b1bdd,7.2325,46.5768,1767170554,2598.42,65.4,FALSE,NA,4b1bdd_2025-12-31 08:57:34,2025-12-31,2025-12-31
4b1bdd,7.0735,46.5592,1767170734,2400.3,73.71,FALSE,NA,4b1bdd_2025-12-31 08:57:34,2025-12-31,2025-12-31
4b1bdd,6.9163,46.5151,1767170914,2133.6,72.84,FALSE,NA,4b1bdd_2025-12-31 08:57:34,2025-12-31,2025-12-31
4b1bdd,6.7423,46.5207,1767171094,1485.9,77.29,FALSE,NA,4b1bdd_2025-12-31 08:57:34,2025-12-31,2025-12-31
4b1bdd,6.5943,46.5471,1767171274,883.92,51.88,FALSE,NA,4b1bdd_2025-12-31 08:57:34,2025-12-31,2025-12-31
4b08c3,8.8783,47.2067,1767170273,525.78,37.77,FALSE,NA,4b08c3_2025-12-31 09:37:53,2025-12-31,2025-12-31
4b08c3,8.8174,47.2067,1767170453,739.14,42.6,FALSE,NA,4b08c3_2025-12-31 09:37:53,2025-12-31,2025-12-31
4b08c3,8.8928,47.2092,1767170633,655.32,43.22,FALSE,NA,4b08c3_2025-12-31 09:37:53,2025-12-31,2025-12-31
4b08c3,8.8172,47.2035,1767170813,739.14,43.81,FALSE,NA,4b08c3_2025-12-31 09:37:53,2025-12-31,2025-12-31
4b08c3,8.8993,47.208,1767170993,701.04,45.6,FALSE,NA,4b08c3_2025-12-31 09:37:53,2025-12-31,2025-12-31
4b08c3,8.8095,47.2184,1767171173,1386.84,58.97,FALSE,NA,4b08c3_2025-12-31 09:37:53,2025-12-31,2025-12-31
4b08c3,8.6344,47.2045,1767171353,1363.98,76.79,FALSE,NA,4b08c3_2025-12-31 09:37:53,2025-12-31,2025-12-31
4b08c3,8.4512,47.1991,1767171533,1371.6,78.75,FALSE,NA,4b08c3_2025-12-31 09:37:53,2025-12-31,2025-12-31
4b08c3,8.2615,47.1887,1767171713,1371.6,83.65,FALSE,NA,4b08c3_2025-12-31 09:37:53,2025-12-31,2025-12-31
4b08c3,8.103,47.1085,1767171893,1409.7,85.17,FALSE,NA,4b08c3_2025-12-31 09:37:53,2025-12-31,2025-12-31
4b08c3,7.9723,47.0313,1767172073,1935.48,75.79,FALSE,NA,4b08c3_2025-12-31 09:37:53,2025-12-31,2025-12-31
4b08c3,7.826,46.9447,1767172253,1950.72,81.69,FALSE,NA,4b08c3_2025-12-31 09:37:53,2025-12-31,2025-12-31
4b08c3,7.6618,46.8717,1767172433,1950.72,84.46,FALSE,NA,4b08c3_2025-12-31 09:37:53,2025-12-31,2025-12-31
4b08c3,7.482,46.81,1767172613,1950.72,85.58,FALSE,NA,4b08c3_2025-12-31 09:37:53,2025-12-31,2025-12-31
4b08c3,7.3003,46.7498,1767172793,1950.72,86.05,FALSE,NA,4b08c3_2025-12-31 09:37:53,2025-12-31,2025-12-31
4b08c3,7.1179,46.6867,1767172973,1935.48,88.13,FALSE,NA,4b08c3_2025-12-31 09:37:53,2025-12-31,2025-12-31
4b08c3,6.9283,46.6157,1767173153,1744.98,93.94,FALSE,NA,4b08c3_2025-12-31 09:37:53,2025-12-31,2025-12-31
4b08c3,6.726,46.555,1767173333,1249.68,87.89,FALSE,NA,4b08c3_2025-12-31 09:37:53,2025-12-31,2025-12-31
4b08c3,6.5875,46.542,1767173513,830.58,45.47,FALSE,NA,4b08c3_2025-12-31 09:37:53,2025-12-31,2025-12-31
4b08c3,6.6166,46.5447,1767173693,662.94,27.31,FALSE,NA,4b08c3_2025-12-31 09:37:53,2025-12-31,2025-12-31
4b08c3,6.6136,46.5198,1767173873,777.24,41.96,FALSE,NA,4b08c3_2025-12-31 09:37:53,2025-12-31,2025-12-31
4b1af2,6.6167,46.5451,1767172703,670.56,34.05,FALSE,NA,4b1af2_2025-12-31 10:18:23,2025-12-31,2025-12-31
4b1af2,6.5635,46.5885,1767172883,1531.62,65.54,FALSE,NA,4b1af2_2025-12-31 10:18:23,2025-12-31,2025-12-31
4b1af2,6.5064,46.4967,1767173063,1493.52,76.53,FALSE,NA,4b1af2_2025-12-31 10:18:23,2025-12-31,2025-12-31
4b1af2,6.5157,46.4895,1767173243,1455.42,69.77,FALSE,NA,4b1af2_2025-12-31 10:18:23,2025-12-31,2025-12-31
4b1af2,6.593,46.4751,1767173423,1562.1,44.25,FALSE,NA,4b1af2_2025-12-31 10:18:23,2025-12-31,2025-12-31
4b1af2,6.6786,46.5079,1767173603,1432.56,46.53,FALSE,NA,4b1af2_2025-12-31 10:18:23,2025-12-31,2025-12-31
4b1af2,6.6936,46.553,1767173783,1379.22,51.32,FALSE,NA,4b1af2_2025-12-31 10:18:23,2025-12-31,2025-12-31
4b1af2,6.7198,46.534,1767173963,1470.66,52.97,FALSE,NA,4b1af2_2025-12-31 10:18:23,2025-12-31,2025-12-31
4b1af2,6.6846,46.6095,1767174143,1485.9,66.54,FALSE,NA,4b1af2_2025-12-31 10:18:23,2025-12-31,2025-12-31
4b1af2,6.5893,46.6706,1767174323,1623.06,56.73,FALSE,NA,4b1af2_2025-12-31 10:18:23,2025-12-31,2025-12-31
4b1af2,6.5593,46.748,1767174503,1501.14,47.43,FALSE,NA,4b1af2_2025-12-31 10:18:23,2025-12-31,2025-12-31
4b1af2,6.6299,46.8043,1767174683,1325.88,45.39,FALSE,NA,4b1af2_2025-12-31 10:18:23,2025-12-31,2025-12-31
4b1af2,6.5931,46.7819,1767174863,1348.74,76.25,FALSE,NA,4b1af2_2025-12-31 10:18:23,2025-12-31,2025-12-31
4b1af2,6.5217,46.6821,1767175043,1386.84,70.03,FALSE,NA,4b1af2_2025-12-31 10:18:23,2025-12-31,2025-12-31
4b1af2,6.4879,46.5685,1767175223,1363.98,69.88,FALSE,NA,4b1af2_2025-12-31 10:18:23,2025-12-31,2025-12-31
4b1af2,6.5566,46.4958,1767175403,1074.42,52.02,FALSE,NA,4b1af2_2025-12-31 10:18:23,2025-12-31,2025-12-31
4b1af2,6.6161,46.5398,1767175583,670.56,32,FALSE,NA,4b1af2_2025-12-31 10:18:23,2025-12-31,2025-12-31
4b1c63,NA,NA,1767173015,NA,28.71,FALSE,NA,4b1c63_2025-12-31 10:23:35,2025-12-31,2025-12-31
4b1c63,6.9138,46.9348,1767173195,1341.12,55.22,FALSE,NA,4b1c63_2025-12-31 10:23:35,2025-12-31,2025-12-31
4b1c63,6.8157,46.8538,1767173375,1363.98,63.64,FALSE,NA,4b1c63_2025-12-31 10:23:35,2025-12-31,2025-12-31
4b1c63,6.8104,46.7682,1767173555,1363.98,67.01,FALSE,NA,4b1c63_2025-12-31 10:23:35,2025-12-31,2025-12-31
4b1c63,6.7878,46.6644,1767173735,1554.48,60.82,FALSE,NA,4b1c63_2025-12-31 10:23:35,2025-12-31,2025-12-31
4b1c63,6.7795,46.5595,1767173915,1661.16,51.62,FALSE,NA,4b1c63_2025-12-31 10:23:35,2025-12-31,2025-12-31
4b1c63,6.7549,46.5443,1767174095,1653.54,68.61,FALSE,NA,4b1c63_2025-12-31 10:23:35,2025-12-31,2025-12-31
4b1c63,6.7058,46.4915,1767174275,1310.64,49.94,FALSE,NA,4b1c63_2025-12-31 10:23:35,2025-12-31,2025-12-31
4b1c63,6.6169,46.4865,1767174455,990.6,50.93,FALSE,NA,4b1c63_2025-12-31 10:23:35,2025-12-31,2025-12-31
4b1c63,6.6154,46.5329,1767174635,731.52,28.37,FALSE,NA,4b1c63_2025-12-31 10:23:35,2025-12-31,2025-12-31
4b2f91,6.7946,47.0755,1767174649,1432.56,47.82,FALSE,NA,4b2f91_2025-12-31 10:50:49,2025-12-31,2025-12-31
4b2f91,6.6942,47.0173,1767174829,1981.2,57.62,FALSE,NA,4b2f91_2025-12-31 10:50:49,2025-12-31,2025-12-31
4b2f91,6.5717,46.9496,1767175009,1958.34,69.64,FALSE,NA,4b2f91_2025-12-31 10:50:49,2025-12-31,2025-12-31
4b2f91,6.5007,46.8528,1767175189,1866.9,68.27,FALSE,NA,4b2f91_2025-12-31 10:50:49,2025-12-31,2025-12-31
4b2f91,6.4936,46.757,1767175369,1676.4,59.68,FALSE,NA,4b2f91_2025-12-31 10:50:49,2025-12-31,2025-12-31
4b2f91,6.4908,46.6414,1767175549,1501.14,75.11,FALSE,NA,4b2f91_2025-12-31 10:50:49,2025-12-31,2025-12-31
4b2f91,6.501,46.5214,1767175729,1150.62,77.38,FALSE,NA,4b2f91_2025-12-31 10:50:49,2025-12-31,2025-12-31
4b2f91,6.5938,46.4819,1767175909,1005.84,44.39,FALSE,NA,4b2f91_2025-12-31 10:50:49,2025-12-31,2025-12-31
4b2f91,6.6154,46.5319,1767176089,739.14,28.88,FALSE,NA,4b2f91_2025-12-31 10:50:49,2025-12-31,2025-12-31
4b3302,6.1069,46.2534,1767179248,701.04,37.95,FALSE,NA,4b3302_2025-12-31 12:07:28,2025-12-31,2025-12-31
4b3302,6.1394,46.3067,1767179428,944.88,47.63,FALSE,NA,4b3302_2025-12-31 12:07:28,2025-12-31,2025-12-31
4b3302,6.2284,46.3691,1767179608,944.88,47.51,FALSE,NA,4b3302_2025-12-31 12:07:28,2025-12-31,2025-12-31
4b3302,6.3201,46.411,1767179788,937.26,48.66,FALSE,NA,4b3302_2025-12-31 12:07:28,2025-12-31,2025-12-31
4b3302,6.413,46.4532,1767179968,937.26,49.8,FALSE,NA,4b3302_2025-12-31 12:07:28,2025-12-31,2025-12-31
4b3302,6.5236,46.4869,1767180148,944.88,53.23,FALSE,NA,4b3302_2025-12-31 12:07:28,2025-12-31,2025-12-31
4b3302,6.6158,46.5388,1767180328,739.14,45.34,FALSE,NA,4b3302_2025-12-31 12:07:28,2025-12-31,2025-12-31
4b0618,NA,NA,1767179912,525.78,3.13,FALSE,NA,4b0618_2025-12-31 12:18:32,2025-12-31,2025-12-31
4b0618,7.7393,47.1813,1767180092,NA,0,FALSE,NA,4b0618_2025-12-31 12:18:32,2025-12-31,2025-12-31
4b0618,7.7393,47.1813,1767180272,NA,0,FALSE,NA,4b0618_2025-12-31 12:18:32,2025-12-31,2025-12-31
4b0618,7.7472,47.1858,1767180452,609.6,28.29,FALSE,NA,4b0618_2025-12-31 12:18:32,2025-12-31,2025-12-31
4b0618,7.7816,47.1622,1767180632,1303.02,50.29,FALSE,NA,4b0618_2025-12-31 12:18:32,2025-12-31,2025-12-31
4b0618,7.7741,47.0847,1767180812,1844.04,51.51,FALSE,NA,4b0618_2025-12-31 12:18:32,2025-12-31,2025-12-31
4b0618,7.7737,47.0051,1767180992,2286,52.51,FALSE,NA,4b0618_2025-12-31 12:18:32,2025-12-31,2025-12-31
4b0618,7.7664,46.9196,1767181172,2529.84,57.92,FALSE,NA,4b0618_2025-12-31 12:18:32,2025-12-31,2025-12-31
4b0618,7.7312,46.832,1767181352,2552.7,55.9,FALSE,NA,4b0618_2025-12-31 12:18:32,2025-12-31,2025-12-31
4b0618,7.6535,46.7599,1767181532,2567.94,60.52,FALSE,NA,4b0618_2025-12-31 12:18:32,2025-12-31,2025-12-31
4b0618,7.5377,46.7058,1767181712,2484.12,57.65,FALSE,NA,4b0618_2025-12-31 12:18:32,2025-12-31,2025-12-31
4b0618,7.4252,46.6568,1767181892,2484.12,56.94,FALSE,NA,4b0618_2025-12-31 12:18:32,2025-12-31,2025-12-31
4b0618,7.3338,46.5909,1767182072,2567.94,56.39,FALSE,NA,4b0618_2025-12-31 12:18:32,2025-12-31,2025-12-31
4b0618,7.2204,46.5337,1767182252,2560.32,61.26,FALSE,NA,4b0618_2025-12-31 12:18:32,2025-12-31,2025-12-31
4b0618,7.1147,46.4705,1767182432,2522.22,58.36,FALSE,NA,4b0618_2025-12-31 12:18:32,2025-12-31,2025-12-31
4b0618,7.0499,46.3858,1767182612,2346.96,59.99,FALSE,NA,4b0618_2025-12-31 12:18:32,2025-12-31,2025-12-31
4b0618,6.9644,46.318,1767182792,1866.9,64.01,FALSE,NA,4b0618_2025-12-31 12:18:32,2025-12-31,2025-12-31
4b0618,6.9097,46.3883,1767182972,1363.98,56.82,FALSE,NA,4b0618_2025-12-31 12:18:32,2025-12-31,2025-12-31
4b0618,6.8137,46.4375,1767183152,998.22,50.73,FALSE,NA,4b0618_2025-12-31 12:18:32,2025-12-31,2025-12-31
4b0618,6.6895,46.4642,1767183332,1104.9,56.53,FALSE,NA,4b0618_2025-12-31 12:18:32,2025-12-31,2025-12-31
4b0618,6.6124,46.5048,1767183512,944.88,36.19,FALSE,NA,4b0618_2025-12-31 12:18:32,2025-12-31,2025-12-31
4b0618,6.6172,46.5463,1767183692,662.94,5.17,FALSE,NA,4b0618_2025-12-31 12:18:32,2025-12-31,2025-12-31
4b28b1,NA,NA,1767181714,NA,32.93,FALSE,NA,4b28b1_2025-12-31 12:48:34,2025-12-31,2025-12-31
4b28b1,5.4819,47.0165,1767181894,1234.44,45.33,FALSE,NA,4b28b1_2025-12-31 12:48:34,2025-12-31,2025-12-31
4b28b1,5.5333,46.9477,1767182074,1973.58,49.7,FALSE,NA,4b28b1_2025-12-31 12:48:34,2025-12-31,2025-12-31
4b28b1,5.5889,46.8733,1767182254,2567.94,55.22,FALSE,NA,4b28b1_2025-12-31 12:48:34,2025-12-31,2025-12-31
4b28b1,5.6545,46.7878,1767182434,2781.3,65.11,FALSE,NA,4b28b1_2025-12-31 12:48:34,2025-12-31,2025-12-31
4b28b1,5.7674,46.7319,1767182614,2773.68,60.81,FALSE,NA,4b28b1_2025-12-31 12:48:34,2025-12-31,2025-12-31
4b28b1,5.8884,46.6857,1767182794,2781.3,61.07,FALSE,NA,4b28b1_2025-12-31 12:48:34,2025-12-31,2025-12-31
4b28b1,6.0134,46.639,1767182974,2697.48,58.77,FALSE,NA,4b28b1_2025-12-31 12:48:34,2025-12-31,2025-12-31
4b28b1,6.1427,46.6074,1767183154,2476.5,56.62,FALSE,NA,4b28b1_2025-12-31 12:48:34,2025-12-31,2025-12-31
4b28b1,6.2664,46.578,1767183334,2362.2,61.5,FALSE,NA,4b28b1_2025-12-31 12:48:34,2025-12-31,2025-12-31
4b28b1,6.4057,46.5448,1767183514,1737.36,58.24,FALSE,NA,4b28b1_2025-12-31 12:48:34,2025-12-31,2025-12-31
4b28b1,6.5334,46.5142,1767183694,1089.66,54.68,FALSE,NA,4b28b1_2025-12-31 12:48:34,2025-12-31,2025-12-31
4b28b1,6.614,46.5201,1767183874,906.78,33.96,FALSE,NA,4b28b1_2025-12-31 12:48:34,2025-12-31,2025-12-31
4b28b1,6.6163,46.5416,1767186527,NA,NA,FALSE,NA,4b28b1_2025-12-31 14:08:47,2025-12-31,2025-12-31
4b28b1,6.6511,46.595,1767186707,1287.78,49.8,FALSE,NA,4b28b1_2025-12-31 14:08:47,2025-12-31,2025-12-31
4b28b1,6.7602,46.5926,1767186887,1531.62,46.33,FALSE,NA,4b28b1_2025-12-31 14:08:47,2025-12-31,2025-12-31
4b28b1,6.8629,46.5803,1767187067,1752.6,49.59,FALSE,NA,4b28b1_2025-12-31 14:08:47,2025-12-31,2025-12-31
4b28b1,6.956,46.5927,1767187247,1905,62.02,FALSE,NA,4b28b1_2025-12-31 14:08:47,2025-12-31,2025-12-31
4b28b1,6.9331,46.5035,1767187427,2301.24,57.14,FALSE,NA,4b28b1_2025-12-31 14:08:47,2025-12-31,2025-12-31
4b28b1,6.9451,46.4092,1767187607,2659.38,61.77,FALSE,NA,4b28b1_2025-12-31 14:08:47,2025-12-31,2025-12-31
4b28b1,7.0086,46.3731,1767187787,2743.2,58.93,FALSE,NA,4b28b1_2025-12-31 14:08:47,2025-12-31,2025-12-31
4b28b1,7.0622,46.3144,1767187967,2849.88,54.15,FALSE,NA,4b28b1_2025-12-31 14:08:47,2025-12-31,2025-12-31
4b28b1,7.067,46.3888,1767188147,2712.72,60.68,FALSE,NA,4b28b1_2025-12-31 14:08:47,2025-12-31,2025-12-31
4b28b1,7.0093,46.4698,1767188327,2438.4,56.45,FALSE,NA,4b28b1_2025-12-31 14:08:47,2025-12-31,2025-12-31
4b28b1,7.0604,46.5498,1767188507,2423.16,52.65,FALSE,NA,4b28b1_2025-12-31 14:08:47,2025-12-31,2025-12-31
4b28b1,7.0635,46.6114,1767188687,2369.82,64.62,FALSE,NA,4b28b1_2025-12-31 14:08:47,2025-12-31,2025-12-31
4b28b1,6.9147,46.5679,1767188867,1844.04,69.49,FALSE,NA,4b28b1_2025-12-31 14:08:47,2025-12-31,2025-12-31
4b28b1,6.7762,46.5081,1767189047,1394.46,68.22,FALSE,NA,4b28b1_2025-12-31 14:08:47,2025-12-31,2025-12-31
4b28b1,6.6449,46.4919,1767189227,1059.18,45.84,FALSE,NA,4b28b1_2025-12-31 14:08:47,2025-12-31,2025-12-31
4b28b1,6.6154,46.5328,1767189407,739.14,32.04,FALSE,NA,4b28b1_2025-12-31 14:08:47,2025-12-31,2025-12-31
4b1bdd,6.6167,46.5455,1767187041,NA,NA,FALSE,NA,4b1bdd_2025-12-31 14:17:21,2025-12-31,2025-12-31
4b1bdd,6.6035,46.5235,1767187221,883.92,33.44,FALSE,NA,4b1bdd_2025-12-31 14:17:21,2025-12-31,2025-12-31
4b1bdd,6.5897,46.5608,1767187401,937.26,49.26,FALSE,NA,4b1bdd_2025-12-31 14:17:21,2025-12-31,2025-12-31
4b1bdd,6.6158,46.5358,1767187581,701.04,29.88,FALSE,NA,4b1bdd_2025-12-31 14:17:21,2025-12-31,2025-12-31
4b1bdd,6.6194,46.5904,1767187761,1219.2,39.1,FALSE,NA,4b1bdd_2025-12-31 14:17:21,2025-12-31,2025-12-31
4b1bdd,6.6966,46.5808,1767187941,1516.38,56.1,FALSE,NA,4b1bdd_2025-12-31 14:17:21,2025-12-31,2025-12-31
4b1bdd,6.7658,46.4972,1767188121,1615.44,62.5,FALSE,NA,4b1bdd_2025-12-31 14:17:21,2025-12-31,2025-12-31
4b1bdd,6.7621,46.4658,1767188301,1287.78,64.28,FALSE,NA,4b1bdd_2025-12-31 14:17:21,2025-12-31,2025-12-31
4b1bdd,6.6189,46.4846,1767188481,1028.7,60.19,FALSE,NA,4b1bdd_2025-12-31 14:17:21,2025-12-31,2025-12-31
4b1af2,6.6166,46.5443,1767188013,NA,NA,FALSE,NA,4b1af2_2025-12-31 14:33:33,2025-12-31,2025-12-31
4b1af2,6.6185,46.603,1767188193,1424.94,34.05,FALSE,NA,4b1af2_2025-12-31 14:33:33,2025-12-31,2025-12-31
4b1af2,6.7054,46.597,1767188373,1958.34,48.43,FALSE,NA,4b1af2_2025-12-31 14:33:33,2025-12-31,2025-12-31
4b1af2,6.8244,46.5913,1767188553,2103.12,50.93,FALSE,NA,4b1af2_2025-12-31 14:33:33,2025-12-31,2025-12-31
4b1af2,6.9456,46.5791,1767188733,2240.28,53.65,FALSE,NA,4b1af2_2025-12-31 14:33:33,2025-12-31,2025-12-31
4b1af2,7.044,46.5318,1767188913,2354.58,59.46,FALSE,NA,4b1af2_2025-12-31 14:33:33,2025-12-31,2025-12-31
4b1af2,7.0676,46.4443,1767189093,2423.16,59.04,FALSE,NA,4b1af2_2025-12-31 14:33:33,2025-12-31,2025-12-31
4b1af2,7.1666,46.4013,1767189273,2903.22,46.07,FALSE,NA,4b1af2_2025-12-31 14:33:33,2025-12-31,2025-12-31
4b1af2,7.2368,46.3333,1767189453,3208.02,62.38,FALSE,NA,4b1af2_2025-12-31 14:33:33,2025-12-31,2025-12-31
4b1af2,7.1952,46.248,1767189633,3192.78,66.46,FALSE,NA,4b1af2_2025-12-31 14:33:33,2025-12-31,2025-12-31
4b1af2,7.0819,46.1806,1767189813,3192.78,61.77,FALSE,NA,4b1af2_2025-12-31 14:33:33,2025-12-31,2025-12-31
4b1af2,6.9622,46.131,1767189993,3329.94,51.22,FALSE,NA,4b1af2_2025-12-31 14:33:33,2025-12-31,2025-12-31
4b1af2,6.9089,46.1671,1767190173,3200.4,51.8,FALSE,NA,4b1af2_2025-12-31 14:33:33,2025-12-31,2025-12-31
4b1af2,6.9391,46.1254,1767190353,3223.26,61.66,FALSE,NA,4b1af2_2025-12-31 14:33:33,2025-12-31,2025-12-31
4b1af2,6.9127,46.1644,1767190533,3162.3,46.21,FALSE,NA,4b1af2_2025-12-31 14:33:33,2025-12-31,2025-12-31
4b1af2,6.8537,46.1762,1767190713,2895.6,67.39,FALSE,NA,4b1af2_2025-12-31 14:33:33,2025-12-31,2025-12-31
4b1af2,6.8333,46.243,1767190893,2514.6,57.49,FALSE,NA,4b1af2_2025-12-31 14:33:33,2025-12-31,2025-12-31
4b1af2,6.8911,46.3095,1767191073,1920.24,57.53,FALSE,NA,4b1af2_2025-12-31 14:33:33,2025-12-31,2025-12-31
4b1af2,6.8722,46.3528,1767191253,1737.36,56.92,FALSE,NA,4b1af2_2025-12-31 14:33:33,2025-12-31,2025-12-31
4b1af2,6.9315,46.3233,1767191433,1051.56,53.65,FALSE,NA,4b1af2_2025-12-31 14:33:33,2025-12-31,2025-12-31
4b1af2,6.9154,46.3803,1767191613,1150.62,57.25,FALSE,NA,4b1af2_2025-12-31 14:33:33,2025-12-31,2025-12-31
4b1af2,6.8076,46.4618,1767191793,1188.72,59.13,FALSE,NA,4b1af2_2025-12-31 14:33:33,2025-12-31,2025-12-31
4b1af2,6.6753,46.4783,1767191973,1104.9,52.72,FALSE,NA,4b1af2_2025-12-31 14:33:33,2025-12-31,2025-12-31
4b1af2,6.6149,46.5271,1767192153,792.48,36.62,FALSE,NA,4b1af2_2025-12-31 14:33:33,2025-12-31,2025-12-31
4b1af2,6.5872,46.53,1767192333,883.92,53.03,FALSE,NA,4b1af2_2025-12-31 14:33:33,2025-12-31,2025-12-31
4b1af2,6.593,46.555,1767192513,883.92,50.94,FALSE,NA,4b1af2_2025-12-31 14:33:33,2025-12-31,2025-12-31
4b25ea,NA,NA,1767190530,NA,34.2,FALSE,NA,4b25ea_2025-12-31 15:15:30,2025-12-31,2025-12-31
4b25ea,7.0494,46.7755,1767190710,1013.46,50.75,FALSE,NA,4b25ea_2025-12-31 15:15:30,2025-12-31,2025-12-31
4b25ea,7.093,46.7542,1767190890,876.3,36.04,FALSE,NA,4b25ea_2025-12-31 15:15:30,2025-12-31,2025-12-31
4b25ea,7.0337,46.7685,1767191070,1135.38,57.53,FALSE,NA,4b25ea_2025-12-31 15:15:30,2025-12-31,2025-12-31
4b25ea,6.9283,46.7036,1767191250,1226.82,62.64,FALSE,NA,4b25ea_2025-12-31 15:15:30,2025-12-31,2025-12-31
4b25ea,6.8227,46.6403,1767191430,1234.44,60.05,FALSE,NA,4b25ea_2025-12-31 15:15:30,2025-12-31,2025-12-31
4b25ea,6.7327,46.5629,1767191610,1203.96,62.66,FALSE,NA,4b25ea_2025-12-31 15:15:30,2025-12-31,2025-12-31
4b25ea,6.6781,46.5415,1767191790,1120.14,55.54,FALSE,NA,4b25ea_2025-12-31 15:15:30,2025-12-31,2025-12-31
4b25ea,6.589,46.5265,1767191970,830.58,36.49,FALSE,NA,4b25ea_2025-12-31 15:15:30,2025-12-31,2025-12-31
4b3305,NA,NA,1767202541,NA,58.08,FALSE,NA,4b3305_2025-12-31 18:35:41,2025-12-31,2025-12-31
4b3305,6.9165,46.3096,1767202721,1341.12,64.89,FALSE,NA,4b3305_2025-12-31 18:35:41,2025-12-31,2025-12-31
4b3305,6.8273,46.3964,1767202901,1226.82,65.12,FALSE,NA,4b3305_2025-12-31 18:35:41,2025-12-31,2025-12-31
4b3305,6.7161,46.4726,1767203081,1051.56,67.66,FALSE,NA,4b3305_2025-12-31 18:35:41,2025-12-31,2025-12-31
4b3305,6.6409,46.5244,1767203261,NA,0,FALSE,NA,4b3305_2025-12-31 18:35:41,2025-12-31,2025-12-31
4b3305,6.6409,46.5244,1767203441,NA,0,FALSE,NA,4b3305_2025-12-31 18:35:41,2025-12-31,2025-12-31
4b3305,6.6363,46.5333,1767203621,883.92,46.37,FALSE,NA,4b3305_2025-12-31 18:35:41,2025-12-31,2025-12-31
4b3305,7.2381,46.3591,1767234873,2750.82,64.39,FALSE,NA,4b3305_2026-01-01 03:34:33,2026-01-01,2026-01-01
4b3305,7.0898,46.3871,1767235053,2606.04,66.9,FALSE,NA,4b3305_2026-01-01 03:34:33,2026-01-01,2026-01-01
4b3305,6.9398,46.4319,1767235233,2004.06,71.4,FALSE,NA,4b3305_2026-01-01 03:34:33,2026-01-01,2026-01-01
4b3305,6.7909,46.4733,1767235413,914.4,65.4,FALSE,NA,4b3305_2026-01-01 03:34:33,2026-01-01,2026-01-01
4b3305,6.6541,46.5152,1767235593,769.62,54.65,FALSE,NA,4b3305_2026-01-01 03:34:33,2026-01-01,2026-01-01
4b3e2d,7.1273,46.3039,1767239151,2636.52,66.06,FALSE,NA,4b3e2d_2026-01-01 04:45:51,2026-01-01,2026-01-01
4b3e2d,6.9768,46.3368,1767239331,1950.72,68.4,FALSE,NA,4b3e2d_2026-01-01 04:45:51,2026-01-01,2026-01-01
4b3e2d,6.893,46.41,1767239511,1173.48,70.35,FALSE,NA,4b3e2d_2026-01-01 04:45:51,2026-01-01,2026-01-01
4b3e2d,6.747,46.4789,1767239691,883.92,61.9,FALSE,NA,4b3e2d_2026-01-01 04:45:51,2026-01-01,2026-01-01
4b3e2d,6.6397,46.5285,1767239871,716.28,19.87,FALSE,NA,4b3e2d_2026-01-01 04:45:51,2026-01-01,2026-01-01
4b3e2d,6.641,46.5246,1767240051,640.08,0,FALSE,NA,4b3e2d_2026-01-01 04:45:51,2026-01-01,2026-01-01
4b3e2d,6.6341,46.5436,1767240231,876.3,31.68,FALSE,NA,4b3e2d_2026-01-01 04:45:51,2026-01-01,2026-01-01
4b3e2d,6.6185,46.5467,1767240411,670.56,0,FALSE,NA,4b3e2d_2026-01-01 04:45:51,2026-01-01,2026-01-01
4b3e2c,7.1472,46.2994,1767239514,2636.52,63.44,FALSE,NA,4b3e2c_2026-01-01 04:51:54,2026-01-01,2026-01-01
4b3e2c,7.0172,46.3559,1767239694,2316.48,61.51,FALSE,NA,4b3e2c_2026-01-01 04:51:54,2026-01-01,2026-01-01
4b3e2c,6.9281,46.4196,1767239874,1562.1,67.64,FALSE,NA,4b3e2c_2026-01-01 04:51:54,2026-01-01,2026-01-01
4b3e2c,6.7928,46.4785,1767240054,952.5,60.28,FALSE,NA,4b3e2c_2026-01-01 04:51:54,2026-01-01,2026-01-01
4b3e2c,6.6664,46.5218,1767240234,815.34,50.82,FALSE,NA,4b3e2c_2026-01-01 04:51:54,2026-01-01,2026-01-01
4b3d0a,NA,NA,1767244386,NA,66.4,FALSE,NA,4b3d0a_2026-01-01 06:13:06,2026-01-01,2026-01-01
4b3d0a,7.0111,46.3556,1767244566,2141.22,72.78,FALSE,NA,4b3d0a_2026-01-01 06:13:06,2026-01-01,2026-01-01
4b3d0a,6.9355,46.394,1767244746,1691.64,72.59,FALSE,NA,4b3d0a_2026-01-01 06:13:06,2026-01-01,2026-01-01
4b3d0a,6.7528,46.4827,1767244926,883.92,65.73,FALSE,NA,4b3d0a_2026-01-01 06:13:06,2026-01-01,2026-01-01
4b3d0a,6.6386,46.5231,1767245106,670.56,20.99,FALSE,NA,4b3d0a_2026-01-01 06:13:06,2026-01-01,2026-01-01
4b3303,NA,NA,1767247624,NA,27.65,FALSE,NA,4b3303_2026-01-01 07:07:04,2026-01-01,2026-01-01
4b3303,6.2451,46.2545,1767247804,815.34,62.67,FALSE,NA,4b3303_2026-01-01 07:07:04,2026-01-01,2026-01-01
4b3303,6.3482,46.33,1767247984,777.24,62.93,FALSE,NA,4b3303_2026-01-01 07:07:04,2026-01-01,2026-01-01
4b3303,6.4418,46.409,1767248164,739.14,63.06,FALSE,NA,4b3303_2026-01-01 07:07:04,2026-01-01,2026-01-01
4b3303,6.544,46.4843,1767248344,739.14,64.03,FALSE,NA,4b3303_2026-01-01 07:07:04,2026-01-01,2026-01-01
4b3e2d,NA,NA,1767249454,NA,64.88,FALSE,NA,4b3e2d_2026-01-01 07:37:34,2026-01-01,2026-01-01
4b3e2d,6.9252,46.3772,1767249634,1600.2,77.52,FALSE,NA,4b3e2d_2026-01-01 07:37:34,2026-01-01,2026-01-01
4b3e2d,6.7996,46.4538,1767249814,830.58,69.43,FALSE,NA,4b3e2d_2026-01-01 07:37:34,2026-01-01,2026-01-01
4b3e2d,6.6795,46.5137,1767249994,769.62,55.14,FALSE,NA,4b3e2d_2026-01-01 07:37:34,2026-01-01,2026-01-01
4b3303,8.5714,47.3516,1767294371,NA,NA,FALSE,NA,4b3303_2026-01-01 20:06:11,2026-01-01,2026-01-01
4b3303,8.5131,47.3323,1767294551,876.3,46.68,FALSE,NA,4b3303_2026-01-01 20:06:11,2026-01-01,2026-01-01
4b3303,8.4156,47.2929,1767294731,975.36,53.03,FALSE,NA,4b3303_2026-01-01 20:06:11,2026-01-01,2026-01-01
4b3303,8.314,47.2521,1767294911,1082.04,42.44,FALSE,NA,4b3303_2026-01-01 20:06:11,2026-01-01,2026-01-01
4b3303,8.2152,47.212,1767295091,1082.04,48,FALSE,NA,4b3303_2026-01-01 20:06:11,2026-01-01,2026-01-01
4b3303,8.1187,47.1718,1767295271,1082.04,45.7,FALSE,NA,4b3303_2026-01-01 20:06:11,2026-01-01,2026-01-01
4b3303,8.0228,47.1321,1767295451,1082.04,46.85,FALSE,NA,4b3303_2026-01-01 20:06:11,2026-01-01,2026-01-01
4b3303,7.9321,47.0944,1767295631,1097.28,42.97,FALSE,NA,4b3303_2026-01-01 20:06:11,2026-01-01,2026-01-01
4b3303,7.8429,47.0571,1767295811,1165.86,42.97,FALSE,NA,4b3303_2026-01-01 20:06:11,2026-01-01,2026-01-01
4b3303,7.7492,47.0177,1767295991,1173.48,48.26,FALSE,NA,4b3303_2026-01-01 20:06:11,2026-01-01,2026-01-01
4b3303,7.6618,46.9757,1767296171,1165.86,40.34,FALSE,NA,4b3303_2026-01-01 20:06:11,2026-01-01,2026-01-01
4b3303,7.5777,46.9249,1767296351,937.26,56.44,FALSE,NA,4b3303_2026-01-01 20:06:11,2026-01-01,2026-01-01
4b3303,7.5046,46.9094,1767296531,563.88,0,FALSE,NA,4b3303_2026-01-01 20:06:11,2026-01-01,2026-01-01
4b3303,7.5045,46.9094,1767296711,NA,0,FALSE,NA,4b3303_2026-01-01 20:06:11,2026-01-01,2026-01-01
4b3303,7.5045,46.9094,1767296891,NA,0,FALSE,NA,4b3303_2026-01-01 20:06:11,2026-01-01,2026-01-01
4b3303,7.4654,46.8947,1767297071,1143,36.38,FALSE,NA,4b3303_2026-01-01 20:06:11,2026-01-01,2026-01-01
4b3303,7.3829,46.8614,1767297251,1264.92,44.73,FALSE,NA,4b3303_2026-01-01 20:06:11,2026-01-01,2026-01-01
4b3303,7.3014,46.8283,1767297431,1257.3,39,FALSE,NA,4b3303_2026-01-01 20:06:11,2026-01-01,2026-01-01
4b3303,7.2189,46.7945,1767297611,1264.92,40.14,FALSE,NA,4b3303_2026-01-01 20:06:11,2026-01-01,2026-01-01
4b3303,7.1318,46.7588,1767297791,1264.92,42.18,FALSE,NA,4b3303_2026-01-01 20:06:11,2026-01-01,2026-01-01
4b3303,7.0468,46.7239,1767297971,1264.92,40.14,FALSE,NA,4b3303_2026-01-01 20:06:11,2026-01-01,2026-01-01
4b3303,6.9676,46.6911,1767298151,1264.92,43.14,FALSE,NA,4b3303_2026-01-01 20:06:11,2026-01-01,2026-01-01
4b3303,6.8829,46.6561,1767298331,1264.92,39.44,FALSE,NA,4b3303_2026-01-01 20:06:11,2026-01-01,2026-01-01
4b3303,6.7997,46.6216,1767298511,1264.92,44.56,FALSE,NA,4b3303_2026-01-01 20:06:11,2026-01-01,2026-01-01
4b3303,6.7139,46.5872,1767298691,1242.06,43.95,FALSE,NA,4b3303_2026-01-01 20:06:11,2026-01-01,2026-01-01
4b3303,6.6187,46.5549,1767298871,830.58,40.07,FALSE,NA,4b3303_2026-01-01 20:06:11,2026-01-01,2026-01-01
