ICAO24,longitude,latitude,requested_time,geo_altitude,velocity,special_purpose_indicator,origin_country,id,arrival_date,departure_date
4627c1,6.6171,46.5489,1764230453,NA,45.34,FALSE,NA,4627c1_2025-11-27 09:00:53,2025-11-27,2025-11-27
4627c1,6.5016,46.631,1764230633,2133.6,85.05,FALSE,NA,4627c1_2025-11-27 09:00:53,2025-11-27,2025-11-27
4627c1,6.3131,46.7188,1764230813,3482.34,103.73,FALSE,NA,4627c1_2025-11-27 09:00:53,2025-11-27,2025-11-27
4627c1,6.1124,46.8116,1764230993,4823.46,102.3,FALSE,NA,4627c1_2025-11-27 09:00:53,2025-11-27,2025-11-27
4627c1,5.9316,46.9327,1764231173,5547.36,125.14,FALSE,NA,4627c1_2025-11-27 09:00:53,2025-11-27,2025-11-27
4627c1,5.7179,47.0809,1764231353,5554.98,129.87,FALSE,NA,4627c1_2025-11-27 09:00:53,2025-11-27,2025-11-27
4627c1,5.5004,47.2302,1764231533,5562.6,129.5,FALSE,NA,4627c1_2025-11-27 09:00:53,2025-11-27,2025-11-27
4627c1,5.284,47.3775,1764231713,5562.6,127.32,FALSE,NA,4627c1_2025-11-27 09:00:53,2025-11-27,2025-11-27
4627c1,5.0707,47.5217,1764231893,5570.22,126.59,FALSE,NA,4627c1_2025-11-27 09:00:53,2025-11-27,2025-11-27
4627c1,4.8578,47.664,1764232073,5577.84,124.05,FALSE,NA,4627c1_2025-11-27 09:00:53,2025-11-27,2025-11-27
4627c1,4.6444,47.8052,1764232253,5585.46,125.5,FALSE,NA,4627c1_2025-11-27 09:00:53,2025-11-27,2025-11-27
4627c1,4.4264,47.9484,1764232433,5585.46,127.33,FALSE,NA,4627c1_2025-11-27 09:00:53,2025-11-27,2025-11-27
4627c1,4.1916,48.1012,1764232613,4770.12,140.07,FALSE,NA,4627c1_2025-11-27 09:00:53,2025-11-27,2025-11-27
4627c1,3.9473,48.2589,1764232793,4046.22,136.08,FALSE,NA,4627c1_2025-11-27 09:00:53,2025-11-27,2025-11-27
4627c1,3.7229,48.4021,1764232973,3314.7,129.52,FALSE,NA,4627c1_2025-11-27 09:00:53,2025-11-27,2025-11-27
4627c1,3.4957,48.5462,1764233153,2407.92,127.71,FALSE,NA,4627c1_2025-11-27 09:00:53,2025-11-27,2025-11-27
4627c1,3.3425,48.6922,1764233333,2225.04,118.01,FALSE,NA,4627c1_2025-11-27 09:00:53,2025-11-27,2025-11-27
4627c1,3.1963,48.869,1764233513,1508.76,121.72,FALSE,NA,4627c1_2025-11-27 09:00:53,2025-11-27,2025-11-27
4627c1,2.9683,48.9999,1764233693,960.12,107.18,FALSE,NA,4627c1_2025-11-27 09:00:53,2025-11-27,2025-11-27
4627c1,2.7031,48.9789,1764233873,647.7,104.84,FALSE,NA,4627c1_2025-11-27 09:00:53,2025-11-27,2025-11-27
46097d,6.6167,46.5474,1764233890,693.42,45.27,FALSE,NA,46097d_2025-11-27 09:58:10,2025-11-27,2025-11-27
46097d,6.533,46.631,1764234070,1988.82,92.03,FALSE,NA,46097d_2025-11-27 09:58:10,2025-11-27,2025-11-27
46097d,6.3244,46.6284,1764234250,3726.18,106.47,FALSE,NA,46097d_2025-11-27 09:58:10,2025-11-27,2025-11-27
46097d,6.055,46.715,1764234430,3688.08,138.06,FALSE,NA,46097d_2025-11-27 09:58:10,2025-11-27,2025-11-27
46097d,5.7697,46.8167,1764234610,2537.46,117.8,FALSE,NA,46097d_2025-11-27 09:58:10,2025-11-27,2025-11-27
46097d,5.5477,46.8948,1764234790,2019.3,102.39,FALSE,NA,46097d_2025-11-27 09:58:10,2025-11-27,2025-11-27
46097d,5.3537,46.8933,1764234970,1242.06,85.65,FALSE,NA,46097d_2025-11-27 09:58:10,2025-11-27,2025-11-27
46097d,5.1938,46.8787,1764235150,1242.06,77.39,FALSE,NA,46097d_2025-11-27 09:58:10,2025-11-27,2025-11-27
46097d,5.2682,46.9607,1764235330,914.4,71.52,FALSE,NA,46097d_2025-11-27 09:58:10,2025-11-27,2025-11-27
46097d,5.4036,47.0275,1764235510,464.82,63.81,FALSE,NA,46097d_2025-11-27 09:58:10,2025-11-27,2025-11-27
46097d,5.3424,46.9875,1764235690,944.88,82.49,FALSE,NA,46097d_2025-11-27 09:58:10,2025-11-27,2025-11-27
46097d,5.2684,46.9553,1764235870,944.88,75.05,FALSE,NA,46097d_2025-11-27 09:58:10,2025-11-27,2025-11-27
46097d,5.2794,46.9333,1764236050,944.88,83.86,FALSE,NA,46097d_2025-11-27 09:58:10,2025-11-27,2025-11-27
46097d,5.2999,46.9763,1764236230,830.58,54.24,FALSE,NA,46097d_2025-11-27 09:58:10,2025-11-27,2025-11-27
46097d,5.4027,47.0268,1764236410,320.04,54.54,FALSE,NA,46097d_2025-11-27 09:58:10,2025-11-27,2025-11-27
4b25ea,6.6166,46.5445,1764236484,670.56,29.91,FALSE,NA,4b25ea_2025-11-27 10:41:24,2025-11-27,2025-11-27
4b25ea,6.6156,46.6015,1764236664,1303.02,35.08,FALSE,NA,4b25ea_2025-11-27 10:41:24,2025-11-27,2025-11-27
4b25ea,6.7086,46.6007,1764236844,1432.56,49.94,FALSE,NA,4b25ea_2025-11-27 10:41:24,2025-11-27,2025-11-27
4b25ea,6.8178,46.6067,1764237024,1402.08,53.51,FALSE,NA,4b25ea_2025-11-27 10:41:24,2025-11-27,2025-11-27
4b25ea,6.9117,46.5853,1764237204,1584.96,42.79,FALSE,NA,4b25ea_2025-11-27 10:41:24,2025-11-27,2025-11-27
4b25ea,7.0113,46.5714,1764237384,1821.18,44.03,FALSE,NA,4b25ea_2025-11-27 10:41:24,2025-11-27,2025-11-27
4b25ea,6.9651,46.614,1764237564,1737.36,70.39,FALSE,NA,4b25ea_2025-11-27 10:41:24,2025-11-27,2025-11-27
4b25ea,6.836,46.545,1764237744,1394.46,69.66,FALSE,NA,4b25ea_2025-11-27 10:41:24,2025-11-27,2025-11-27
4b25ea,6.71,46.4867,1764237924,1120.14,68.42,FALSE,NA,4b25ea_2025-11-27 10:41:24,2025-11-27,2025-11-27
4b25ea,6.6148,46.5261,1764238104,800.1,41.18,FALSE,NA,4b25ea_2025-11-27 10:41:24,2025-11-27,2025-11-27
4b1bdd,6.6169,46.5487,1764241159,708.66,36.58,FALSE,NA,4b1bdd_2025-11-27 11:59:19,2025-11-27,2025-11-27
4b1bdd,6.6132,46.5243,1764241339,861.06,30.11,FALSE,NA,4b1bdd_2025-11-27 11:59:19,2025-11-27,2025-11-27
4b1bdd,6.6169,46.5415,1764241519,NA,29.4,FALSE,NA,4b1bdd_2025-11-27 11:59:19,2025-11-27,2025-11-27
4b1bdd,6.6167,46.5458,1764241699,NA,29.4,FALSE,NA,4b1bdd_2025-11-27 11:59:19,2025-11-27,2025-11-27
4b1bdd,6.5906,46.5132,1764241879,1417.32,51.62,FALSE,NA,4b1bdd_2025-11-27 11:59:19,2025-11-27,2025-11-27
4b1bdd,6.7138,46.4751,1764242059,1417.32,57.89,FALSE,NA,4b1bdd_2025-11-27 11:59:19,2025-11-27,2025-11-27
4b1bdd,6.8318,46.4371,1764242239,1402.08,55.93,FALSE,NA,4b1bdd_2025-11-27 11:59:19,2025-11-27,2025-11-27
4b1bdd,6.8964,46.4039,1764242419,1417.32,64.37,FALSE,NA,4b1bdd_2025-11-27 11:59:19,2025-11-27,2025-11-27
4b1bdd,6.7721,46.481,1764242599,1409.7,67.08,FALSE,NA,4b1bdd_2025-11-27 11:59:19,2025-11-27,2025-11-27
4b1bdd,6.645,46.5371,1764242779,1097.28,65.21,FALSE,NA,4b1bdd_2025-11-27 11:59:19,2025-11-27,2025-11-27
4b1bdd,6.6141,46.5241,1764242959,853.44,36.41,FALSE,NA,4b1bdd_2025-11-27 11:59:19,2025-11-27,2025-11-27
4b1af2,6.6167,46.5453,1764241611,670.56,34.02,FALSE,NA,4b1af2_2025-11-27 12:06:51,2025-11-27,2025-11-27
4b1af2,6.5387,46.5968,1764241791,975.36,54.19,FALSE,NA,4b1af2_2025-11-27 12:06:51,2025-11-27,2025-11-27
4b1af2,6.5056,46.6219,1764241971,1021.08,51.57,FALSE,NA,4b1af2_2025-11-27 12:06:51,2025-11-27,2025-11-27
4b1af2,6.4443,46.5383,1764242151,998.22,65.39,FALSE,NA,4b1af2_2025-11-27 12:06:51,2025-11-27,2025-11-27
4b1af2,6.3522,46.4787,1764242331,952.5,60.87,FALSE,NA,4b1af2_2025-11-27 12:06:51,2025-11-27,2025-11-27
4b1af2,6.428,46.4746,1764242511,1059.18,50.77,FALSE,NA,4b1af2_2025-11-27 12:06:51,2025-11-27,2025-11-27
4b1af2,6.5449,46.4955,1764242691,1158.24,58.68,FALSE,NA,4b1af2_2025-11-27 12:06:51,2025-11-27,2025-11-27
4b1af2,6.6164,46.5433,1764242871,662.94,22.15,FALSE,NA,4b1af2_2025-11-27 12:06:51,2025-11-27,2025-11-27
4b25ea,6.6164,46.5425,1764241901,NA,NA,FALSE,NA,4b25ea_2025-11-27 12:11:41,2025-11-27,2025-11-27
4b25ea,6.6087,46.6057,1764242081,1158.24,37.68,FALSE,NA,4b25ea_2025-11-27 12:11:41,2025-11-27,2025-11-27
4b25ea,6.6736,46.638,1764242261,1699.26,44.95,FALSE,NA,4b25ea_2025-11-27 12:11:41,2025-11-27,2025-11-27
4b25ea,6.7822,46.6304,1764242441,1729.74,45.41,FALSE,NA,4b25ea_2025-11-27 12:11:41,2025-11-27,2025-11-27
4b25ea,6.884,46.652,1764242621,1729.74,45,FALSE,NA,4b25ea_2025-11-27 12:11:41,2025-11-27,2025-11-27
4b25ea,6.9732,46.6929,1764242801,1752.6,46.77,FALSE,NA,4b25ea_2025-11-27 12:11:41,2025-11-27,2025-11-27
4b25ea,7.0748,46.7157,1764242981,1775.46,47.29,FALSE,NA,4b25ea_2025-11-27 12:11:41,2025-11-27,2025-11-27
4b25ea,7.1633,46.7616,1764243161,1783.08,48.88,FALSE,NA,4b25ea_2025-11-27 12:11:41,2025-11-27,2025-11-27
4b25ea,7.2224,46.8289,1764243341,1729.74,50.91,FALSE,NA,4b25ea_2025-11-27 12:11:41,2025-11-27,2025-11-27
4b25ea,7.2313,46.9124,1764243521,1752.6,55.34,FALSE,NA,4b25ea_2025-11-27 12:11:41,2025-11-27,2025-11-27
4b25ea,7.1755,46.9937,1764243701,1790.7,59.32,FALSE,NA,4b25ea_2025-11-27 12:11:41,2025-11-27,2025-11-27
4b25ea,7.0551,47.0301,1764243881,1790.7,64.47,FALSE,NA,4b25ea_2025-11-27 12:11:41,2025-11-27,2025-11-27
4b25ea,6.9166,46.9935,1764244061,1790.7,58.95,FALSE,NA,4b25ea_2025-11-27 12:11:41,2025-11-27,2025-11-27
4b25ea,6.7989,46.9393,1764244241,1836.42,61.91,FALSE,NA,4b25ea_2025-11-27 12:11:41,2025-11-27,2025-11-27
4b25ea,6.6868,46.8734,1764244421,1828.8,63.5,FALSE,NA,4b25ea_2025-11-27 12:11:41,2025-11-27,2025-11-27
4b25ea,6.5893,46.7971,1764244601,1447.8,62.87,FALSE,NA,4b25ea_2025-11-27 12:11:41,2025-11-27,2025-11-27
4b25ea,6.5527,46.7058,1764244781,1363.98,59.96,FALSE,NA,4b25ea_2025-11-27 12:11:41,2025-11-27,2025-11-27
4b25ea,6.5148,46.6112,1764244961,1150.62,57.85,FALSE,NA,4b25ea_2025-11-27 12:11:41,2025-11-27,2025-11-27
4b25ea,6.5256,46.5223,1764245141,1066.8,52.68,FALSE,NA,4b25ea_2025-11-27 12:11:41,2025-11-27,2025-11-27
4b25ea,6.6095,46.507,1764245321,982.98,40.28,FALSE,NA,4b25ea_2025-11-27 12:11:41,2025-11-27,2025-11-27
461838,6.6167,46.5453,1764244034,NA,NA,FALSE,NA,461838_2025-11-27 12:47:14,2025-11-27,2025-11-27
461838,6.549,46.6444,1764244214,2026.92,96.88,FALSE,NA,461838_2025-11-27 12:47:14,2025-11-27,2025-11-27
461838,6.3505,46.7259,1764244394,3482.34,100.89,FALSE,NA,461838_2025-11-27 12:47:14,2025-11-27,2025-11-27
461838,6.1463,46.816,1764244574,4762.5,105.31,FALSE,NA,461838_2025-11-27 12:47:14,2025-11-27,2025-11-27
461838,5.9409,46.9024,1764244754,5943.6,104.45,FALSE,NA,461838_2025-11-27 12:47:14,2025-11-27,2025-11-27
461838,5.7324,46.9944,1764244934,6888.48,106.02,FALSE,NA,461838_2025-11-27 12:47:14,2025-11-27,2025-11-27
461838,5.5152,47.0899,1764245114,7421.88,121.45,FALSE,NA,461838_2025-11-27 12:47:14,2025-11-27,2025-11-27
461838,5.2723,47.2107,1764245294,7429.5,125.65,FALSE,NA,461838_2025-11-27 12:47:14,2025-11-27,2025-11-27
461838,5.0701,47.3629,1764245474,7437.12,126.38,FALSE,NA,461838_2025-11-27 12:47:14,2025-11-27,2025-11-27
461838,4.8668,47.5148,1764245654,7444.74,127.83,FALSE,NA,461838_2025-11-27 12:47:14,2025-11-27,2025-11-27
461838,4.664,47.6653,1764245834,7452.36,125.27,FALSE,NA,461838_2025-11-27 12:47:14,2025-11-27,2025-11-27
461838,4.4615,47.8141,1764246014,7452.36,124.51,FALSE,NA,461838_2025-11-27 12:47:14,2025-11-27,2025-11-27
461838,4.2588,47.9622,1764246194,7459.98,123.79,FALSE,NA,461838_2025-11-27 12:47:14,2025-11-27,2025-11-27
461838,4.057,48.1083,1764246374,7467.6,123.41,FALSE,NA,461838_2025-11-27 12:47:14,2025-11-27,2025-11-27
461838,3.8536,48.2544,1764246554,7467.6,123.03,FALSE,NA,461838_2025-11-27 12:47:14,2025-11-27,2025-11-27
461838,3.6496,48.3995,1764246734,7467.6,122.65,FALSE,NA,461838_2025-11-27 12:47:14,2025-11-27,2025-11-27
461838,3.4449,48.546,1764246914,7475.22,125.19,FALSE,NA,461838_2025-11-27 12:47:14,2025-11-27,2025-11-27
461838,3.2391,48.6947,1764247094,7475.22,126.07,FALSE,NA,461838_2025-11-27 12:47:14,2025-11-27,2025-11-27
461838,3.0305,48.8479,1764247274,7475.22,127.53,FALSE,NA,461838_2025-11-27 12:47:14,2025-11-27,2025-11-27
461838,2.8214,49.0014,1764247454,7482.84,127.07,FALSE,NA,461838_2025-11-27 12:47:14,2025-11-27,2025-11-27
461838,2.621,49.1583,1764247634,7482.84,126.22,FALSE,NA,461838_2025-11-27 12:47:14,2025-11-27,2025-11-27
461838,2.4658,49.3369,1764247814,7482.84,127.87,FALSE,NA,461838_2025-11-27 12:47:14,2025-11-27,2025-11-27
461838,2.3083,49.5167,1764247994,7482.84,128.13,FALSE,NA,461838_2025-11-27 12:47:14,2025-11-27,2025-11-27
461838,2.1455,49.7009,1764248174,7086.6,139.42,FALSE,NA,461838_2025-11-27 12:47:14,2025-11-27,2025-11-27
461838,1.9721,49.8954,1764248354,5875.02,140.38,FALSE,NA,461838_2025-11-27 12:47:14,2025-11-27,2025-11-27
461838,1.7966,50.0902,1764248534,4442.46,139.23,FALSE,NA,461838_2025-11-27 12:47:14,2025-11-27,2025-11-27
461838,1.6252,50.2793,1764248714,3040.38,130.05,FALSE,NA,461838_2025-11-27 12:47:14,2025-11-27,2025-11-27
461838,1.465,50.454,1764248894,1638.3,119.91,FALSE,NA,461838_2025-11-27 12:47:14,2025-11-27,2025-11-27
4b0e59,6.6164,46.5428,1764244114,662.94,25.74,FALSE,NA,4b0e59_2025-11-27 12:48:34,2025-11-27,2025-11-27
4b0e59,6.6131,46.6021,1764244294,1485.9,40.93,FALSE,NA,4b0e59_2025-11-27 12:48:34,2025-11-27,2025-11-27
4b0e59,6.5982,46.676,1764244474,1821.18,51.26,FALSE,NA,4b0e59_2025-11-27 12:48:34,2025-11-27,2025-11-27
4b0e59,6.6049,46.7565,1764244654,1752.6,50.12,FALSE,NA,4b0e59_2025-11-27 12:48:34,2025-11-27,2025-11-27
4b0e59,6.6148,46.8345,1764244834,1783.08,46.69,FALSE,NA,4b0e59_2025-11-27 12:48:34,2025-11-27,2025-11-27
4b0e59,6.6633,46.9014,1764245014,1821.18,47.02,FALSE,NA,4b0e59_2025-11-27 12:48:34,2025-11-27,2025-11-27
4b0e59,6.7152,46.9358,1764245194,1775.46,50.63,FALSE,NA,4b0e59_2025-11-27 12:48:34,2025-11-27,2025-11-27
4b0e59,6.8036,46.9564,1764245374,1501.14,49.85,FALSE,NA,4b0e59_2025-11-27 12:48:34,2025-11-27,2025-11-27
4b0e59,6.8426,46.9261,1764245554,815.34,50.75,FALSE,NA,4b0e59_2025-11-27 12:48:34,2025-11-27,2025-11-27
4b25ea,6.6164,46.5426,1764246114,NA,6.19,FALSE,NA,4b25ea_2025-11-27 13:21:54,2025-11-27,2025-11-27
4b25ea,6.611,46.6074,1764246294,1082.04,48.49,FALSE,NA,4b25ea_2025-11-27 13:21:54,2025-11-27,2025-11-27
4b25ea,6.6071,46.6863,1764246474,1059.18,50.17,FALSE,NA,4b25ea_2025-11-27 13:21:54,2025-11-27,2025-11-27
4b25ea,6.5483,46.7434,1764246654,1706.88,43.73,FALSE,NA,4b25ea_2025-11-27 13:21:54,2025-11-27,2025-11-27
4b25ea,6.574,46.7523,1764246834,1988.82,49.97,FALSE,NA,4b25ea_2025-11-27 13:21:54,2025-11-27,2025-11-27
4b25ea,6.6114,46.6868,1764247014,2042.16,54.33,FALSE,NA,4b25ea_2025-11-27 13:21:54,2025-11-27,2025-11-27
4b25ea,6.7038,46.6267,1764247194,1981.2,53.88,FALSE,NA,4b25ea_2025-11-27 13:21:54,2025-11-27,2025-11-27
4b25ea,6.7909,46.5674,1764247374,1965.96,52.05,FALSE,NA,4b25ea_2025-11-27 13:21:54,2025-11-27,2025-11-27
4b25ea,6.8349,46.4859,1764247554,1744.98,59.22,FALSE,NA,4b25ea_2025-11-27 13:21:54,2025-11-27,2025-11-27
4b25ea,6.8667,46.4048,1764247734,1554.48,50.48,FALSE,NA,4b25ea_2025-11-27 13:21:54,2025-11-27,2025-11-27
4b25ea,6.8235,46.4622,1764247914,1706.88,57.62,FALSE,NA,4b25ea_2025-11-27 13:21:54,2025-11-27,2025-11-27
4b25ea,6.6931,46.4847,1764248094,1097.28,54.06,FALSE,NA,4b25ea_2025-11-27 13:21:54,2025-11-27,2025-11-27
4b25ea,6.6143,46.5192,1764248274,891.54,38.07,FALSE,NA,4b25ea_2025-11-27 13:21:54,2025-11-27,2025-11-27
4b1af2,6.6165,46.5443,1764246252,NA,30.97,FALSE,NA,4b1af2_2025-11-27 13:24:12,2025-11-27,2025-11-27
4b1af2,6.6071,46.6121,1764246432,1097.28,55.92,FALSE,NA,4b1af2_2025-11-27 13:24:12,2025-11-27,2025-11-27
4b1af2,6.491,46.6115,1764246612,1074.42,50.39,FALSE,NA,4b1af2_2025-11-27 13:24:12,2025-11-27,2025-11-27
4b1af2,6.3988,46.5663,1764246792,967.74,51.66,FALSE,NA,4b1af2_2025-11-27 13:24:12,2025-11-27,2025-11-27
4b1af2,6.4162,46.5197,1764246972,1051.56,36.32,FALSE,NA,4b1af2_2025-11-27 13:24:12,2025-11-27,2025-11-27
4b1af2,6.4468,46.5716,1764247152,922.02,35.48,FALSE,NA,4b1af2_2025-11-27 13:24:12,2025-11-27,2025-11-27
4b1af2,6.4924,46.6137,1764247332,929.64,35.39,FALSE,NA,4b1af2_2025-11-27 13:24:12,2025-11-27,2025-11-27
4b1af2,6.5668,46.6541,1764247512,1089.66,51.41,FALSE,NA,4b1af2_2025-11-27 13:24:12,2025-11-27,2025-11-27
4b1af2,6.4873,46.6423,1764247692,1066.8,50.21,FALSE,NA,4b1af2_2025-11-27 13:24:12,2025-11-27,2025-11-27
4b1af2,6.4513,46.6183,1764247872,1089.66,37.78,FALSE,NA,4b1af2_2025-11-27 13:24:12,2025-11-27,2025-11-27
4b1af2,6.4516,46.5461,1764248052,1104.9,52.21,FALSE,NA,4b1af2_2025-11-27 13:24:12,2025-11-27,2025-11-27
4b1af2,6.4536,46.4807,1764248232,1074.42,37.64,FALSE,NA,4b1af2_2025-11-27 13:24:12,2025-11-27,2025-11-27
4b1af2,6.5638,46.4948,1764248412,1135.38,52.18,FALSE,NA,4b1af2_2025-11-27 13:24:12,2025-11-27,2025-11-27
4b1af2,6.6156,46.534,1764248592,739.14,30.91,FALSE,NA,4b1af2_2025-11-27 13:24:12,2025-11-27,2025-11-27
4b3303,6.6182,46.547,1764250864,NA,NA,FALSE,NA,4b3303_2025-11-27 14:41:04,2025-11-27,2025-11-27
4b3303,6.6919,46.5462,1764251044,1150.62,50.35,FALSE,NA,4b3303_2025-11-27 14:41:04,2025-11-27,2025-11-27
4b3303,6.8229,46.5534,1764251224,1226.82,60.88,TRUE,NA,4b3303_2025-11-27 14:41:04,2025-11-27,2025-11-27
4b3303,6.9561,46.5606,1764251404,1676.4,44.9,TRUE,NA,4b3303_2025-11-27 14:41:04,2025-11-27,2025-11-27
4b3303,7.0898,46.5656,1764251584,1150.62,65.68,TRUE,NA,4b3303_2025-11-27 14:41:04,2025-11-27,2025-11-27
4b40a1,6.6163,46.5411,1764250870,NA,NA,FALSE,NA,4b40a1_2025-11-27 14:41:10,2025-11-27,2025-11-27
4b40a1,6.6221,46.6033,1764251050,1242.06,44.45,FALSE,NA,4b40a1_2025-11-27 14:41:10,2025-11-27,2025-11-27
4b40a1,6.7183,46.5781,1764251230,1508.76,54.41,FALSE,NA,4b40a1_2025-11-27 14:41:10,2025-11-27,2025-11-27
4b40a1,6.8346,46.5264,1764251410,1889.76,64.31,FALSE,NA,4b40a1_2025-11-27 14:41:10,2025-11-27,2025-11-27
4b40a1,6.9725,46.4879,1764251590,1943.1,68.8,FALSE,NA,4b40a1_2025-11-27 14:41:10,2025-11-27,2025-11-27
4b40a1,7.0788,46.4752,1764251770,1958.34,78.12,FALSE,NA,4b40a1_2025-11-27 14:41:10,2025-11-27,2025-11-27
4b40a1,7.1144,46.4839,1764251950,2164.08,67.38,FALSE,NA,4b40a1_2025-11-27 14:41:10,2025-11-27,2025-11-27
4b40a1,7.1999,46.5601,1764252130,2255.52,69.21,FALSE,NA,4b40a1_2025-11-27 14:41:10,2025-11-27,2025-11-27
4b40a1,7.3285,46.6212,1764252310,1988.82,71.67,FALSE,NA,4b40a1_2025-11-27 14:41:10,2025-11-27,2025-11-27
4b40a1,7.4426,46.6874,1764252490,2080.26,70.26,FALSE,NA,4b40a1_2025-11-27 14:41:10,2025-11-27,2025-11-27
4b40a1,7.5785,46.7627,1764252670,1783.08,83.75,FALSE,NA,4b40a1_2025-11-27 14:41:10,2025-11-27,2025-11-27
4b40a1,7.6851,46.8607,1764252850,1744.98,72.3,FALSE,NA,4b40a1_2025-11-27 14:41:10,2025-11-27,2025-11-27
4b40a1,7.7522,46.9687,1764253030,1737.36,71.91,FALSE,NA,4b40a1_2025-11-27 14:41:10,2025-11-27,2025-11-27
4b40a1,7.7927,47.0872,1764253210,1737.36,71.09,FALSE,NA,4b40a1_2025-11-27 14:41:10,2025-11-27,2025-11-27
4b40a1,7.8601,47.1975,1764253390,1531.62,78.92,FALSE,NA,4b40a1_2025-11-27 14:41:10,2025-11-27,2025-11-27
4b40a1,7.9373,47.318600000000004,1764253570,1516.38,82.69,FALSE,NA,4b40a1_2025-11-27 14:41:10,2025-11-27,2025-11-27
4b40a1,8.0557,47.4296,1764253750,1211.58,82.27,FALSE,NA,4b40a1_2025-11-27 14:41:10,2025-11-27,2025-11-27
4b40a1,8.2123,47.4478,1764253930,731.52,77.15,FALSE,NA,4b40a1_2025-11-27 14:41:10,2025-11-27,2025-11-27
4b1bdd,6.6168,46.5464,1764251833,NA,NA,FALSE,NA,4b1bdd_2025-11-27 14:57:13,2025-11-27,2025-11-27
4b1bdd,6.605,46.6094,1764252013,1394.46,46.58,FALSE,NA,4b1bdd_2025-11-27 14:57:13,2025-11-27,2025-11-27
4b1bdd,6.5082,46.6685,1764252193,1623.06,58.68,FALSE,NA,4b1bdd_2025-11-27 14:57:13,2025-11-27,2025-11-27
4b1bdd,6.3978,46.6823,1764252373,1767.84,59.93,FALSE,NA,4b1bdd_2025-11-27 14:57:13,2025-11-27,2025-11-27
4b1bdd,6.3325,46.6482,1764252553,1935.48,69.18,FALSE,NA,4b1bdd_2025-11-27 14:57:13,2025-11-27,2025-11-27
4b1bdd,6.3311,46.6563,1764252733,2026.92,54.33,FALSE,NA,4b1bdd_2025-11-27 14:57:13,2025-11-27,2025-11-27
4b1bdd,6.3886,46.5719,1764252913,1623.06,55.87,FALSE,NA,4b1bdd_2025-11-27 14:57:13,2025-11-27,2025-11-27
4b1bdd,6.4886,46.5302,1764253093,1165.86,53.47,FALSE,NA,4b1bdd_2025-11-27 14:57:13,2025-11-27,2025-11-27
4b1bdd,6.5923,46.5008,1764253273,1043.94,47.12,FALSE,NA,4b1bdd_2025-11-27 14:57:13,2025-11-27,2025-11-27
4b25ea,6.6164,46.5425,1764252334,NA,NA,FALSE,NA,4b25ea_2025-11-27 15:05:34,2025-11-27,2025-11-27
4b25ea,6.6185,46.6039,1764252514,1112.52,47.73,FALSE,NA,4b25ea_2025-11-27 15:05:34,2025-11-27,2025-11-27
4b25ea,6.5337,46.6331,1764252694,1082.04,56.18,FALSE,NA,4b25ea_2025-11-27 15:05:34,2025-11-27,2025-11-27
4b25ea,6.4979,46.6383,1764252874,1280.16,31.75,FALSE,NA,4b25ea_2025-11-27 15:05:34,2025-11-27,2025-11-27
4b25ea,6.461,46.6227,1764253054,1082.04,43.77,FALSE,NA,4b25ea_2025-11-27 15:05:34,2025-11-27,2025-11-27
4b25ea,6.4981,46.6166,1764253234,1036.32,39.21,FALSE,NA,4b25ea_2025-11-27 15:05:34,2025-11-27,2025-11-27
4b25ea,6.5951,46.5776,1764253414,1272.54,47.69,FALSE,NA,4b25ea_2025-11-27 15:05:34,2025-11-27,2025-11-27
4b25ea,6.6857,46.5666,1764253594,1295.4,52.32,FALSE,NA,4b25ea_2025-11-27 15:05:34,2025-11-27,2025-11-27
4b25ea,6.6954,46.5245,1764253774,1234.44,53.79,FALSE,NA,4b25ea_2025-11-27 15:05:34,2025-11-27,2025-11-27
4b25ea,6.5907,46.547,1764253954,1051.56,45.62,FALSE,NA,4b25ea_2025-11-27 15:05:34,2025-11-27,2025-11-27
4b25ea,6.5963,46.5566,1764254134,861.06,44.74,FALSE,NA,4b25ea_2025-11-27 15:05:34,2025-11-27,2025-11-27
4b25ea,6.6158,46.5362,1764254314,701.04,30.91,FALSE,NA,4b25ea_2025-11-27 15:05:34,2025-11-27,2025-11-27
4b25ea,6.6168,46.5414,1764254494,NA,6.86,FALSE,NA,4b25ea_2025-11-27 15:05:34,2025-11-27,2025-11-27
4b25ea,6.5769,46.5306,1764254674,883.92,48.31,FALSE,NA,4b25ea_2025-11-27 15:05:34,2025-11-27,2025-11-27
4b25ea,6.6165,46.5435,1764254854,662.94,23.2,FALSE,NA,4b25ea_2025-11-27 15:05:34,2025-11-27,2025-11-27
4b7fa8,6.4924,46.506,1764276574,NA,NA,FALSE,NA,4b7fa8_2025-11-27 21:49:34,2025-11-27,2025-11-27
4b7fa8,6.6227,46.4713,1764276754,NA,NA,FALSE,NA,4b7fa8_2025-11-27 21:49:34,2025-11-27,2025-11-27
4b7fa8,6.7698,46.4492,1764276934,NA,NA,FALSE,NA,4b7fa8_2025-11-27 21:49:34,2025-11-27,2025-11-27
4b7fa8,6.9097,46.4267,1764277114,NA,NA,FALSE,NA,4b7fa8_2025-11-27 21:49:34,2025-11-27,2025-11-27
4b7fa8,7.0448,46.4032,1764277294,NA,NA,FALSE,NA,4b7fa8_2025-11-27 21:49:34,2025-11-27,2025-11-27
4b7fa8,7.1755,46.374,1764277474,NA,NA,FALSE,NA,4b7fa8_2025-11-27 21:49:34,2025-11-27,2025-11-27
4b7fa8,7.303,46.3546,1764277654,NA,NA,FALSE,NA,4b7fa8_2025-11-27 21:49:34,2025-11-27,2025-11-27
4b7fa8,7.4172,46.3326,1764277834,NA,NA,FALSE,NA,4b7fa8_2025-11-27 21:49:34,2025-11-27,2025-11-27
4b7fa8,7.4172,46.3326,1764278014,NA,NA,FALSE,NA,4b7fa8_2025-11-27 21:49:34,2025-11-27,2025-11-27
4b7fa8,7.6472,46.2977,1764278194,NA,NA,FALSE,NA,4b7fa8_2025-11-27 21:49:34,2025-11-27,2025-11-27
4b7fa8,7.6472,46.2977,1764278374,NA,NA,FALSE,NA,4b7fa8_2025-11-27 21:49:34,2025-11-27,2025-11-27
4b7fa8,8.0228,46.2144,1764278554,NA,NA,FALSE,NA,4b7fa8_2025-11-27 21:49:34,2025-11-27,2025-11-27
4b7fa8,8.1699,46.1893,1764278734,NA,NA,FALSE,NA,4b7fa8_2025-11-27 21:49:34,2025-11-27,2025-11-27
4b7fa8,8.317,46.1544,1764278914,NA,NA,FALSE,NA,4b7fa8_2025-11-27 21:49:34,2025-11-27,2025-11-27
4b7fa8,8.4641,46.1153,1764279094,NA,NA,FALSE,NA,4b7fa8_2025-11-27 21:49:34,2025-11-27,2025-11-27
4b7fa8,8.615,46.0588,1764279274,NA,NA,FALSE,NA,4b7fa8_2025-11-27 21:49:34,2025-11-27,2025-11-27
4b7fa8,8.7712,46.0001,1764279454,NA,NA,FALSE,NA,4b7fa8_2025-11-27 21:49:34,2025-11-27,2025-11-27
461fbd,6.6165,46.5437,1764315100,670.56,50.03,FALSE,NA,461fbd_2025-11-28 08:31:40,2025-11-28,2025-11-28
461fbd,6.6668,46.5632,1764315280,2179.32,84.88,FALSE,NA,461fbd_2025-11-28 08:31:40,2025-11-28,2025-11-28
461fbd,6.8546,46.599,1764315460,3802.38,89.82,FALSE,NA,461fbd_2025-11-28 08:31:40,2025-11-28,2025-11-28
461fbd,7.0452,46.6785,1764315640,5135.88,98.55,FALSE,NA,461fbd_2025-11-28 08:31:40,2025-11-28,2025-11-28
461fbd,7.2713,46.773,1764315820,5608.32,129.47,FALSE,NA,461fbd_2025-11-28 08:31:40,2025-11-28,2025-11-28
461fbd,7.5149,46.9054,1764316000,5600.7,132.57,FALSE,NA,461fbd_2025-11-28 08:31:40,2025-11-28,2025-11-28
461fbd,7.7608,47.0386,1764316180,5600.7,132.97,FALSE,NA,461fbd_2025-11-28 08:31:40,2025-11-28,2025-11-28
461fbd,7.9509,47.2088,1764316360,5600.7,132.34,FALSE,NA,461fbd_2025-11-28 08:31:40,2025-11-28,2025-11-28
461fbd,8.1345,47.3837,1764316540,5600.7,133.48,FALSE,NA,461fbd_2025-11-28 08:31:40,2025-11-28,2025-11-28
461fbd,8.3213,47.5598,1764316720,5600.7,134.08,FALSE,NA,461fbd_2025-11-28 08:31:40,2025-11-28,2025-11-28
461fbd,8.5093,47.7357,1764316900,5600.7,134.5,FALSE,NA,461fbd_2025-11-28 08:31:40,2025-11-28,2025-11-28
461fbd,8.6997,47.9124,1764317080,5547.36,138.09,FALSE,NA,461fbd_2025-11-28 08:31:40,2025-11-28,2025-11-28
461fbd,8.9032,48.0994,1764317260,4625.34,141.38,FALSE,NA,461fbd_2025-11-28 08:31:40,2025-11-28,2025-11-28
461fbd,9.1004,48.2793,1764317440,3482.34,135.41,FALSE,NA,461fbd_2025-11-28 08:31:40,2025-11-28,2025-11-28
461fbd,9.2723,48.4593,1764317620,2118.36,129.17,FALSE,NA,461fbd_2025-11-28 08:31:40,2025-11-28,2025-11-28
461fbd,9.4277,48.6363,1764317800,1417.32,121.05,FALSE,NA,461fbd_2025-11-28 08:31:40,2025-11-28,2025-11-28
461fbd,9.3515,48.7144,1764317980,853.44,97.52,FALSE,NA,461fbd_2025-11-28 08:31:40,2025-11-28,2025-11-28
4b27c0,6.6165,46.5439,1764319496,662.94,34.02,FALSE,NA,4b27c0_2025-11-28 09:44:56,2025-11-28,2025-11-28
4b27c0,6.6307,46.6115,1764319676,1310.64,44.52,FALSE,NA,4b27c0_2025-11-28 09:44:56,2025-11-28,2025-11-28
4b27c0,6.7343,46.6395,1764319856,1859.28,58.5,FALSE,NA,4b27c0_2025-11-28 09:44:56,2025-11-28,2025-11-28
4b27c0,6.842,46.6709,1764320036,2468.88,50.82,FALSE,NA,4b27c0_2025-11-28 09:44:56,2025-11-28,2025-11-28
4b27c0,6.9827,46.7101,1764320216,2476.5,68.5,FALSE,NA,4b27c0_2025-11-28 09:44:56,2025-11-28,2025-11-28
4b27c0,7.1342,46.7521,1764320396,2468.88,70.26,FALSE,NA,4b27c0_2025-11-28 09:44:56,2025-11-28,2025-11-28
4b27c0,7.2747,46.808,1764320576,2468.88,70.42,FALSE,NA,4b27c0_2025-11-28 09:44:56,2025-11-28,2025-11-28
4b27c0,7.4005,46.8826,1764320756,2468.88,70.42,FALSE,NA,4b27c0_2025-11-28 09:44:56,2025-11-28,2025-11-28
4b27c0,7.5283,46.9578,1764320936,2468.88,71.54,FALSE,NA,4b27c0_2025-11-28 09:44:56,2025-11-28,2025-11-28
4b27c0,7.6609,47.0354,1764321116,2209.8,74.5,FALSE,NA,4b27c0_2025-11-28 09:44:56,2025-11-28,2025-11-28
4b27c0,7.7964,47.1147,1764321296,1790.7,73.32,FALSE,NA,4b27c0_2025-11-28 09:44:56,2025-11-28,2025-11-28
4b27c0,7.8926,47.1913,1764321476,1813.56,68.11,FALSE,NA,4b27c0_2025-11-28 09:44:56,2025-11-28,2025-11-28
4b27c0,7.7683,47.2377,1764321656,1805.94,71.99,FALSE,NA,4b27c0_2025-11-28 09:44:56,2025-11-28,2025-11-28
4b27c0,7.5955,47.2108,1764321836,1356.36,74.87,FALSE,NA,4b27c0_2025-11-28 09:44:56,2025-11-28,2025-11-28
4b27c0,7.4603,47.1895,1764322016,655.32,47.66,FALSE,NA,4b27c0_2025-11-28 09:44:56,2025-11-28,2025-11-28
4b27c0,7.399,47.1403,1764322196,1318.26,55.66,FALSE,NA,4b27c0_2025-11-28 09:44:56,2025-11-28,2025-11-28
4b27c0,7.5232,47.147,1764322376,1973.58,53.41,FALSE,NA,4b27c0_2025-11-28 09:44:56,2025-11-28,2025-11-28
4b27c0,7.6757,47.1596,1764322556,2103.12,72.49,FALSE,NA,4b27c0_2025-11-28 09:44:56,2025-11-28,2025-11-28
4b27c0,7.8433,47.1733,1764322736,2110.74,65.85,FALSE,NA,4b27c0_2025-11-28 09:44:56,2025-11-28,2025-11-28
4b27c0,7.8981,47.1367,1764322916,2103.12,74.24,FALSE,NA,4b27c0_2025-11-28 09:44:56,2025-11-28,2025-11-28
4b27c0,7.9326,47.1834,1764323096,2118.36,65.68,FALSE,NA,4b27c0_2025-11-28 09:44:56,2025-11-28,2025-11-28
4b27c0,7.8633,47.1549,1764323276,2103.12,65.16,FALSE,NA,4b27c0_2025-11-28 09:44:56,2025-11-28,2025-11-28
4b27c0,7.8761,47.1295,1764323456,1844.04,81.98,FALSE,NA,4b27c0_2025-11-28 09:44:56,2025-11-28,2025-11-28
4b27c0,7.8931,47.1908,1764323636,1813.56,69.21,FALSE,NA,4b27c0_2025-11-28 09:44:56,2025-11-28,2025-11-28
4b27c0,7.7642,47.237,1764323816,1790.7,74.12,FALSE,NA,4b27c0_2025-11-28 09:44:56,2025-11-28,2025-11-28
4b27c0,7.5944,47.2117,1764323996,1310.64,73.45,FALSE,NA,4b27c0_2025-11-28 09:44:56,2025-11-28,2025-11-28
4b27c0,7.4667,47.1907,1764324176,670.56,45.73,FALSE,NA,4b27c0_2025-11-28 09:44:56,2025-11-28,2025-11-28
4b25ea,6.6166,46.5444,1764319699,662.94,33.54,FALSE,NA,4b25ea_2025-11-28 09:48:19,2025-11-28,2025-11-28
4b25ea,6.6169,46.6095,1764319879,1341.12,40.28,FALSE,NA,4b25ea_2025-11-28 09:48:19,2025-11-28,2025-11-28
4b25ea,6.6922,46.6373,1764320059,1927.86,39.13,FALSE,NA,4b25ea_2025-11-28 09:48:19,2025-11-28,2025-11-28
4b25ea,6.7883,46.636,1764320239,2324.1,46.44,FALSE,NA,4b25ea_2025-11-28 09:48:19,2025-11-28,2025-11-28
4b25ea,6.9021,46.6232,1764320419,2316.48,50.07,FALSE,NA,4b25ea_2025-11-28 09:48:19,2025-11-28,2025-11-28
4b25ea,7.0153,46.6178,1764320599,2308.86,47.67,FALSE,NA,4b25ea_2025-11-28 09:48:19,2025-11-28,2025-11-28
4b25ea,7.1294,46.6052,1764320779,2301.24,51.41,FALSE,NA,4b25ea_2025-11-28 09:48:19,2025-11-28,2025-11-28
4b25ea,7.2438,46.598,1764320959,2286,49.47,FALSE,NA,4b25ea_2025-11-28 09:48:19,2025-11-28,2025-11-28
4b25ea,7.3547,46.6059,1764321139,2293.62,49.23,FALSE,NA,4b25ea_2025-11-28 09:48:19,2025-11-28,2025-11-28
4b25ea,7.4541,46.6384,1764321319,2308.86,45.13,FALSE,NA,4b25ea_2025-11-28 09:48:19,2025-11-28,2025-11-28
4b25ea,7.5654,46.6537,1764321499,2301.24,50.22,FALSE,NA,4b25ea_2025-11-28 09:48:19,2025-11-28,2025-11-28
4b25ea,7.6543,46.6971,1764321679,2301.24,49.39,FALSE,NA,4b25ea_2025-11-28 09:48:19,2025-11-28,2025-11-28
4b25ea,7.694,46.7729,1764321859,2301.24,49.07,FALSE,NA,4b25ea_2025-11-28 09:48:19,2025-11-28,2025-11-28
4b25ea,7.7387,46.8484,1764322039,2316.48,50.46,FALSE,NA,4b25ea_2025-11-28 09:48:19,2025-11-28,2025-11-28
4b25ea,7.7678,46.9299,1764322219,2308.86,53.35,FALSE,NA,4b25ea_2025-11-28 09:48:19,2025-11-28,2025-11-28
4b25ea,7.7868,47.0132,1764322399,2316.48,52.84,FALSE,NA,4b25ea_2025-11-28 09:48:19,2025-11-28,2025-11-28
4b25ea,7.8096,47.0963,1764322579,2308.86,52.32,FALSE,NA,4b25ea_2025-11-28 09:48:19,2025-11-28,2025-11-28
4b25ea,7.7197,47.148,1764322759,2316.48,58.89,FALSE,NA,4b25ea_2025-11-28 09:48:19,2025-11-28,2025-11-28
4b25ea,7.5829,47.1694,1764322939,2324.1,58.95,FALSE,NA,4b25ea_2025-11-28 09:48:19,2025-11-28,2025-11-28
4b25ea,7.4428,47.1792,1764323119,2308.86,59.46,FALSE,NA,4b25ea_2025-11-28 09:48:19,2025-11-28,2025-11-28
4b25ea,7.3036,47.1663,1764323299,2308.86,59.43,FALSE,NA,4b25ea_2025-11-28 09:48:19,2025-11-28,2025-11-28
4b25ea,7.1757,47.1309,1764323479,2308.86,58.79,FALSE,NA,4b25ea_2025-11-28 09:48:19,2025-11-28,2025-11-28
4b25ea,7.0575,47.0817,1764323659,2301.24,56.73,FALSE,NA,4b25ea_2025-11-28 09:48:19,2025-11-28,2025-11-28
4b25ea,6.9418,47.0293,1764323839,2293.62,58.85,FALSE,NA,4b25ea_2025-11-28 09:48:19,2025-11-28,2025-11-28
4b25ea,6.8333,46.9692,1764324019,2286,58.76,FALSE,NA,4b25ea_2025-11-28 09:48:19,2025-11-28,2025-11-28
4b25ea,6.7323,46.8999,1764324199,2217.42,61.18,FALSE,NA,4b25ea_2025-11-28 09:48:19,2025-11-28,2025-11-28
4b25ea,6.6313,46.8268,1764324379,2011.68,59.92,FALSE,NA,4b25ea_2025-11-28 09:48:19,2025-11-28,2025-11-28
4b25ea,6.5502,46.7397,1764324559,1699.26,61.95,FALSE,NA,4b25ea_2025-11-28 09:48:19,2025-11-28,2025-11-28
4b25ea,6.6191,46.6685,1764324739,1706.88,57.17,FALSE,NA,4b25ea_2025-11-28 09:48:19,2025-11-28,2025-11-28
4b25ea,6.7023,46.5944,1764324919,1562.1,59.99,FALSE,NA,4b25ea_2025-11-28 09:48:19,2025-11-28,2025-11-28
4b25ea,6.632,46.544,1764325099,1059.18,52.46,FALSE,NA,4b25ea_2025-11-28 09:48:19,2025-11-28,2025-11-28
4b25ea,6.6158,46.5365,1764325279,716.28,36.1,FALSE,NA,4b25ea_2025-11-28 09:48:19,2025-11-28,2025-11-28
4b44a5,NA,NA,1764323082,NA,38.62,FALSE,NA,4b44a5_2025-11-28 10:44:42,2025-11-28,2025-11-28
4b44a5,6.7796,46.6189,1764323262,1181.1,62.11,FALSE,NA,4b44a5_2025-11-28 10:44:42,2025-11-28,2025-11-28
4b44a5,6.8702,46.692,1764323442,1127.76,64.12,FALSE,NA,4b44a5_2025-11-28 10:44:42,2025-11-28,2025-11-28
4b44a5,6.9692,46.7762,1764323622,1135.38,61.63,FALSE,NA,4b44a5_2025-11-28 10:44:42,2025-11-28,2025-11-28
4b44a5,7.0625,46.8593,1764323802,960.12,66.08,FALSE,NA,4b44a5_2025-11-28 10:44:42,2025-11-28,2025-11-28
4b44a5,7.1175,46.9551,1764323982,731.52,50.92,FALSE,NA,4b44a5_2025-11-28 10:44:42,2025-11-28,2025-11-28
4b1bdd,6.6172,46.5495,1764325407,701.04,36.19,FALSE,NA,4b1bdd_2025-11-28 11:23:27,2025-11-28,2025-11-28
4b1bdd,6.5783,46.587,1764325587,1310.64,52.97,FALSE,NA,4b1bdd_2025-11-28 11:23:27,2025-11-28,2025-11-28
4b1bdd,6.5577,46.4984,1764325767,1546.86,63.77,FALSE,NA,4b1bdd_2025-11-28 11:23:27,2025-11-28,2025-11-28
4b1bdd,6.6029,46.4022,1764325947,1546.86,62.64,FALSE,NA,4b1bdd_2025-11-28 11:23:27,2025-11-28,2025-11-28
4b1bdd,6.5981,46.3091,1764326127,1882.14,59.63,FALSE,NA,4b1bdd_2025-11-28 11:23:27,2025-11-28,2025-11-28
4b3303,6.6181,46.547,1764328560,678.18,0,FALSE,NA,4b3303_2025-11-28 12:16:00,2025-11-28,2025-11-28
4b3303,6.6834,46.5796,1764328740,1181.1,60.52,FALSE,NA,4b3303_2025-11-28 12:16:00,2025-11-28,2025-11-28
4b3303,6.7951,46.6344,1764328920,1097.28,62.67,FALSE,NA,4b3303_2025-11-28 12:16:00,2025-11-28,2025-11-28
4b3303,6.9167,46.6939,1764329100,1097.28,63.09,FALSE,NA,4b3303_2025-11-28 12:16:00,2025-11-28,2025-11-28
4b3303,7.0431,46.7557,1764329280,1097.28,62.38,FALSE,NA,4b3303_2025-11-28 12:16:00,2025-11-28,2025-11-28
4b25ea,6.6165,46.5432,1764329693,NA,NA,FALSE,NA,4b25ea_2025-11-28 12:34:53,2025-11-28,2025-11-28
4b25ea,6.6159,46.6089,1764329873,1318.26,45,FALSE,NA,4b25ea_2025-11-28 12:34:53,2025-11-28,2025-11-28
4b25ea,6.7038,46.6501,1764330053,1303.02,47.16,FALSE,NA,4b25ea_2025-11-28 12:34:53,2025-11-28,2025-11-28
4b25ea,6.8065,46.6691,1764330233,1257.3,42.97,FALSE,NA,4b25ea_2025-11-28 12:34:53,2025-11-28,2025-11-28
4b25ea,6.9059,46.6797,1764330413,1249.68,43.81,FALSE,NA,4b25ea_2025-11-28 12:34:53,2025-11-28,2025-11-28
4b25ea,7.0043,46.7072,1764330593,777.24,48.11,FALSE,NA,4b25ea_2025-11-28 12:34:53,2025-11-28,2025-11-28
4b25ea,7.1039,46.7368,1764330773,1028.7,45.23,FALSE,NA,4b25ea_2025-11-28 12:34:53,2025-11-28,2025-11-28
46097d,6.6169,46.5475,1764333972,NA,NA,FALSE,NA,46097d_2025-11-28 13:46:12,2025-11-28,2025-11-28
46097d,6.6382,46.6397,1764334152,1188.72,57.92,FALSE,NA,46097d_2025-11-28 13:46:12,2025-11-28,2025-11-28
46097d,6.5641,46.6581,1764334332,1264.92,59.99,FALSE,NA,46097d_2025-11-28 13:46:12,2025-11-28,2025-11-28
46097d,6.5431,46.5579,1764334512,1249.68,68.25,FALSE,NA,46097d_2025-11-28 13:46:12,2025-11-28,2025-11-28
46097d,6.5074,46.4543,1764334692,1303.02,64.66,FALSE,NA,46097d_2025-11-28 13:46:12,2025-11-28,2025-11-28
46097d,6.4296,46.3621,1764334872,1287.78,68.87,FALSE,NA,46097d_2025-11-28 13:46:12,2025-11-28,2025-11-28
46097d,6.3064,46.29,1764335052,1287.78,67.35,FALSE,NA,46097d_2025-11-28 13:46:12,2025-11-28,2025-11-28
46097d,6.1887,46.2132,1764335232,1203.96,67.58,FALSE,NA,46097d_2025-11-28 13:46:12,2025-11-28,2025-11-28
46097d,6.0758,46.205,1764335412,670.56,55.6,FALSE,NA,46097d_2025-11-28 13:46:12,2025-11-28,2025-11-28
4b1bdd,6.6168,46.5462,1764335119,NA,NA,FALSE,NA,4b1bdd_2025-11-28 14:05:19,2025-11-28,2025-11-28
4b1bdd,6.5814,46.5303,1764335299,853.44,30.63,FALSE,NA,4b1bdd_2025-11-28 14:05:19,2025-11-28,2025-11-28
4b1bdd,6.6169,46.5475,1764335479,NA,28.92,FALSE,NA,4b1bdd_2025-11-28 14:05:19,2025-11-28,2025-11-28
4b1bdd,6.5968,46.5263,1764335659,861.06,40.04,FALSE,NA,4b1bdd_2025-11-28 14:05:19,2025-11-28,2025-11-28
4b1bdd,6.6236,46.5699,1764335839,1005.84,40.51,FALSE,NA,4b1bdd_2025-11-28 14:05:19,2025-11-28,2025-11-28
4b1bdd,6.7337,46.5804,1764336019,1356.36,58.68,FALSE,NA,4b1bdd_2025-11-28 14:05:19,2025-11-28,2025-11-28
4b1bdd,6.8292,46.5138,1764336199,1363.98,61.54,FALSE,NA,4b1bdd_2025-11-28 14:05:19,2025-11-28,2025-11-28
4b1bdd,6.7679,46.4928,1764336379,1173.48,54.32,FALSE,NA,4b1bdd_2025-11-28 14:05:19,2025-11-28,2025-11-28
4b1bdd,6.6595,46.5386,1764336559,1173.48,51.31,FALSE,NA,4b1bdd_2025-11-28 14:05:19,2025-11-28,2025-11-28
4b1bdd,6.5802,46.5314,1764336739,845.82,37.28,FALSE,NA,4b1bdd_2025-11-28 14:05:19,2025-11-28,2025-11-28
4b2f91,6.6164,46.5424,1764336157,NA,NA,FALSE,NA,4b2f91_2025-11-28 14:22:37,2025-11-28,2025-11-28
4b2f91,6.5929,46.5266,1764336337,853.44,37.07,FALSE,NA,4b2f91_2025-11-28 14:22:37,2025-11-28,2025-11-28
4b2f91,6.6171,46.545,1764336517,NA,10.3,FALSE,NA,4b2f91_2025-11-28 14:22:37,2025-11-28,2025-11-28
4b2f91,6.617,46.5413,1764336697,NA,10.3,FALSE,NA,4b2f91_2025-11-28 14:22:37,2025-11-28,2025-11-28
4b2f91,6.6169,46.541,1764336877,NA,10.3,FALSE,NA,4b2f91_2025-11-28 14:22:37,2025-11-28,2025-11-28
4b2f91,6.6187,46.5859,1764337057,1082.04,43.46,FALSE,NA,4b2f91_2025-11-28 14:22:37,2025-11-28,2025-11-28
4b2f91,6.5789,46.6529,1764337237,1691.64,49.39,FALSE,NA,4b2f91_2025-11-28 14:22:37,2025-11-28,2025-11-28
4b2f91,6.5447,46.7392,1764337417,1691.64,58.17,FALSE,NA,4b2f91_2025-11-28 14:22:37,2025-11-28,2025-11-28
4b2f91,6.6438,46.8078,1764337597,1546.86,65.14,FALSE,NA,4b2f91_2025-11-28 14:22:37,2025-11-28,2025-11-28
4b2f91,6.7547,46.8836,1764337777,1112.52,66.97,FALSE,NA,4b2f91_2025-11-28 14:22:37,2025-11-28,2025-11-28
4b2f91,6.833,46.9658,1764337957,1089.66,60.78,FALSE,NA,4b2f91_2025-11-28 14:22:37,2025-11-28,2025-11-28
4b2f91,6.8404,46.9244,1764338137,800.1,36.01,FALSE,NA,4b2f91_2025-11-28 14:22:37,2025-11-28,2025-11-28
4b2f91,6.8797,46.9645,1764338317,769.62,42.53,FALSE,NA,4b2f91_2025-11-28 14:22:37,2025-11-28,2025-11-28
4b2f91,6.8346,46.9286,1764338497,792.48,39.13,FALSE,NA,4b2f91_2025-11-28 14:22:37,2025-11-28,2025-11-28
4b1af2,6.6167,46.5463,1764336808,678.18,36.07,FALSE,NA,4b1af2_2025-11-28 14:33:28,2025-11-28,2025-11-28
4b1af2,6.5919,46.5148,1764336988,861.06,43.59,FALSE,NA,4b1af2_2025-11-28 14:33:28,2025-11-28,2025-11-28
4b1af2,6.6079,46.5551,1764337168,822.96,38.56,FALSE,NA,4b1af2_2025-11-28 14:33:28,2025-11-28,2025-11-28
4b1af2,6.6155,46.5329,1764337348,769.62,36.66,FALSE,NA,4b1af2_2025-11-28 14:33:28,2025-11-28,2025-11-28
4b1af2,6.5871,46.5304,1764337528,838.2,42.83,FALSE,NA,4b1af2_2025-11-28 14:33:28,2025-11-28,2025-11-28
4b1af2,6.5939,46.5577,1764337708,868.68,41.27,FALSE,NA,4b1af2_2025-11-28 14:33:28,2025-11-28,2025-11-28
4b1af2,6.6164,46.5431,1764337888,655.32,27.34,FALSE,NA,4b1af2_2025-11-28 14:33:28,2025-11-28,2025-11-28
4b1af2,6.6169,46.5429,1764338068,NA,12.9,FALSE,NA,4b1af2_2025-11-28 14:33:28,2025-11-28,2025-11-28
4b1af2,6.617,46.5412,1764338248,NA,12.9,FALSE,NA,4b1af2_2025-11-28 14:33:28,2025-11-28,2025-11-28
4b1af2,6.6168,46.541,1764338428,NA,NA,FALSE,NA,4b1af2_2025-11-28 14:33:28,2025-11-28,2025-11-28
4b1af2,6.585,46.5392,1764338608,853.44,41.75,FALSE,NA,4b1af2_2025-11-28 14:33:28,2025-11-28,2025-11-28
4b1af2,6.6162,46.54,1764338788,678.18,33.54,FALSE,NA,4b1af2_2025-11-28 14:33:28,2025-11-28,2025-11-28
4b3303,6.6179,46.547,1764355802,NA,0,FALSE,NA,4b3303_2025-11-28 19:50:02,2025-11-28,2025-11-28
4b3303,6.632,46.6127,1764355982,1165.86,59.96,FALSE,NA,4b3303_2025-11-28 19:50:02,2025-11-28,2025-11-28
4b3303,6.6562,46.708,1764356162,1303.02,61.15,FALSE,NA,4b3303_2025-11-28 19:50:02,2025-11-28,2025-11-28
4b3303,6.682,46.8087,1764356342,1226.82,64.28,FALSE,NA,4b3303_2025-11-28 19:50:02,2025-11-28,2025-11-28
4b3303,6.7058,46.9024,1764356522,1531.62,58.53,FALSE,NA,4b3303_2025-11-28 19:50:02,2025-11-28,2025-11-28
4b3303,6.7264,46.9963,1764356702,1379.22,51.47,FALSE,NA,4b3303_2025-11-28 19:50:02,2025-11-28,2025-11-28
4b3303,6.727,46.9784,1764356882,1417.32,55.45,FALSE,NA,4b3303_2025-11-28 19:50:02,2025-11-28,2025-11-28
4b3303,6.8212,46.9629,1764357062,906.78,37.36,FALSE,NA,4b3303_2025-11-28 19:50:02,2025-11-28,2025-11-28
4b3303,6.8157,46.9651,1764357242,822.96,12.9,FALSE,NA,4b3303_2025-11-28 19:50:02,2025-11-28,2025-11-28
4b3303,6.8317,46.9555,1764357422,670.56,21.19,FALSE,NA,4b3303_2025-11-28 19:50:02,2025-11-28,2025-11-28
4b3303,6.8345,46.9578,1764357602,586.74,9.76,FALSE,NA,4b3303_2025-11-28 19:50:02,2025-11-28,2025-11-28
4b3303,6.8315,46.9411,1764357782,815.34,48.09,FALSE,NA,4b3303_2025-11-28 19:50:02,2025-11-28,2025-11-28
4b3303,6.7902,46.8649,1764357962,1143,53.41,FALSE,NA,4b3303_2025-11-28 19:50:02,2025-11-28,2025-11-28
4b3303,6.7446,46.7813,1764358142,1203.96,58.77,FALSE,NA,4b3303_2025-11-28 19:50:02,2025-11-28,2025-11-28
4b3303,6.6954,46.6907,1764358322,1051.56,60.39,FALSE,NA,4b3303_2025-11-28 19:50:02,2025-11-28,2025-11-28
4b3303,6.6475,46.6023,1764358502,1097.28,58.1,FALSE,NA,4b3303_2025-11-28 19:50:02,2025-11-28,2025-11-28
4b1af2,6.6167,46.545,1764404169,662.94,35.56,FALSE,NA,4b1af2_2025-11-29 09:16:09,2025-11-29,2025-11-29
4b1af2,6.6262,46.6205,1764404349,1394.46,51.76,FALSE,NA,4b1af2_2025-11-29 09:16:09,2025-11-29,2025-11-29
4b1af2,6.7362,46.6148,1764404529,1592.58,54.34,FALSE,NA,4b1af2_2025-11-29 09:16:09,2025-11-29,2025-11-29
4b1af2,6.7608,46.5469,1764404709,1592.58,53.8,FALSE,NA,4b1af2_2025-11-29 09:16:09,2025-11-29,2025-11-29
4b1af2,6.7817,46.4605,1764404889,1531.62,57.11,FALSE,NA,4b1af2_2025-11-29 09:16:09,2025-11-29,2025-11-29
4b1af2,6.8245,46.4378,1764405069,1539.24,57.11,FALSE,NA,4b1af2_2025-11-29 09:16:09,2025-11-29,2025-11-29
4b1af2,6.7451,46.4479,1764405249,1577.34,54.26,FALSE,NA,4b1af2_2025-11-29 09:16:09,2025-11-29,2025-11-29
4b1af2,6.6172,46.4845,1764405429,1158.24,60.03,FALSE,NA,4b1af2_2025-11-29 09:16:09,2025-11-29,2025-11-29
4b1af2,6.5036,46.5218,1764405609,1097.28,62.08,FALSE,NA,4b1af2_2025-11-29 09:16:09,2025-11-29,2025-11-29
4b1af2,6.5589,46.6108,1764405789,1104.9,59.83,FALSE,NA,4b1af2_2025-11-29 09:16:09,2025-11-29,2025-11-29
4b1af2,6.5369,46.6459,1764405969,1043.94,48.58,FALSE,NA,4b1af2_2025-11-29 09:16:09,2025-11-29,2025-11-29
4b1af2,6.5496,46.5606,1764406149,1158.24,56.54,FALSE,NA,4b1af2_2025-11-29 09:16:09,2025-11-29,2025-11-29
4b1af2,6.6261,46.4968,1764406329,1143,59.89,FALSE,NA,4b1af2_2025-11-29 09:16:09,2025-11-29,2025-11-29
4b1af2,6.6269,46.5446,1764406509,990.6,56.83,FALSE,NA,4b1af2_2025-11-29 09:16:09,2025-11-29,2025-11-29
4b1af2,6.6181,46.5617,1764406689,777.24,32.99,FALSE,NA,4b1af2_2025-11-29 09:16:09,2025-11-29,2025-11-29
4b1af2,6.6167,46.5454,1764410281,670.56,36.1,FALSE,NA,4b1af2_2025-11-29 10:58:01,2025-11-29,2025-11-29
4b1af2,6.5826,46.5526,1764410461,883.92,45.11,FALSE,NA,4b1af2_2025-11-29 10:58:01,2025-11-29,2025-11-29
4b1af2,6.6168,46.5463,1764410641,670.56,30.97,FALSE,NA,4b1af2_2025-11-29 10:58:01,2025-11-29,2025-11-29
4b1af2,6.5849,46.562,1764410821,891.54,44.6,FALSE,NA,4b1af2_2025-11-29 10:58:01,2025-11-29,2025-11-29
4b1af2,6.6161,46.5387,1764411001,746.76,37.07,FALSE,NA,4b1af2_2025-11-29 10:58:01,2025-11-29,2025-11-29
4b1af2,6.6567,46.4916,1764411181,1478.28,46.71,FALSE,NA,4b1af2_2025-11-29 10:58:01,2025-11-29,2025-11-29
4b1af2,6.7688,46.4843,1764411361,2065.02,55.05,FALSE,NA,4b1af2_2025-11-29 10:58:01,2025-11-29,2025-11-29
4b1af2,6.8906,46.5201,1764411541,2103.12,58.51,FALSE,NA,4b1af2_2025-11-29 10:58:01,2025-11-29,2025-11-29
4b1af2,7.0044,46.5708,1764411721,2072.64,57.49,FALSE,NA,4b1af2_2025-11-29 10:58:01,2025-11-29,2025-11-29
4b1af2,7.0971,46.6327,1764411901,2156.46,58.72,FALSE,NA,4b1af2_2025-11-29 10:58:01,2025-11-29,2025-11-29
4b1af2,7.2236,46.6717,1764412081,2308.86,59.99,FALSE,NA,4b1af2_2025-11-29 10:58:01,2025-11-29,2025-11-29
4b1af2,7.2002,46.7465,1764412261,2324.1,57,FALSE,NA,4b1af2_2025-11-29 10:58:01,2025-11-29,2025-11-29
4b1af2,7.1115,46.8008,1764412441,2255.52,54.32,FALSE,NA,4b1af2_2025-11-29 10:58:01,2025-11-29,2025-11-29
4b1af2,6.9901,46.7589,1764412621,1889.76,58.41,FALSE,NA,4b1af2_2025-11-29 10:58:01,2025-11-29,2025-11-29
4b1af2,6.9361,46.7005,1764412801,1676.4,58.97,FALSE,NA,4b1af2_2025-11-29 10:58:01,2025-11-29,2025-11-29
4b1af2,6.8233,46.6614,1764412981,1668.78,56.68,FALSE,NA,4b1af2_2025-11-29 10:58:01,2025-11-29,2025-11-29
4b1af2,6.6938,46.6485,1764413161,1478.28,55.74,FALSE,NA,4b1af2_2025-11-29 10:58:01,2025-11-29,2025-11-29
4b1af2,6.6216,46.597,1764413341,1021.08,47.84,FALSE,NA,4b1af2_2025-11-29 10:58:01,2025-11-29,2025-11-29
4b1af2,6.6171,46.5436,1764413521,NA,9.26,FALSE,NA,4b1af2_2025-11-29 10:58:01,2025-11-29,2025-11-29
461fbd,6.6164,46.5428,1764411663,685.8,47.61,FALSE,NA,461fbd_2025-11-29 11:21:03,2025-11-29,2025-11-29
461fbd,6.4898,46.4787,1764411843,1257.3,78.09,FALSE,NA,461fbd_2025-11-29 11:21:03,2025-11-29,2025-11-29
461fbd,6.3989,46.4345,1764412023,1257.3,80.19,FALSE,NA,461fbd_2025-11-29 11:21:03,2025-11-29,2025-11-29
461fbd,6.2625,46.3423,1764412203,1249.68,81.87,FALSE,NA,461fbd_2025-11-29 11:21:03,2025-11-29,2025-11-29
461fbd,6.1435,46.2616,1764412383,594.36,66.58,FALSE,NA,461fbd_2025-11-29 11:21:03,2025-11-29,2025-11-29
4b25ea,6.6167,46.5446,1764412278,670.56,32.45,FALSE,NA,4b25ea_2025-11-29 11:31:18,2025-11-29,2025-11-29
4b25ea,6.6522,46.4971,1764412458,1318.26,46.07,FALSE,NA,4b25ea_2025-11-29 11:31:18,2025-11-29,2025-11-29
4b25ea,6.7507,46.4645,1764412638,1744.98,50.67,FALSE,NA,4b25ea_2025-11-29 11:31:18,2025-11-29,2025-11-29
4b25ea,6.8435,46.4069,1764412818,1706.88,53.96,FALSE,NA,4b25ea_2025-11-29 11:31:18,2025-11-29,2025-11-29
4b25ea,6.9318,46.3466,1764412998,1722.12,53.88,FALSE,NA,4b25ea_2025-11-29 11:31:18,2025-11-29,2025-11-29
4b25ea,7,46.2719,1764413178,1706.88,54.49,FALSE,NA,4b25ea_2025-11-29 11:31:18,2025-11-29,2025-11-29
4b25ea,7.01,46.1851,1764413358,1714.5,54.82,FALSE,NA,4b25ea_2025-11-29 11:31:18,2025-11-29,2025-11-29
4b1af2,6.6165,46.544,1764423751,685.8,34.56,FALSE,NA,4b1af2_2025-11-29 14:42:31,2025-11-29,2025-11-29
4b1af2,6.6649,46.4871,1764423931,960.12,59.38,FALSE,NA,4b1af2_2025-11-29 14:42:31,2025-11-29,2025-11-29
4b1af2,6.7926,46.4622,1764424111,967.74,47.42,FALSE,NA,4b1af2_2025-11-29 14:42:31,2025-11-29,2025-11-29
4b1af2,6.8667,46.4064,1764424291,1630.68,47.12,FALSE,NA,4b1af2_2025-11-29 14:42:31,2025-11-29,2025-11-29
4b1af2,6.9176,46.3417,1764424471,2156.46,45.23,FALSE,NA,4b1af2_2025-11-29 14:42:31,2025-11-29,2025-11-29
4b1af2,7.026,46.3041,1764424651,2400.3,62.5,FALSE,NA,4b1af2_2025-11-29 14:42:31,2025-11-29,2025-11-29
4b1af2,7.0517,46.3808,1764424831,2263.14,65.59,FALSE,NA,4b1af2_2025-11-29 14:42:31,2025-11-29,2025-11-29
4b1af2,7.1255,46.4465,1764425011,2225.04,66.13,FALSE,NA,4b1af2_2025-11-29 14:42:31,2025-11-29,2025-11-29
4b1af2,7.2411,46.526,1764425191,2255.52,65.12,FALSE,NA,4b1af2_2025-11-29 14:42:31,2025-11-29,2025-11-29
4b1af2,7.3525,46.5954,1764425371,2392.68,51.1,FALSE,NA,4b1af2_2025-11-29 14:42:31,2025-11-29,2025-11-29
4b1af2,7.471,46.6425,1764425551,2644.14,62.64,FALSE,NA,4b1af2_2025-11-29 14:42:31,2025-11-29,2025-11-29
4b1af2,7.5238,46.7111,1764425731,2423.16,69.36,FALSE,NA,4b1af2_2025-11-29 14:42:31,2025-11-29,2025-11-29
4b1af2,7.3893,46.7072,1764425911,2148.84,68.42,FALSE,NA,4b1af2_2025-11-29 14:42:31,2025-11-29,2025-11-29
4b1af2,7.2424,46.6669,1764426091,2118.36,59.36,FALSE,NA,4b1af2_2025-11-29 14:42:31,2025-11-29,2025-11-29
4b1af2,7.1325,46.6123,1764426271,2080.26,55.49,FALSE,NA,4b1af2_2025-11-29 14:42:31,2025-11-29,2025-11-29
4b1af2,7.0445,46.5617,1764426451,2164.08,59.64,FALSE,NA,4b1af2_2025-11-29 14:42:31,2025-11-29,2025-11-29
4b1af2,6.9922,46.4907,1764426631,2286,50.95,FALSE,NA,4b1af2_2025-11-29 14:42:31,2025-11-29,2025-11-29
4b1af2,6.9497,46.4372,1764426811,2095.5,68.42,FALSE,NA,4b1af2_2025-11-29 14:42:31,2025-11-29,2025-11-29
4b1af2,6.8261,46.5064,1764426991,1584.96,65.65,FALSE,NA,4b1af2_2025-11-29 14:42:31,2025-11-29,2025-11-29
4b1af2,6.7172,46.5762,1764427171,1203.96,62.38,FALSE,NA,4b1af2_2025-11-29 14:42:31,2025-11-29,2025-11-29
4b1af2,6.6212,46.5946,1764427351,975.36,47.47,FALSE,NA,4b1af2_2025-11-29 14:42:31,2025-11-29,2025-11-29
4b27c0,6.6168,46.5467,1764424570,670.56,32.99,FALSE,NA,4b27c0_2025-11-29 14:56:10,2025-11-29,2025-11-29
4b27c0,6.5375,46.5097,1764424750,1143,69.88,FALSE,NA,4b27c0_2025-11-29 14:56:10,2025-11-29,2025-11-29
4b27c0,6.5496,46.6268,1764424930,1066.8,72.15,FALSE,NA,4b27c0_2025-11-29 14:56:10,2025-11-29,2025-11-29
4b27c0,6.6253,46.7287,1764425110,990.6,72.34,FALSE,NA,4b27c0_2025-11-29 14:56:10,2025-11-29,2025-11-29
4b27c0,6.6049,46.7579,1764425290,594.36,54.38,FALSE,NA,4b27c0_2025-11-29 14:56:10,2025-11-29,2025-11-29
4b27c0,6.6064,46.7581,1764425470,525.78,47.63,FALSE,NA,4b27c0_2025-11-29 14:56:10,2025-11-29,2025-11-29
4b27c0,6.6011,46.7566,1764425650,571.5,47.12,FALSE,NA,4b27c0_2025-11-29 14:56:10,2025-11-29,2025-11-29
4b27c0,6.5951,46.7494,1764425830,647.7,53.7,FALSE,NA,4b27c0_2025-11-29 14:56:10,2025-11-29,2025-11-29
4b27c0,6.5815,46.7542,1764426010,701.04,55.9,FALSE,NA,4b27c0_2025-11-29 14:56:10,2025-11-29,2025-11-29
4b27c0,6.6141,46.6792,1764426190,1143,70.35,FALSE,NA,4b27c0_2025-11-29 14:56:10,2025-11-29,2025-11-29
4b27c0,6.6394,46.6449,1764426370,1112.52,72.74,FALSE,NA,4b27c0_2025-11-29 14:56:10,2025-11-29,2025-11-29
4b27c0,6.6416,46.6368,1764426550,1082.04,73.16,FALSE,NA,4b27c0_2025-11-29 14:56:10,2025-11-29,2025-11-29
4b27c0,6.6139,46.6275,1764426730,1051.56,68.03,FALSE,NA,4b27c0_2025-11-29 14:56:10,2025-11-29,2025-11-29
4b27c0,6.6166,46.544,1764426910,662.94,23.2,FALSE,NA,4b27c0_2025-11-29 14:56:10,2025-11-29,2025-11-29
4b1bdd,6.6164,46.5437,1764428271,701.04,33.58,FALSE,NA,4b1bdd_2025-11-29 15:57:51,2025-11-29,2025-11-29
4b1bdd,6.5669,46.5066,1764428451,1424.94,49.94,FALSE,NA,4b1bdd_2025-11-29 15:57:51,2025-11-29,2025-11-29
4b1bdd,6.5668,46.6044,1764428631,1417.32,66.52,FALSE,NA,4b1bdd_2025-11-29 15:57:51,2025-11-29,2025-11-29
4b1bdd,6.5818,46.7059,1764428811,1165.86,63.75,FALSE,NA,4b1bdd_2025-11-29 15:57:51,2025-11-29,2025-11-29
4b1bdd,6.6306,46.7698,1764428991,579.12,30.82,FALSE,NA,4b1bdd_2025-11-29 15:57:51,2025-11-29,2025-11-29
4b1bdd,6.6315,46.7602,1764429171,678.18,48.75,FALSE,NA,4b1bdd_2025-11-29 15:57:51,2025-11-29,2025-11-29
4b1bdd,6.5659,46.7458,1764429351,861.06,48.23,FALSE,NA,4b1bdd_2025-11-29 15:57:51,2025-11-29,2025-11-29
4b1bdd,6.5937,46.6839,1764429531,1402.08,58.03,FALSE,NA,4b1bdd_2025-11-29 15:57:51,2025-11-29,2025-11-29
4b1bdd,6.5715,46.5926,1764429711,1386.84,58.44,FALSE,NA,4b1bdd_2025-11-29 15:57:51,2025-11-29,2025-11-29
4b1bdd,6.5349,46.5166,1764429891,1280.16,50.95,FALSE,NA,4b1bdd_2025-11-29 15:57:51,2025-11-29,2025-11-29
4b1bdd,6.6139,46.5147,1764430071,937.26,37.1,FALSE,NA,4b1bdd_2025-11-29 15:57:51,2025-11-29,2025-11-29
4b27c0,6.6164,46.5427,1764429855,NA,NA,FALSE,NA,4b27c0_2025-11-29 16:24:15,2025-11-29,2025-11-29
4b27c0,6.656,46.5994,1764430035,1409.7,56.81,FALSE,NA,4b27c0_2025-11-29 16:24:15,2025-11-29,2025-11-29
4b27c0,6.7597,46.5376,1764430215,2072.64,58.93,FALSE,NA,4b27c0_2025-11-29 16:24:15,2025-11-29,2025-11-29
4b27c0,6.893,46.5235,1764430395,2286,80.53,FALSE,NA,4b27c0_2025-11-29 16:24:15,2025-11-29,2025-11-29
4b27c0,7.025,46.5642,1764430575,2209.8,49.29,FALSE,NA,4b27c0_2025-11-29 16:24:15,2025-11-29,2025-11-29
4b27c0,7.1326,46.5575,1764430755,2247.9,44.09,FALSE,NA,4b27c0_2025-11-29 16:24:15,2025-11-29,2025-11-29
4b27c0,7.1535,46.583,1764430935,2286,58.03,FALSE,NA,4b27c0_2025-11-29 16:24:15,2025-11-29,2025-11-29
4b27c0,7.049,46.5723,1764431115,2225.04,41.16,FALSE,NA,4b27c0_2025-11-29 16:24:15,2025-11-29,2025-11-29
4b27c0,6.9462,46.5578,1764431295,1958.34,48.83,FALSE,NA,4b27c0_2025-11-29 16:24:15,2025-11-29,2025-11-29
4b27c0,6.8407,46.5399,1764431475,1653.54,42.19,FALSE,NA,4b27c0_2025-11-29 16:24:15,2025-11-29,2025-11-29
4b27c0,6.7867,46.4821,1764431655,1508.76,66.89,FALSE,NA,4b27c0_2025-11-29 16:24:15,2025-11-29,2025-11-29
4b27c0,6.6901,46.4837,1764431835,1150.62,68.1,FALSE,NA,4b27c0_2025-11-29 16:24:15,2025-11-29,2025-11-29
4b27c0,6.6134,46.5179,1764432015,876.3,42.81,FALSE,NA,4b27c0_2025-11-29 16:24:15,2025-11-29,2025-11-29
4b3303,6.6182,46.547,1764495622,678.18,0,FALSE,NA,4b3303_2025-11-30 10:40:22,2025-11-30,2025-11-30
4b3303,6.7026,46.5443,1764495802,1120.14,62.3,FALSE,NA,4b3303_2025-11-30 10:40:22,2025-11-30,2025-11-30
4b3303,6.8633,46.5472,1764495982,1493.52,73.07,FALSE,NA,4b3303_2025-11-30 10:40:22,2025-11-30,2025-11-30
4b3303,6.9466,46.5472,1764496162,1554.48,0.51,FALSE,NA,4b3303_2025-11-30 10:40:22,2025-11-30,2025-11-30
4b3303,6.9464,46.5482,1764496342,1562.1,0.73,FALSE,NA,4b3303_2025-11-30 10:40:22,2025-11-30,2025-11-30
4b3303,6.9471,46.5461,1764496522,1554.48,2.06,FALSE,NA,4b3303_2025-11-30 10:40:22,2025-11-30,2025-11-30
4b3303,6.9468,46.5461,1764496702,1554.48,0.51,FALSE,NA,4b3303_2025-11-30 10:40:22,2025-11-30,2025-11-30
4b3303,6.9463,46.5468,1764496882,1539.24,0,FALSE,NA,4b3303_2025-11-30 10:40:22,2025-11-30,2025-11-30
4b3303,6.9469,46.5465,1764497062,1546.86,0.51,FALSE,NA,4b3303_2025-11-30 10:40:22,2025-11-30,2025-11-30
4b3303,6.947,46.5465,1764497242,1539.24,0,FALSE,NA,4b3303_2025-11-30 10:40:22,2025-11-30,2025-11-30
4b3303,6.8546,46.547,1764497422,1310.64,58.13,FALSE,NA,4b3303_2025-11-30 10:40:22,2025-11-30,2025-11-30
4b3303,6.7162,46.547,1764497602,1203.96,60.19,FALSE,NA,4b3303_2025-11-30 10:40:22,2025-11-30,2025-11-30
463fc8,6.6165,46.5438,1764503952,670.56,50.51,FALSE,NA,463fc8_2025-11-30 12:59:12,2025-11-30,2025-11-30
463fc8,6.6072,46.4219,1764504132,1920.24,106.18,FALSE,NA,463fc8_2025-11-30 12:59:12,2025-11-30,2025-11-30
463fc8,6.5211,46.2951,1764504312,3505.2,65.8,FALSE,NA,463fc8_2025-11-30 12:59:12,2025-11-30,2025-11-30
463fc8,6.4472,46.1843,1764504492,5036.82,84.97,FALSE,NA,463fc8_2025-11-30 12:59:12,2025-11-30,2025-11-30
463fc8,6.397,46.0485,1764504672,6294.12,88.35,FALSE,NA,463fc8_2025-11-30 12:59:12,2025-11-30,2025-11-30
463fc8,6.4394,45.8922,1764504852,7033.26,119.16,FALSE,NA,463fc8_2025-11-30 12:59:12,2025-11-30,2025-11-30
463fc8,6.5447,45.695,1764505032,7040.88,136.26,FALSE,NA,463fc8_2025-11-30 12:59:12,2025-11-30,2025-11-30
463fc8,6.655,45.4869,1764505212,7040.88,138.85,FALSE,NA,463fc8_2025-11-30 12:59:12,2025-11-30,2025-11-30
463fc8,6.7659,45.2754,1764505392,7048.5,138.37,FALSE,NA,463fc8_2025-11-30 12:59:12,2025-11-30,2025-11-30
463fc8,6.8578,45.0639,1764505572,7056.12,135.88,FALSE,NA,463fc8_2025-11-30 12:59:12,2025-11-30,2025-11-30
463fc8,6.9327,44.8489,1764505752,7063.74,137.75,FALSE,NA,463fc8_2025-11-30 12:59:12,2025-11-30,2025-11-30
463fc8,7.0084,44.631,1764505932,7063.74,139.87,FALSE,NA,463fc8_2025-11-30 12:59:12,2025-11-30,2025-11-30
463fc8,7.0838,44.412,1764506112,6728.46,142.87,FALSE,NA,463fc8_2025-11-30 12:59:12,2025-11-30,2025-11-30
463fc8,7.1679,44.1865,1764506292,5951.22,144.69,FALSE,NA,463fc8_2025-11-30 12:59:12,2025-11-30,2025-11-30
463fc8,7.2934,43.9682,1764506472,4815.84,148.64,FALSE,NA,463fc8_2025-11-30 12:59:12,2025-11-30,2025-11-30
463fc8,7.4098,43.7625,1764506652,3322.32,129.25,FALSE,NA,463fc8_2025-11-30 12:59:12,2025-11-30,2025-11-30
463fc8,7.4142,43.5877,1764506832,1325.88,114.28,FALSE,NA,463fc8_2025-11-30 12:59:12,2025-11-30,2025-11-30
463fc8,7.2083,43.5983,1764507012,426.72,73.87,FALSE,NA,463fc8_2025-11-30 12:59:12,2025-11-30,2025-11-30
460f46,6.6165,46.5433,1764576882,670.56,53.11,FALSE,NA,460f46_2025-12-01 09:14:42,2025-12-01,2025-12-01
460f46,6.7108,46.517,1764577062,2514.6,71.45,FALSE,NA,460f46_2025-12-01 09:14:42,2025-12-01,2025-12-01
460f46,6.8807,46.5572,1764577242,4404.36,81.54,FALSE,NA,460f46_2025-12-01 09:14:42,2025-12-01,2025-12-01
460f46,7.0335,46.6409,1764577422,5547.36,111.27,FALSE,NA,460f46_2025-12-01 09:14:42,2025-12-01,2025-12-01
460f46,7.2622,46.7672,1764577602,5547.36,129.91,FALSE,NA,460f46_2025-12-01 09:14:42,2025-12-01,2025-12-01
460f46,7.4993,46.899,1764577782,5547.36,129.59,FALSE,NA,460f46_2025-12-01 09:14:42,2025-12-01,2025-12-01
460f46,7.7392,47.03,1764577962,5539.74,130.17,FALSE,NA,460f46_2025-12-01 09:14:42,2025-12-01,2025-12-01
460f46,7.95,47.1815,1764578142,5539.74,129.69,FALSE,NA,460f46_2025-12-01 09:14:42,2025-12-01,2025-12-01
460f46,8.1473,47.3426,1764578322,5539.74,130.02,FALSE,NA,460f46_2025-12-01 09:14:42,2025-12-01,2025-12-01
460f46,8.3473,47.5046,1764578502,5539.74,131.08,FALSE,NA,460f46_2025-12-01 09:14:42,2025-12-01,2025-12-01
460f46,8.5246,47.6783,1764578682,5539.74,130.72,FALSE,NA,460f46_2025-12-01 09:14:42,2025-12-01,2025-12-01
460f46,8.6944,47.8574,1764578862,5539.74,131.86,FALSE,NA,460f46_2025-12-01 09:14:42,2025-12-01,2025-12-01
460f46,8.8667,48.0376,1764579042,5539.74,132.85,FALSE,NA,460f46_2025-12-01 09:14:42,2025-12-01,2025-12-01
460f46,9.0416,48.219,1764579222,5539.74,134.27,FALSE,NA,460f46_2025-12-01 09:14:42,2025-12-01,2025-12-01
460f46,9.2191,48.4014,1764579402,5539.74,134.99,FALSE,NA,460f46_2025-12-01 09:14:42,2025-12-01,2025-12-01
460f46,9.3988,48.5846,1764579582,5539.74,135.27,FALSE,NA,460f46_2025-12-01 09:14:42,2025-12-01,2025-12-01
460f46,9.5799,48.7675,1764579762,5539.74,135.98,FALSE,NA,460f46_2025-12-01 09:14:42,2025-12-01,2025-12-01
460f46,9.7637,48.9515,1764579942,5539.74,136.26,FALSE,NA,460f46_2025-12-01 09:14:42,2025-12-01,2025-12-01
460f46,9.9492,49.1355,1764580122,5539.74,136.97,FALSE,NA,460f46_2025-12-01 09:14:42,2025-12-01,2025-12-01
460f46,10.1365,49.3198,1764580302,5539.74,137.26,FALSE,NA,460f46_2025-12-01 09:14:42,2025-12-01,2025-12-01
460f46,10.3263,49.505,1764580482,5532.12,138.26,FALSE,NA,460f46_2025-12-01 09:14:42,2025-12-01,2025-12-01
460f46,10.519,49.6908,1764580662,5532.12,139.26,FALSE,NA,460f46_2025-12-01 09:14:42,2025-12-01,2025-12-01
460f46,10.7137,49.8777,1764580842,5532.12,139.26,FALSE,NA,460f46_2025-12-01 09:14:42,2025-12-01,2025-12-01
460f46,10.9112,50.0653,1764581022,5532.12,140.4,FALSE,NA,460f46_2025-12-01 09:14:42,2025-12-01,2025-12-01
460f46,11.1104,50.2529,1764581202,5532.12,140.27,FALSE,NA,460f46_2025-12-01 09:14:42,2025-12-01,2025-12-01
460f46,11.3099,50.4388,1764581382,5524.5,139.84,FALSE,NA,460f46_2025-12-01 09:14:42,2025-12-01,2025-12-01
460f46,11.5111,50.6246,1764581562,5524.5,139.42,FALSE,NA,460f46_2025-12-01 09:14:42,2025-12-01,2025-12-01
460f46,11.7144,50.8104,1764581742,5524.5,139.71,FALSE,NA,460f46_2025-12-01 09:14:42,2025-12-01,2025-12-01
460f46,11.9196,50.9962,1764581922,5516.88,140.01,FALSE,NA,460f46_2025-12-01 09:14:42,2025-12-01,2025-12-01
460f46,12.1277,51.1826,1764582102,5410.2,145.74,FALSE,NA,460f46_2025-12-01 09:14:42,2025-12-01,2025-12-01
460f46,12.344,51.3744,1764582282,4648.2,143.59,FALSE,NA,460f46_2025-12-01 09:14:42,2025-12-01,2025-12-01
460f46,12.564,51.5675,1764582462,3726.18,147.89,FALSE,NA,460f46_2025-12-01 09:14:42,2025-12-01,2025-12-01
460f46,12.7836,51.7584,1764582642,2689.86,137.49,FALSE,NA,460f46_2025-12-01 09:14:42,2025-12-01,2025-12-01
460f46,12.9876,51.9287,1764582822,1691.64,127,FALSE,NA,460f46_2025-12-01 09:14:42,2025-12-01,2025-12-01
460f46,13.2085,52.0694,1764583002,1234.44,116.72,FALSE,NA,460f46_2025-12-01 09:14:42,2025-12-01,2025-12-01
460f46,13.3858,52.1932,1764583182,624.84,102.25,FALSE,NA,460f46_2025-12-01 09:14:42,2025-12-01,2025-12-01
460f46,13.2209,52.2133,1764583362,335.28,48.79,FALSE,NA,460f46_2025-12-01 09:14:42,2025-12-01,2025-12-01
4b1bdd,6.6173,46.5492,1764578838,723.9,35.36,FALSE,NA,4b1bdd_2025-12-01 09:47:18,2025-12-01,2025-12-01
4b1bdd,6.6119,46.5222,1764579018,868.68,36.68,FALSE,NA,4b1bdd_2025-12-01 09:47:18,2025-12-01,2025-12-01
4b1bdd,6.6169,46.5414,1764579198,NA,29.36,FALSE,NA,4b1bdd_2025-12-01 09:47:18,2025-12-01,2025-12-01
4b1bdd,6.5897,46.5565,1764579378,944.88,49.23,FALSE,NA,4b1bdd_2025-12-01 09:47:18,2025-12-01,2025-12-01
4b1bdd,6.616,46.5386,1764579558,685.8,31.96,FALSE,NA,4b1bdd_2025-12-01 09:47:18,2025-12-01,2025-12-01
4b1bdd,6.6168,46.541,1764579738,NA,NA,FALSE,NA,4b1bdd_2025-12-01 09:47:18,2025-12-01,2025-12-01
4b1bdd,6.6092,46.5932,1764579918,975.36,48.61,FALSE,NA,4b1bdd_2025-12-01 09:47:18,2025-12-01,2025-12-01
4b1bdd,6.498,46.574,1764580098,1097.28,59.59,FALSE,NA,4b1bdd_2025-12-01 09:47:18,2025-12-01,2025-12-01
4b1bdd,6.5137,46.4971,1764580278,1097.28,50.25,FALSE,NA,4b1bdd_2025-12-01 09:47:18,2025-12-01,2025-12-01
4b1bdd,6.6124,46.5005,1764580458,1051.56,40.21,FALSE,NA,4b1bdd_2025-12-01 09:47:18,2025-12-01,2025-12-01
4b1bdd,6.6167,46.5455,1764585532,NA,NA,FALSE,NA,4b1bdd_2025-12-01 11:38:52,2025-12-01,2025-12-01
4b1bdd,6.6106,46.5225,1764585712,830.58,34.29,FALSE,NA,4b1bdd_2025-12-01 11:38:52,2025-12-01,2025-12-01
4b1bdd,6.5831,46.5462,1764585892,876.3,53.56,FALSE,NA,4b1bdd_2025-12-01 11:38:52,2025-12-01,2025-12-01
4b1bdd,6.6171,46.5511,1764586072,746.76,33.58,FALSE,NA,4b1bdd_2025-12-01 11:38:52,2025-12-01,2025-12-01
4b1bdd,6.6148,46.528,1764586252,807.72,35.94,FALSE,NA,4b1bdd_2025-12-01 11:38:52,2025-12-01,2025-12-01
4b447c,6.6174,46.5445,1764587351,NA,10.85,FALSE,NA,4b447c_2025-12-01 12:09:11,2025-12-01,2025-12-01
4b447c,6.6633,46.6301,1764587531,1036.32,70.42,FALSE,NA,4b447c_2025-12-01 12:09:11,2025-12-01,2025-12-01
4b447c,6.809,46.6826,1764587711,975.36,72.41,FALSE,NA,4b447c_2025-12-01 12:09:11,2025-12-01,2025-12-01
4b447c,6.9232,46.767,1764587891,944.88,72.08,FALSE,NA,4b447c_2025-12-01 12:09:11,2025-12-01,2025-12-01
4b447c,7.0545,46.8441,1764588071,944.88,74.05,FALSE,NA,4b447c_2025-12-01 12:09:11,2025-12-01,2025-12-01
4b447c,7.1994,46.9083,1764588251,922.02,73.35,FALSE,NA,4b447c_2025-12-01 12:09:11,2025-12-01,2025-12-01
4b447c,7.3424,46.9725,1764588431,937.26,72.92,FALSE,NA,4b447c_2025-12-01 12:09:11,2025-12-01,2025-12-01
4b447c,7.4859,47.037,1764588611,922.02,73.07,FALSE,NA,4b447c_2025-12-01 12:09:11,2025-12-01,2025-12-01
4b447c,7.6248,47.1054,1764588791,922.02,72.55,FALSE,NA,4b447c_2025-12-01 12:09:11,2025-12-01,2025-12-01
4b447c,7.7561,47.1721,1764588971,922.02,72.1,FALSE,NA,4b447c_2025-12-01 12:09:11,2025-12-01,2025-12-01
4b447c,7.9271,47.1847,1764589151,922.02,74.22,FALSE,NA,4b447c_2025-12-01 12:09:11,2025-12-01,2025-12-01
4b447c,8.0857,47.2183,1764589331,922.02,72.51,FALSE,NA,4b447c_2025-12-01 12:09:11,2025-12-01,2025-12-01
4b447c,8.2178,47.2858,1764589511,868.68,72.79,FALSE,NA,4b447c_2025-12-01 12:09:11,2025-12-01,2025-12-01
4b447c,8.3706,47.3207,1764589691,830.58,66.52,FALSE,NA,4b447c_2025-12-01 12:09:11,2025-12-01,2025-12-01
4b447c,8.5341,47.346,1764589871,891.54,70.59,FALSE,NA,4b447c_2025-12-01 12:09:11,2025-12-01,2025-12-01
4b447c,8.5891,47.381,1764590051,NA,4.15,FALSE,NA,4b447c_2025-12-01 12:09:11,2025-12-01,2025-12-01
4b447c,8.5891,47.381,1764590231,NA,4.15,FALSE,NA,4b447c_2025-12-01 12:09:11,2025-12-01,2025-12-01
4b447c,8.5088,47.329,1764590411,929.64,74.06,FALSE,NA,4b447c_2025-12-01 12:09:11,2025-12-01,2025-12-01
4b447c,8.3892,47.246,1764590591,876.3,76.68,FALSE,NA,4b447c_2025-12-01 12:09:11,2025-12-01,2025-12-01
4b447c,8.2518,47.2084,1764590771,914.4,74.85,FALSE,NA,4b447c_2025-12-01 12:09:11,2025-12-01,2025-12-01
4b3303,6.6181,46.547,1764587714,662.94,0,FALSE,NA,4b3303_2025-12-01 12:15:14,2025-12-01,2025-12-01
4b3303,6.63,46.6158,1764587894,937.26,57.11,FALSE,NA,4b3303_2025-12-01 12:15:14,2025-12-01,2025-12-01
4b3303,6.6547,46.7094,1764588074,975.36,56.5,FALSE,NA,4b3303_2025-12-01 12:15:14,2025-12-01,2025-12-01
4b3303,6.6792,46.8017,1764588254,739.14,61.15,FALSE,NA,4b3303_2025-12-01 12:15:14,2025-12-01,2025-12-01
4b3303,6.7409,46.8872,1764588434,876.3,61.14,FALSE,NA,4b3303_2025-12-01 12:15:14,2025-12-01,2025-12-01
4b3303,6.7925,46.9629,1764588614,861.06,60.76,FALSE,NA,4b3303_2025-12-01 12:15:14,2025-12-01,2025-12-01
4b25ea,6.6165,46.5432,1764592212,NA,26.28,FALSE,NA,4b25ea_2025-12-01 13:30:12,2025-12-01,2025-12-01
4b25ea,6.6144,46.6063,1764592392,1150.62,47.53,FALSE,NA,4b25ea_2025-12-01 13:30:12,2025-12-01,2025-12-01
4b25ea,6.6856,46.6241,1764592572,1165.86,45.8,FALSE,NA,4b25ea_2025-12-01 13:30:12,2025-12-01,2025-12-01
4b25ea,6.797,46.6193,1764592752,1074.42,48.64,FALSE,NA,4b25ea_2025-12-01 13:30:12,2025-12-01,2025-12-01
4b25ea,6.8036,46.6339,1764592932,1089.66,51.53,FALSE,NA,4b25ea_2025-12-01 13:30:12,2025-12-01,2025-12-01
4b25ea,6.8331,46.5716,1764593112,1097.28,52.58,FALSE,NA,4b25ea_2025-12-01 13:30:12,2025-12-01,2025-12-01
4b25ea,6.9336,46.5904,1764593292,1104.9,52.76,FALSE,NA,4b25ea_2025-12-01 13:30:12,2025-12-01,2025-12-01
4b25ea,6.8715,46.5884,1764593472,1234.44,53.84,FALSE,NA,4b25ea_2025-12-01 13:30:12,2025-12-01,2025-12-01
4b25ea,6.8163,46.6614,1764593652,1059.18,55.05,FALSE,NA,4b25ea_2025-12-01 13:30:12,2025-12-01,2025-12-01
4b25ea,6.7909,46.6473,1764593832,1059.18,52.84,FALSE,NA,4b25ea_2025-12-01 13:30:12,2025-12-01,2025-12-01
4b25ea,6.6701,46.6463,1764594012,1242.06,54.57,FALSE,NA,4b25ea_2025-12-01 13:30:12,2025-12-01,2025-12-01
4b25ea,6.5766,46.6854,1764594192,1013.46,49.39,FALSE,NA,4b25ea_2025-12-01 13:30:12,2025-12-01,2025-12-01
4b25ea,6.6319,46.7609,1764594372,1028.7,53.92,FALSE,NA,4b25ea_2025-12-01 13:30:12,2025-12-01,2025-12-01
4b25ea,6.7047,46.828,1764594552,960.12,51.35,FALSE,NA,4b25ea_2025-12-01 13:30:12,2025-12-01,2025-12-01
4b25ea,6.796,46.8841,1764594732,937.26,52.39,FALSE,NA,4b25ea_2025-12-01 13:30:12,2025-12-01,2025-12-01
4b25ea,6.8978,46.9303,1764594912,876.3,50.94,FALSE,NA,4b25ea_2025-12-01 13:30:12,2025-12-01,2025-12-01
4b25ea,6.9866,46.9859,1764595092,906.78,50.06,FALSE,NA,4b25ea_2025-12-01 13:30:12,2025-12-01,2025-12-01
4b25ea,7.0905,47.0158,1764595272,975.36,50.46,FALSE,NA,4b25ea_2025-12-01 13:30:12,2025-12-01,2025-12-01
4b25ea,7.1838,46.9667,1764595452,937.26,51.37,FALSE,NA,4b25ea_2025-12-01 13:30:12,2025-12-01,2025-12-01
4b25ea,7.1236,47.0023,1764595632,960.12,54.35,FALSE,NA,4b25ea_2025-12-01 13:30:12,2025-12-01,2025-12-01
4b25ea,7.0085,46.988,1764595812,853.44,56.94,FALSE,NA,4b25ea_2025-12-01 13:30:12,2025-12-01,2025-12-01
4b25ea,6.9069,46.9331,1764595992,899.16,54.26,FALSE,NA,4b25ea_2025-12-01 13:30:12,2025-12-01,2025-12-01
4b25ea,6.8099,46.8737,1764596172,922.02,55.26,FALSE,NA,4b25ea_2025-12-01 13:30:12,2025-12-01,2025-12-01
4b25ea,6.7021,46.8224,1764596352,944.88,54.12,FALSE,NA,4b25ea_2025-12-01 13:30:12,2025-12-01,2025-12-01
4b25ea,6.6251,46.7548,1764596532,1013.46,55.45,FALSE,NA,4b25ea_2025-12-01 13:30:12,2025-12-01,2025-12-01
4b25ea,6.552,46.6975,1764596712,1318.26,42.95,FALSE,NA,4b25ea_2025-12-01 13:30:12,2025-12-01,2025-12-01
4b25ea,6.5823,46.6729,1764596892,1714.5,48.09,FALSE,NA,4b25ea_2025-12-01 13:30:12,2025-12-01,2025-12-01
4b25ea,6.5874,46.6882,1764597072,1722.12,54.65,FALSE,NA,4b25ea_2025-12-01 13:30:12,2025-12-01,2025-12-01
4b25ea,6.5636,46.7033,1764597252,1188.72,50.17,FALSE,NA,4b25ea_2025-12-01 13:30:12,2025-12-01,2025-12-01
4b25ea,6.515,46.6292,1764597432,1196.34,51.57,FALSE,NA,4b25ea_2025-12-01 13:30:12,2025-12-01,2025-12-01
4b25ea,6.5084,46.5798,1764597612,1203.96,51.44,FALSE,NA,4b25ea_2025-12-01 13:30:12,2025-12-01,2025-12-01
4b25ea,6.561,46.511,1764597792,1059.18,51.37,FALSE,NA,4b25ea_2025-12-01 13:30:12,2025-12-01,2025-12-01
4b25ea,6.6163,46.5418,1764597972,670.56,34.05,FALSE,NA,4b25ea_2025-12-01 13:30:12,2025-12-01,2025-12-01
4b25ea,6.6168,46.5415,1764598152,NA,6.92,FALSE,NA,4b25ea_2025-12-01 13:30:12,2025-12-01,2025-12-01
4b25ea,6.6166,46.5412,1764598332,NA,6.92,FALSE,NA,4b25ea_2025-12-01 13:30:12,2025-12-01,2025-12-01
4b25ea,6.5834,46.5342,1764598512,883.92,46.3,FALSE,NA,4b25ea_2025-12-01 13:30:12,2025-12-01,2025-12-01
4b1bdd,6.6167,46.5458,1764595161,NA,NA,FALSE,NA,4b1bdd_2025-12-01 14:19:21,2025-12-01,2025-12-01
4b1bdd,6.5146,46.562,1764595341,1059.18,58.93,FALSE,NA,4b1bdd_2025-12-01 14:19:21,2025-12-01,2025-12-01
4b1bdd,6.4769,46.5814,1764595521,822.96,39.56,FALSE,NA,4b1bdd_2025-12-01 14:19:21,2025-12-01,2025-12-01
4b1bdd,6.473,46.5623,1764595701,1097.28,56.39,FALSE,NA,4b1bdd_2025-12-01 14:19:21,2025-12-01,2025-12-01
4b1bdd,6.5556,46.5065,1764595881,1043.94,46.97,FALSE,NA,4b1bdd_2025-12-01 14:19:21,2025-12-01,2025-12-01
4b1bdd,6.6153,46.531,1764596061,777.24,32.99,FALSE,NA,4b1bdd_2025-12-01 14:19:21,2025-12-01,2025-12-01
4b1bdd,6.5822,46.5379,1764596241,861.06,39.51,FALSE,NA,4b1bdd_2025-12-01 14:19:21,2025-12-01,2025-12-01
4b1bdd,6.6175,46.5489,1764596421,NA,35.56,FALSE,NA,4b1bdd_2025-12-01 14:19:21,2025-12-01,2025-12-01
4b1bdd,6.6169,46.5414,1764596601,NA,35.56,FALSE,NA,4b1bdd_2025-12-01 14:19:21,2025-12-01,2025-12-01
4b1bdd,6.5824,46.5509,1764596781,853.44,48.94,FALSE,NA,4b1bdd_2025-12-01 14:19:21,2025-12-01,2025-12-01
4b1bdd,6.612,46.555,1764596961,792.48,45.89,FALSE,NA,4b1bdd_2025-12-01 14:19:21,2025-12-01,2025-12-01
4b1bdd,6.6154,46.5335,1764597141,769.62,39.56,FALSE,NA,4b1bdd_2025-12-01 14:19:21,2025-12-01,2025-12-01
4b1bdd,6.5836,46.5344,1764597321,838.2,39.16,FALSE,NA,4b1bdd_2025-12-01 14:19:21,2025-12-01,2025-12-01
4b1bdd,6.5978,46.5565,1764597501,838.2,43.14,FALSE,NA,4b1bdd_2025-12-01 14:19:21,2025-12-01,2025-12-01
4b1bdd,6.6155,46.5325,1764597681,739.14,36.66,FALSE,NA,4b1bdd_2025-12-01 14:19:21,2025-12-01,2025-12-01
4b1bdd,6.6168,46.5418,1764597861,NA,30.94,FALSE,NA,4b1bdd_2025-12-01 14:19:21,2025-12-01,2025-12-01
4b1bdd,6.6167,46.5453,1764598041,NA,30.94,FALSE,NA,4b1bdd_2025-12-01 14:19:21,2025-12-01,2025-12-01
4b1bdd,6.6008,46.5239,1764598221,861.06,37.4,FALSE,NA,4b1bdd_2025-12-01 14:19:21,2025-12-01,2025-12-01
4b28b1,6.6163,46.5418,1764596153,NA,NA,FALSE,NA,4b28b1_2025-12-01 14:35:53,2025-12-01,2025-12-01
4b28b1,6.5873,46.5371,1764596333,1417.32,41.78,FALSE,NA,4b28b1_2025-12-01 14:35:53,2025-12-01,2025-12-01
4b28b1,6.6901,46.5677,1764596513,2057.4,54.37,FALSE,NA,4b28b1_2025-12-01 14:35:53,2025-12-01,2025-12-01
4b28b1,6.8019,46.6121,1764596693,2613.66,55.96,FALSE,NA,4b28b1_2025-12-01 14:35:53,2025-12-01,2025-12-01
4b28b1,6.9262,46.6616,1764596873,2773.68,64.06,FALSE,NA,4b28b1_2025-12-01 14:35:53,2025-12-01,2025-12-01
4b28b1,7.0571,46.7125,1764597053,2773.68,64.77,FALSE,NA,4b28b1_2025-12-01 14:35:53,2025-12-01,2025-12-01
4b28b1,7.1921,46.7655,1764597233,2773.68,67.26,FALSE,NA,4b28b1_2025-12-01 14:35:53,2025-12-01,2025-12-01
4b28b1,7.2734,46.855,1764597413,2468.88,62.21,FALSE,NA,4b28b1_2025-12-01 14:35:53,2025-12-01,2025-12-01
4b28b1,7.3027,46.9422,1764597593,2354.58,60.93,FALSE,NA,4b28b1_2025-12-01 14:35:53,2025-12-01,2025-12-01
4b28b1,7.2806,47.0208,1764597773,1775.46,59.04,FALSE,NA,4b28b1_2025-12-01 14:35:53,2025-12-01,2025-12-01
4b28b1,7.3981,46.9954,1764597953,1242.06,50.13,FALSE,NA,4b28b1_2025-12-01 14:35:53,2025-12-01,2025-12-01
4b28b1,7.4694,46.9368,1764598133,769.62,44.92,FALSE,NA,4b28b1_2025-12-01 14:35:53,2025-12-01,2025-12-01
4b1af2,6.6167,46.5454,1764597678,670.56,36.58,FALSE,NA,4b1af2_2025-12-01 15:01:18,2025-12-01,2025-12-01
4b1af2,6.5844,46.6116,1764597858,1211.58,58.49,FALSE,NA,4b1af2_2025-12-01 15:01:18,2025-12-01,2025-12-01
4b1af2,6.5086,46.604,1764598038,1310.64,52.08,FALSE,NA,4b1af2_2025-12-01 15:01:18,2025-12-01,2025-12-01
4b1af2,6.5027,46.5187,1764598218,1234.44,50.95,FALSE,NA,4b1af2_2025-12-01 15:01:18,2025-12-01,2025-12-01
4b1af2,6.5808,46.4759,1764598398,1234.44,55.68,FALSE,NA,4b1af2_2025-12-01 15:01:18,2025-12-01,2025-12-01
4b1af2,6.7111,46.4701,1764598578,1173.48,56.92,FALSE,NA,4b1af2_2025-12-01 15:01:18,2025-12-01,2025-12-01
4b1af2,6.8025,46.4507,1764598758,1089.66,55.41,FALSE,NA,4b1af2_2025-12-01 15:01:18,2025-12-01,2025-12-01
4b1af2,6.6803,46.471,1764598938,1135.38,53.92,FALSE,NA,4b1af2_2025-12-01 15:01:18,2025-12-01,2025-12-01
4b1af2,6.6138,46.5138,1764599118,853.44,39.13,FALSE,NA,4b1af2_2025-12-01 15:01:18,2025-12-01,2025-12-01
4b1af2,6.6167,46.5454,1764673790,662.94,37.13,FALSE,NA,4b1af2_2025-12-02 12:09:50,2025-12-02,2025-12-02
4b1af2,6.642,46.6068,1764673970,1341.12,58.18,FALSE,NA,4b1af2_2025-12-02 12:09:50,2025-12-02,2025-12-02
4b1af2,6.7708,46.6381,1764674150,1402.08,58.25,FALSE,NA,4b1af2_2025-12-02 12:09:50,2025-12-02,2025-12-02
4b1af2,6.9099,46.6701,1764674330,1463.04,66.87,FALSE,NA,4b1af2_2025-12-02 12:09:50,2025-12-02,2025-12-02
4b1af2,7.0087,46.6454,1764674510,1417.32,58.25,FALSE,NA,4b1af2_2025-12-02 12:09:50,2025-12-02,2025-12-02
4b1af2,6.9475,46.5779,1764674690,1737.36,52.39,FALSE,NA,4b1af2_2025-12-02 12:09:50,2025-12-02,2025-12-02
4b1af2,6.9316,46.4935,1764674870,1684.02,53.47,FALSE,NA,4b1af2_2025-12-02 12:09:50,2025-12-02,2025-12-02
4b1af2,6.813,46.4765,1764675050,1424.94,63.26,FALSE,NA,4b1af2_2025-12-02 12:09:50,2025-12-02,2025-12-02
4b1af2,6.6812,46.5054,1764675230,1112.52,57.03,FALSE,NA,4b1af2_2025-12-02 12:09:50,2025-12-02,2025-12-02
4b1af2,6.6518,46.5482,1764675410,1112.52,59.25,FALSE,NA,4b1af2_2025-12-02 12:09:50,2025-12-02,2025-12-02
4b1af2,6.6138,46.5264,1764675590,800.1,43.84,FALSE,NA,4b1af2_2025-12-02 12:09:50,2025-12-02,2025-12-02
4b1af2,6.6165,46.5434,1764679980,NA,NA,FALSE,NA,4b1af2_2025-12-02 13:53:00,2025-12-02,2025-12-02
4b1af2,6.6144,46.5268,1764680160,807.72,34.53,FALSE,NA,4b1af2_2025-12-02 13:53:00,2025-12-02,2025-12-02
4b1af2,6.5849,46.5373,1764680340,861.06,48.55,FALSE,NA,4b1af2_2025-12-02 13:53:00,2025-12-02,2025-12-02
4b1af2,6.6042,46.5564,1764680520,876.3,45.51,FALSE,NA,4b1af2_2025-12-02 13:53:00,2025-12-02,2025-12-02
4b1af2,6.6164,46.5421,1764680700,662.94,30.94,FALSE,NA,4b1af2_2025-12-02 13:53:00,2025-12-02,2025-12-02
4b0e59,6.6166,46.5444,1764681620,670.56,32.48,FALSE,NA,4b0e59_2025-12-02 14:20:20,2025-12-02,2025-12-02
4b0e59,6.6383,46.6043,1764681800,1668.78,45.27,FALSE,NA,4b0e59_2025-12-02 14:20:20,2025-12-02,2025-12-02
4b0e59,6.754,46.5878,1764681980,2202.18,53.79,FALSE,NA,4b0e59_2025-12-02 14:20:20,2025-12-02,2025-12-02
4b0e59,6.8704,46.5513,1764682160,2316.48,61.05,FALSE,NA,4b0e59_2025-12-02 14:20:20,2025-12-02,2025-12-02
4b0e59,7.0026,46.5312,1764682340,2400.3,57.18,FALSE,NA,4b0e59_2025-12-02 14:20:20,2025-12-02,2025-12-02
4b0e59,7.1158,46.5076,1764682520,2636.52,57.49,FALSE,NA,4b0e59_2025-12-02 14:20:20,2025-12-02,2025-12-02
4b0e59,7.2399,46.5335,1764682700,2651.76,51.78,FALSE,NA,4b0e59_2025-12-02 14:20:20,2025-12-02,2025-12-02
4b0e59,7.2719,46.5576,1764682880,2377.44,42.05,FALSE,NA,4b0e59_2025-12-02 14:20:20,2025-12-02,2025-12-02
4b0e59,7.3735,46.5359,1764683060,1645.92,53.13,FALSE,NA,4b0e59_2025-12-02 14:20:20,2025-12-02,2025-12-02
4b0e59,7.331,46.5866,1764683240,2354.58,53.86,FALSE,NA,4b0e59_2025-12-02 14:20:20,2025-12-02,2025-12-02
4b0e59,7.244,46.6377,1764683420,2217.42,55.6,FALSE,NA,4b0e59_2025-12-02 14:20:20,2025-12-02,2025-12-02
4b0e59,7.1216,46.6793,1764683600,1600.2,64.23,FALSE,NA,4b0e59_2025-12-02 14:20:20,2025-12-02,2025-12-02
4b0e59,7.0061,46.7026,1764683780,1188.72,47.89,FALSE,NA,4b0e59_2025-12-02 14:20:20,2025-12-02,2025-12-02
4b0e59,7.0819,46.7363,1764683960,1097.28,44.91,FALSE,NA,4b0e59_2025-12-02 14:20:20,2025-12-02,2025-12-02
4d2016,6.6166,46.5448,1764681690,NA,NA,FALSE,NA,4d2016_2025-12-02 14:21:30,2025-12-02,2025-12-02
4d2016,6.57,46.5119,1764681870,2179.32,73.57,FALSE,NA,4d2016_2025-12-02 14:21:30,2025-12-02,2025-12-02
4d2016,6.6122,46.3917,1764682050,4076.7,83.67,FALSE,NA,4d2016_2025-12-02 14:21:30,2025-12-02,2025-12-02
4d2016,6.6711,46.2559,1764682230,5585.46,87.56,FALSE,NA,4d2016_2025-12-02 14:21:30,2025-12-02,2025-12-02
4d2016,6.7323,46.1141,1764682410,6789.42,94.41,FALSE,NA,4d2016_2025-12-02 14:21:30,2025-12-02,2025-12-02
4d2016,6.7976,45.9617,1764682590,7680.96,112.15,FALSE,NA,4d2016_2025-12-02 14:21:30,2025-12-02,2025-12-02
4d2016,6.9598,45.7856,1764682770,7688.58,136.98,FALSE,NA,4d2016_2025-12-02 14:21:30,2025-12-02,2025-12-02
4d2016,7.1365,45.6034,1764682950,7688.58,138.55,FALSE,NA,4d2016_2025-12-02 14:21:30,2025-12-02,2025-12-02
4d2016,7.3176,45.4153,1764683130,7688.58,141.54,FALSE,NA,4d2016_2025-12-02 14:21:30,2025-12-02,2025-12-02
4d2016,7.5008,45.2234,1764683310,7688.58,144.54,FALSE,NA,4d2016_2025-12-02 14:21:30,2025-12-02,2025-12-02
4d2016,7.6862,45.0274,1764683490,7688.58,147.96,FALSE,NA,4d2016_2025-12-02 14:21:30,2025-12-02,2025-12-02
4d2016,7.874,44.8273,1764683670,7680.96,149.25,FALSE,NA,4d2016_2025-12-02 14:21:30,2025-12-02,2025-12-02
4d2016,8.0579,44.6233,1764683850,7680.96,150.04,FALSE,NA,4d2016_2025-12-02 14:21:30,2025-12-02,2025-12-02
4d2016,8.2176,44.4087,1764684030,7680.96,150.73,FALSE,NA,4d2016_2025-12-02 14:21:30,2025-12-02,2025-12-02
4d2016,8.3774,44.192,1764684210,7680.96,152.34,FALSE,NA,4d2016_2025-12-02 14:21:30,2025-12-02,2025-12-02
4d2016,8.5376,43.9729,1764684390,7673.34,154.18,FALSE,NA,4d2016_2025-12-02 14:21:30,2025-12-02,2025-12-02
4d2016,8.6915,43.7491,1764684570,7673.34,155.09,FALSE,NA,4d2016_2025-12-02 14:21:30,2025-12-02,2025-12-02
4d2016,8.7091,43.4999,1764684750,7673.34,153.92,FALSE,NA,4d2016_2025-12-02 14:21:30,2025-12-02,2025-12-02
4d2016,8.7213,43.2503,1764684930,7680.96,154.95,FALSE,NA,4d2016_2025-12-02 14:21:30,2025-12-02,2025-12-02
4d2016,8.7336,42.9993,1764685110,7680.96,154.95,FALSE,NA,4d2016_2025-12-02 14:21:30,2025-12-02,2025-12-02
4d2016,8.7456,42.7482,1764685290,7680.96,155.98,FALSE,NA,4d2016_2025-12-02 14:21:30,2025-12-02,2025-12-02
4d2016,8.7577,42.4975,1764685470,7680.96,156.49,FALSE,NA,4d2016_2025-12-02 14:21:30,2025-12-02,2025-12-02
4d2016,8.7697,42.2433,1764685650,7688.58,155.96,FALSE,NA,4d2016_2025-12-02 14:21:30,2025-12-02,2025-12-02
4d2016,8.7818,41.9896,1764685830,7170.42,158.55,FALSE,NA,4d2016_2025-12-02 14:21:30,2025-12-02,2025-12-02
4d2016,8.7936,41.7306,1764686010,6339.84,160.09,FALSE,NA,4d2016_2025-12-02 14:21:30,2025-12-02,2025-12-02
4d2016,8.8214,41.4819,1764686190,5509.26,151.22,FALSE,NA,4d2016_2025-12-02 14:21:30,2025-12-02,2025-12-02
4d2016,8.9004,41.247,1764686370,4678.68,146.98,FALSE,NA,4d2016_2025-12-02 14:21:30,2025-12-02,2025-12-02
4d2016,8.9763,41.0206,1764686550,3749.04,142.11,FALSE,NA,4d2016_2025-12-02 14:21:30,2025-12-02,2025-12-02
4d2016,9.0454,40.8126,1764686730,2697.48,123.53,FALSE,NA,4d2016_2025-12-02 14:21:30,2025-12-02,2025-12-02
39c9ae,6.6235,46.5446,1764686490,1569.72,0,FALSE,NA,39c9ae_2025-12-02 15:41:30,2025-12-02,2025-12-02
39c9ae,6.6227,46.5371,1764686670,-381,2101.12,FALSE,NA,39c9ae_2025-12-02 15:41:30,2025-12-02,2025-12-02
39c9ae,6.6171,46.5506,1764686850,-350.52,2103.05,FALSE,NA,39c9ae_2025-12-02 15:41:30,2025-12-02,2025-12-02
39c9ae,6.6031,46.5075,1764687030,137.16,2101.12,FALSE,NA,39c9ae_2025-12-02 15:41:30,2025-12-02,2025-12-02
39c9ae,6.6094,46.4297,1764687210,381,2101.12,FALSE,NA,39c9ae_2025-12-02 15:41:30,2025-12-02,2025-12-02
39c9ae,6.5801,46.3479,1764687390,624.84,0,FALSE,NA,39c9ae_2025-12-02 15:41:30,2025-12-02,2025-12-02
39c9ae,6.4986,46.2843,1764687570,624.84,0,FALSE,NA,39c9ae_2025-12-02 15:41:30,2025-12-02,2025-12-02
39c9ae,6.4345,46.2187,1764687750,2758.44,0,FALSE,NA,39c9ae_2025-12-02 15:41:30,2025-12-02,2025-12-02
39c9ae,6.3565,46.1558,1764687930,2758.44,0,FALSE,NA,39c9ae_2025-12-02 15:41:30,2025-12-02,2025-12-02
39c9ae,6.2962,46.0905,1764688110,838.2,489.75,FALSE,NA,39c9ae_2025-12-02 15:41:30,2025-12-02,2025-12-02
39c9ae,6.2161,46.0265,1764688290,838.2,0,FALSE,NA,39c9ae_2025-12-02 15:41:30,2025-12-02,2025-12-02
39c9ae,6.1532,45.9533,1764688470,838.2,2101.12,FALSE,NA,39c9ae_2025-12-02 15:41:30,2025-12-02,2025-12-02
39c9ae,6.0871,45.8908,1764688650,868.68,0,FALSE,NA,39c9ae_2025-12-02 15:41:30,2025-12-02,2025-12-02
4b25ea,6.6167,46.5452,1764686957,662.94,33.5,FALSE,NA,4b25ea_2025-12-02 15:49:17,2025-12-02,2025-12-02
4b25ea,6.5987,46.5222,1764687137,876.3,52.17,FALSE,NA,4b25ea_2025-12-02 15:49:17,2025-12-02,2025-12-02
4b25ea,6.6169,46.543,1764687317,NA,10.34,FALSE,NA,4b25ea_2025-12-02 15:49:17,2025-12-02,2025-12-02
4b25ea,6.5829,46.5521,1764687497,891.54,45.56,FALSE,NA,4b25ea_2025-12-02 15:49:17,2025-12-02,2025-12-02
4b25ea,6.6164,46.5432,1764687677,662.94,26.8,FALSE,NA,4b25ea_2025-12-02 15:49:17,2025-12-02,2025-12-02
4b25ea,6.6168,46.541,1764687857,NA,11.33,FALSE,NA,4b25ea_2025-12-02 15:49:17,2025-12-02,2025-12-02
4b25ea,6.5807,46.5369,1764688037,876.3,48.58,FALSE,NA,4b25ea_2025-12-02 15:49:17,2025-12-02,2025-12-02
4b2841,6.6163,46.5413,1764687013,NA,NA,FALSE,NA,4b2841_2025-12-02 15:50:13,2025-12-02,2025-12-02
4b2841,6.598,46.5265,1764687193,861.06,47.03,FALSE,NA,4b2841_2025-12-02 15:50:13,2025-12-02,2025-12-02
4b2841,6.6196,46.5824,1764687373,1082.04,51.7,FALSE,NA,4b2841_2025-12-02 15:50:13,2025-12-02,2025-12-02
4b2841,6.5493,46.5559,1764687553,1066.8,70.21,FALSE,NA,4b2841_2025-12-02 15:50:13,2025-12-02,2025-12-02
4b2841,6.476,46.459,1764687733,1036.32,69.3,FALSE,NA,4b2841_2025-12-02 15:50:13,2025-12-02,2025-12-02
4b2841,6.3879,46.3678,1764687913,1074.42,67.91,FALSE,NA,4b2841_2025-12-02 15:50:13,2025-12-02,2025-12-02
4b2841,6.2889,46.281,1764688093,1043.94,67.35,FALSE,NA,4b2841_2025-12-02 15:50:13,2025-12-02,2025-12-02
4b2841,6.1757,46.2823,1764688273,944.88,71.66,FALSE,NA,4b2841_2025-12-02 15:50:13,2025-12-02,2025-12-02
4b3301,6.6184,46.547,1764701748,NA,NA,FALSE,NA,4b3301_2025-12-02 19:55:48,2025-12-02,2025-12-02
4b3301,6.6784,46.5201,1764701928,1059.18,59.04,FALSE,NA,4b3301_2025-12-02 19:55:48,2025-12-02,2025-12-02
4b3301,6.7805,46.4557,1764702108,1089.66,59.3,FALSE,NA,4b3301_2025-12-02 19:55:48,2025-12-02,2025-12-02
4b3301,6.8807,46.3943,1764702288,1051.56,58.47,FALSE,NA,4b3301_2025-12-02 19:55:48,2025-12-02,2025-12-02
4b3303,6.6181,46.547,1764704569,670.56,0,FALSE,NA,4b3303_2025-12-02 20:42:49,2025-12-02,2025-12-02
4b3303,6.6319,46.5959,1764704749,1051.56,47.4,FALSE,NA,4b3303_2025-12-02 20:42:49,2025-12-02,2025-12-02
4b3303,6.6712,46.6873,1764704929,1508.76,63.26,FALSE,NA,4b3303_2025-12-02 20:42:49,2025-12-02,2025-12-02
4b3303,6.7115,46.7953,1764705109,1584.96,70.62,FALSE,NA,4b3303_2025-12-02 20:42:49,2025-12-02,2025-12-02
4b3303,6.7541,46.9085,1764705289,1699.26,74.99,FALSE,NA,4b3303_2025-12-02 20:42:49,2025-12-02,2025-12-02
4b3303,6.7987,47.0265,1764705469,1699.26,75.99,FALSE,NA,4b3303_2025-12-02 20:42:49,2025-12-02,2025-12-02
4b28b1,6.6168,46.5466,1764754519,670.56,29.91,FALSE,NA,4b28b1_2025-12-03 10:35:19,2025-12-03,2025-12-03
4b28b1,6.6477,46.5169,1764754699,1333.5,42.26,FALSE,NA,4b28b1_2025-12-03 10:35:19,2025-12-03,2025-12-03
4b28b1,6.7002,46.5859,1764754879,1866.9,51.56,FALSE,NA,4b28b1_2025-12-03 10:35:19,2025-12-03,2025-12-03
4b28b1,6.777,46.6462,1764755059,2339.34,48.38,FALSE,NA,4b28b1_2025-12-03 10:35:19,2025-12-03,2025-12-03
4b28b1,6.8576,46.7029,1764755239,2735.58,49.49,FALSE,NA,4b28b1_2025-12-03 10:35:19,2025-12-03,2025-12-03
4b28b1,6.9493,46.7672,1764755419,2743.2,58.2,FALSE,NA,4b28b1_2025-12-03 10:35:19,2025-12-03,2025-12-03
4b28b1,7.049,46.8338,1764755599,2743.2,58.44,FALSE,NA,4b28b1_2025-12-03 10:35:19,2025-12-03,2025-12-03
4b28b1,7.1681,46.8822,1764755779,2743.2,57.18,FALSE,NA,4b28b1_2025-12-03 10:35:19,2025-12-03,2025-12-03
4b28b1,7.2999,46.9024,1764755959,2743.2,57.81,FALSE,NA,4b28b1_2025-12-03 10:35:19,2025-12-03,2025-12-03
4b28b1,7.4353,46.9226,1764756139,2735.58,59.15,FALSE,NA,4b28b1_2025-12-03 10:35:19,2025-12-03,2025-12-03
4b28b1,7.5469,46.9826,1764756319,2743.2,60.02,FALSE,NA,4b28b1_2025-12-03 10:35:19,2025-12-03,2025-12-03
4b28b1,7.6572,47.043,1764756499,2743.2,59.29,FALSE,NA,4b28b1_2025-12-03 10:35:19,2025-12-03,2025-12-03
4b28b1,7.771,47.1054,1764756679,2461.26,63.31,FALSE,NA,4b28b1_2025-12-03 10:35:19,2025-12-03,2025-12-03
4b28b1,7.8896,47.1698,1764756859,2011.68,62.44,FALSE,NA,4b28b1_2025-12-03 10:35:19,2025-12-03,2025-12-03
4b28b1,7.831,47.2458,1764757039,1851.66,51.67,FALSE,NA,4b28b1_2025-12-03 10:35:19,2025-12-03,2025-12-03
4b28b1,7.7088,47.2284,1764757219,1828.8,56.41,FALSE,NA,4b28b1_2025-12-03 10:35:19,2025-12-03,2025-12-03
4b28b1,7.5692,47.2068,1764757399,1165.86,58.93,FALSE,NA,4b28b1_2025-12-03 10:35:19,2025-12-03,2025-12-03
4b28b1,7.4531,47.1886,1764757579,701.04,46.79,FALSE,NA,4b28b1_2025-12-03 10:35:19,2025-12-03,2025-12-03
4b28b1,7.3919,47.1485,1764757759,1386.84,46.58,FALSE,NA,4b28b1_2025-12-03 10:35:19,2025-12-03,2025-12-03
4b28b1,7.4948,47.1255,1764757939,1958.34,48.55,FALSE,NA,4b28b1_2025-12-03 10:35:19,2025-12-03,2025-12-03
4b28b1,7.6205,47.1382,1764758119,2141.22,60.84,FALSE,NA,4b28b1_2025-12-03 10:35:19,2025-12-03,2025-12-03
4b28b1,7.7545,47.156,1764758299,2148.84,55.91,FALSE,NA,4b28b1_2025-12-03 10:35:19,2025-12-03,2025-12-03
4b28b1,7.8924,47.1763,1764758479,2156.46,53.56,FALSE,NA,4b28b1_2025-12-03 10:35:19,2025-12-03,2025-12-03
4b28b1,7.8718,47.1431,1764758659,2148.84,52.23,FALSE,NA,4b28b1_2025-12-03 10:35:19,2025-12-03,2025-12-03
4b28b1,7.9148,47.157,1764758839,2156.46,50.25,FALSE,NA,4b28b1_2025-12-03 10:35:19,2025-12-03,2025-12-03
4b28b1,7.8224,47.1696,1764759019,2293.62,48.46,FALSE,NA,4b28b1_2025-12-03 10:35:19,2025-12-03,2025-12-03
4b28b1,7.7063,47.1817,1764759199,2743.2,48.89,FALSE,NA,4b28b1_2025-12-03 10:35:19,2025-12-03,2025-12-03
4b28b1,7.5732,47.1939,1764759379,2743.2,58.2,FALSE,NA,4b28b1_2025-12-03 10:35:19,2025-12-03,2025-12-03
4b28b1,7.4352,47.2076,1764759559,2743.2,59.8,FALSE,NA,4b28b1_2025-12-03 10:35:19,2025-12-03,2025-12-03
4b28b1,7.2867,47.2234,1764759739,2499.36,68.17,FALSE,NA,4b28b1_2025-12-03 10:35:19,2025-12-03,2025-12-03
4b28b1,7.1384,47.2376,1764759919,2438.4,63.95,FALSE,NA,4b28b1_2025-12-03 10:35:19,2025-12-03,2025-12-03
4b28b1,7.013,47.1915,1764760099,2164.08,55.98,FALSE,NA,4b28b1_2025-12-03 10:35:19,2025-12-03,2025-12-03
4b28b1,6.912,47.1432,1764760279,1744.98,50.31,FALSE,NA,4b28b1_2025-12-03 10:35:19,2025-12-03,2025-12-03
4b3303,6.6181,46.547,1764764500,NA,NA,FALSE,NA,4b3303_2025-12-03 13:21:40,2025-12-03,2025-12-03
4b3303,6.6189,46.6203,1764764680,777.24,61.41,FALSE,NA,4b3303_2025-12-03 13:21:40,2025-12-03,2025-12-03
4b3303,6.5796,46.6959,1764764860,670.56,57.42,FALSE,NA,4b3303_2025-12-03 13:21:40,2025-12-03,2025-12-03
4b3303,6.6519,46.7736,1764765040,640.08,60.84,FALSE,NA,4b3303_2025-12-03 13:21:40,2025-12-03,2025-12-03
4b3303,6.7251,46.803,1764765220,647.7,63.45,FALSE,NA,4b3303_2025-12-03 13:21:40,2025-12-03,2025-12-03
4b3303,6.879,46.818,1764765400,571.5,29.2,FALSE,NA,4b3303_2025-12-03 13:21:40,2025-12-03,2025-12-03
4b3303,6.9587,46.8177,1764765580,586.74,40.33,FALSE,NA,4b3303_2025-12-03 13:21:40,2025-12-03,2025-12-03
461fbd,6.6163,46.542,1764835353,670.56,50.54,FALSE,NA,461fbd_2025-12-04 09:02:33,2025-12-04,2025-12-04
461fbd,6.5721,46.5345,1764835533,2202.18,94.89,FALSE,NA,461fbd_2025-12-04 09:02:33,2025-12-04,2025-12-04
461fbd,6.7843,46.6074,1764835713,3886.2,104.69,FALSE,NA,461fbd_2025-12-04 09:02:33,2025-12-04,2025-12-04
461fbd,7.0211,46.6878,1764835893,5204.46,120.32,FALSE,NA,461fbd_2025-12-04 09:02:33,2025-12-04,2025-12-04
461fbd,7.2993,46.7881,1764836073,6057.9,127.79,FALSE,NA,461fbd_2025-12-04 09:02:33,2025-12-04,2025-12-04
461fbd,7.5273,46.9378,1764836253,6667.5,154.06,FALSE,NA,461fbd_2025-12-04 09:02:33,2025-12-04,2025-12-04
461fbd,7.7798,47.1305,1764836433,6675.12,162.47,FALSE,NA,461fbd_2025-12-04 09:02:33,2025-12-04,2025-12-04
461fbd,8.0377,47.3253,1764836613,6675.12,162.09,FALSE,NA,461fbd_2025-12-04 09:02:33,2025-12-04,2025-12-04
461fbd,8.2978,47.5199,1764836793,6675.12,162.78,FALSE,NA,461fbd_2025-12-04 09:02:33,2025-12-04,2025-12-04
461fbd,8.554,47.7178,1764836973,6675.12,164.08,FALSE,NA,461fbd_2025-12-04 09:02:33,2025-12-04,2025-12-04
461fbd,8.6302,47.9768,1764837153,6675.12,163.06,FALSE,NA,461fbd_2025-12-04 09:02:33,2025-12-04,2025-12-04
461fbd,8.6914,48.2374,1764837333,6675.12,164.08,FALSE,NA,461fbd_2025-12-04 09:02:33,2025-12-04,2025-12-04
461fbd,8.7539,48.5005,1764837513,6667.5,165.18,FALSE,NA,461fbd_2025-12-04 09:02:33,2025-12-04,2025-12-04
461fbd,8.8174,48.7646,1764837693,6667.5,166.19,FALSE,NA,461fbd_2025-12-04 09:02:33,2025-12-04,2025-12-04
461fbd,8.8712,49.0297,1764837873,6667.5,164.76,FALSE,NA,461fbd_2025-12-04 09:02:33,2025-12-04,2025-12-04
461fbd,8.8843,49.2963,1764838053,6659.88,165.73,FALSE,NA,461fbd_2025-12-04 09:02:33,2025-12-04,2025-12-04
461fbd,8.8965,49.5662,1764838233,6659.88,167.79,FALSE,NA,461fbd_2025-12-04 09:02:33,2025-12-04,2025-12-04
461fbd,8.9091,49.8376,1764838413,6652.26,168.82,FALSE,NA,461fbd_2025-12-04 09:02:33,2025-12-04,2025-12-04
461fbd,8.9219,50.1109,1764838593,6644.64,169.33,FALSE,NA,461fbd_2025-12-04 09:02:33,2025-12-04,2025-12-04
461fbd,8.8749,50.3782,1764838773,6637.02,166.1,FALSE,NA,461fbd_2025-12-04 09:02:33,2025-12-04,2025-12-04
461fbd,8.8081,50.643,1764838953,6629.4,163.96,FALSE,NA,461fbd_2025-12-04 09:02:33,2025-12-04,2025-12-04
461fbd,8.6992,50.8983,1764839133,6621.78,163.1,FALSE,NA,461fbd_2025-12-04 09:02:33,2025-12-04,2025-12-04
461fbd,8.5515,51.1361,1764839313,6210.3,158.1,FALSE,NA,461fbd_2025-12-04 09:02:33,2025-12-04,2025-12-04
461fbd,8.3102,51.3338,1764839493,5120.64,154.46,FALSE,NA,461fbd_2025-12-04 09:02:33,2025-12-04,2025-12-04
461fbd,8.0562,51.5209,1764839673,4091.94,146.31,FALSE,NA,461fbd_2025-12-04 09:02:33,2025-12-04,2025-12-04
461fbd,7.8109,51.6993,1764839853,3040.38,142.29,FALSE,NA,461fbd_2025-12-04 09:02:33,2025-12-04,2025-12-04
461fbd,7.5778,51.8671,1764840033,2034.54,138.27,FALSE,NA,461fbd_2025-12-04 09:02:33,2025-12-04,2025-12-04
461fbd,7.3575,52.028,1764840213,1059.18,119.08,FALSE,NA,461fbd_2025-12-04 09:02:33,2025-12-04,2025-12-04
461fbd,7.5763,52.1119,1764840393,472.44,82.98,FALSE,NA,461fbd_2025-12-04 09:02:33,2025-12-04,2025-12-04
4b25ea,6.6167,46.5449,1764854924,662.94,32.48,FALSE,NA,4b25ea_2025-12-04 14:28:44,2025-12-04,2025-12-04
4b25ea,6.5774,46.5195,1764855104,883.92,45.11,FALSE,NA,4b25ea_2025-12-04 14:28:44,2025-12-04,2025-12-04
4b25ea,6.6155,46.5327,1764855284,708.66,35.08,FALSE,NA,4b25ea_2025-12-04 14:28:44,2025-12-04,2025-12-04
4b25ea,6.6175,46.5488,1764855464,NA,10.34,FALSE,NA,4b25ea_2025-12-04 14:28:44,2025-12-04,2025-12-04
4b25ea,6.6168,46.5414,1764855644,NA,10.34,FALSE,NA,4b25ea_2025-12-04 14:28:44,2025-12-04,2025-12-04
4b25ea,6.5837,46.5512,1764855824,891.54,43.36,FALSE,NA,4b25ea_2025-12-04 14:28:44,2025-12-04,2025-12-04
4b25ea,6.6162,46.5409,1764856004,670.56,34.56,FALSE,NA,4b25ea_2025-12-04 14:28:44,2025-12-04,2025-12-04
4b25ea,6.6169,46.5423,1764856184,NA,10.82,FALSE,NA,4b25ea_2025-12-04 14:28:44,2025-12-04,2025-12-04
4b25ea,6.6053,46.556,1764856364,792.48,36.93,FALSE,NA,4b25ea_2025-12-04 14:28:44,2025-12-04,2025-12-04
4b25ea,6.6173,46.5261,1764856544,853.44,38.58,FALSE,NA,4b25ea_2025-12-04 14:28:44,2025-12-04,2025-12-04
4b25ea,6.6176,46.549,1764856724,NA,12.36,FALSE,NA,4b25ea_2025-12-04 14:28:44,2025-12-04,2025-12-04
4b25ea,6.6159,46.5389,1764856904,716.28,34.53,FALSE,NA,4b25ea_2025-12-04 14:28:44,2025-12-04,2025-12-04
4b25ea,6.5861,46.5616,1764857084,891.54,47.61,FALSE,NA,4b25ea_2025-12-04 14:28:44,2025-12-04,2025-12-04
4b25ea,6.6156,46.5329,1764857264,731.52,41.67,FALSE,NA,4b25ea_2025-12-04 14:28:44,2025-12-04,2025-12-04
4b25ea,6.598,46.5694,1764857444,845.82,46.53,FALSE,NA,4b25ea_2025-12-04 14:28:44,2025-12-04,2025-12-04
4b28b1,6.6165,46.5434,1764856072,662.94,30.94,FALSE,NA,4b28b1_2025-12-04 14:47:52,2025-12-04,2025-12-04
4b28b1,6.6425,46.6033,1764856252,1341.12,47.35,FALSE,NA,4b28b1_2025-12-04 14:47:52,2025-12-04,2025-12-04
4b28b1,6.7632,46.6479,1764856432,1691.64,61.95,FALSE,NA,4b28b1_2025-12-04 14:47:52,2025-12-04,2025-12-04
4b28b1,6.8536,46.5824,1764856612,1920.24,46.31,FALSE,NA,4b28b1_2025-12-04 14:47:52,2025-12-04,2025-12-04
4b28b1,6.8277,46.5264,1764856792,1920.24,53.61,FALSE,NA,4b28b1_2025-12-04 14:47:52,2025-12-04,2025-12-04
4b28b1,6.8188,46.48,1764856972,1699.26,50.73,FALSE,NA,4b28b1_2025-12-04 14:47:52,2025-12-04,2025-12-04
4b28b1,6.8979,46.4339,1764857152,1607.82,44.95,FALSE,NA,4b28b1_2025-12-04 14:47:52,2025-12-04,2025-12-04
4b28b1,6.8178,46.4332,1764857332,1691.64,58.65,FALSE,NA,4b28b1_2025-12-04 14:47:52,2025-12-04,2025-12-04
4b28b1,6.796,46.4333,1764857512,1409.7,66.05,FALSE,NA,4b28b1_2025-12-04 14:47:52,2025-12-04,2025-12-04
4b28b1,6.8386,46.442,1764857692,1104.9,56.17,FALSE,NA,4b28b1_2025-12-04 14:47:52,2025-12-04,2025-12-04
4b28b1,6.7661,46.4909,1764857872,1394.46,55.75,FALSE,NA,4b28b1_2025-12-04 14:47:52,2025-12-04,2025-12-04
4b28b1,6.8784,46.5548,1764858052,1699.26,65.74,FALSE,NA,4b28b1_2025-12-04 14:47:52,2025-12-04,2025-12-04
4b28b1,6.8338,46.5296,1764858232,1691.64,47.1,FALSE,NA,4b28b1_2025-12-04 14:47:52,2025-12-04,2025-12-04
4b28b1,6.7965,46.4755,1764858412,1257.3,60.44,FALSE,NA,4b28b1_2025-12-04 14:47:52,2025-12-04,2025-12-04
4b28b1,6.6837,46.5277,1764858592,1158.24,53.65,FALSE,NA,4b28b1_2025-12-04 14:47:52,2025-12-04,2025-12-04
4b28b1,6.5899,46.5669,1764858772,845.82,51,FALSE,NA,4b28b1_2025-12-04 14:47:52,2025-12-04,2025-12-04
4b28b1,6.6168,46.5413,1764858952,NA,20.12,FALSE,NA,4b28b1_2025-12-04 14:47:52,2025-12-04,2025-12-04
4b28b1,6.6173,46.5471,1764859132,NA,20.12,FALSE,NA,4b28b1_2025-12-04 14:47:52,2025-12-04,2025-12-04
4b28b1,6.6071,46.5232,1764859312,853.44,51.67,FALSE,NA,4b28b1_2025-12-04 14:47:52,2025-12-04,2025-12-04
4b28b1,6.6109,46.5764,1764859492,853.44,45.26,FALSE,NA,4b28b1_2025-12-04 14:47:52,2025-12-04,2025-12-04
4b28b1,6.587,46.5267,1764859672,845.82,53.92,FALSE,NA,4b28b1_2025-12-04 14:47:52,2025-12-04,2025-12-04
4b28b1,6.6176,46.5551,1764859852,739.14,33.99,FALSE,NA,4b28b1_2025-12-04 14:47:52,2025-12-04,2025-12-04
4b28b1,6.5864,46.5512,1764860032,861.06,56.68,FALSE,NA,4b28b1_2025-12-04 14:47:52,2025-12-04,2025-12-04
4b28b1,6.617,46.5487,1764860212,670.56,29.4,FALSE,NA,4b28b1_2025-12-04 14:47:52,2025-12-04,2025-12-04
4b28b1,6.5868,46.5627,1764860392,853.44,49.4,FALSE,NA,4b28b1_2025-12-04 14:47:52,2025-12-04,2025-12-04
4b25ea,6.6168,46.5466,1764859809,NA,NA,FALSE,NA,4b25ea_2025-12-04 15:50:09,2025-12-04,2025-12-04
4b25ea,6.5849,46.5537,1764859989,876.3,48.23,FALSE,NA,4b25ea_2025-12-04 15:50:09,2025-12-04,2025-12-04
4b25ea,6.6158,46.5392,1764860169,693.42,33.76,FALSE,NA,4b25ea_2025-12-04 15:50:09,2025-12-04,2025-12-04
4b25ea,6.589,46.5642,1764860349,868.68,43.9,FALSE,NA,4b25ea_2025-12-04 15:50:09,2025-12-04,2025-12-04
4b25ea,6.6144,46.5298,1764860529,746.76,44.24,FALSE,NA,4b25ea_2025-12-04 15:50:09,2025-12-04,2025-12-04
4b25ea,6.6111,46.5694,1764860709,861.06,38.18,FALSE,NA,4b25ea_2025-12-04 15:50:09,2025-12-04,2025-12-04
4b25ea,6.5952,46.5264,1764860889,876.3,47.29,FALSE,NA,4b25ea_2025-12-04 15:50:09,2025-12-04,2025-12-04
4b25ea,6.6179,46.5591,1764861069,746.76,36.56,FALSE,NA,4b25ea_2025-12-04 15:50:09,2025-12-04,2025-12-04
4b25ea,6.582,46.5396,1764861249,853.44,52.18,FALSE,NA,4b25ea_2025-12-04 15:50:09,2025-12-04,2025-12-04
4b25ea,6.6169,46.548,1764861429,670.56,29.4,FALSE,NA,4b25ea_2025-12-04 15:50:09,2025-12-04,2025-12-04
4d02dd,6.6168,46.5462,1764861764,NA,49.48,FALSE,NA,4d02dd_2025-12-04 16:22:44,2025-12-04,2025-12-04
4d02dd,6.5062,46.5197,1764861944,2407.92,86.65,FALSE,NA,4d02dd_2025-12-04 16:22:44,2025-12-04,2025-12-04
4d02dd,6.3789,46.6267,1764862124,4198.62,93.06,FALSE,NA,4d02dd_2025-12-04 16:22:44,2025-12-04,2025-12-04
4d02dd,6.306,46.7807,1764862304,5516.88,104.44,FALSE,NA,4d02dd_2025-12-04 16:22:44,2025-12-04,2025-12-04
4d02dd,6.2178,46.9651,1764862484,6019.8,140.23,FALSE,NA,4d02dd_2025-12-04 16:22:44,2025-12-04,2025-12-04
4d02dd,6.0637,47.1603,1764862664,6019.8,136.78,FALSE,NA,4d02dd_2025-12-04 16:22:44,2025-12-04,2025-12-04
4d02dd,5.833,47.3144,1764862844,6019.8,136.42,FALSE,NA,4d02dd_2025-12-04 16:22:44,2025-12-04,2025-12-04
4d02dd,5.5985,47.4695,1764863024,6012.18,137.88,FALSE,NA,4d02dd_2025-12-04 16:22:44,2025-12-04,2025-12-04
4d02dd,5.3627,47.6239,1764863204,6004.56,137.89,FALSE,NA,4d02dd_2025-12-04 16:22:44,2025-12-04,2025-12-04
4d02dd,5.1215,47.7807,1764863384,6004.56,140.82,FALSE,NA,4d02dd_2025-12-04 16:22:44,2025-12-04,2025-12-04
4d02dd,4.9062,47.9602,1764863564,5996.94,144.96,FALSE,NA,4d02dd_2025-12-04 16:22:44,2025-12-04,2025-12-04
4d02dd,4.7026,48.1633,1764863744,5996.94,153.81,FALSE,NA,4d02dd_2025-12-04 16:22:44,2025-12-04,2025-12-04
4d02dd,4.4938,48.3698,1764863924,5989.32,155.95,FALSE,NA,4d02dd_2025-12-04 16:22:44,2025-12-04,2025-12-04
4d02dd,4.2863,48.5727,1764864104,5981.7,156.96,FALSE,NA,4d02dd_2025-12-04 16:22:44,2025-12-04,2025-12-04
4d02dd,4.0746,48.7912,1764864284,5974.08,161.87,FALSE,NA,4d02dd_2025-12-04 16:22:44,2025-12-04,2025-12-04
4d02dd,4.0781,49.0594,1764864464,5974.08,165.44,FALSE,NA,4d02dd_2025-12-04 16:22:44,2025-12-04,2025-12-04
4d02dd,4.1249,49.323,1764864644,5974.08,165.73,FALSE,NA,4d02dd_2025-12-04 16:22:44,2025-12-04,2025-12-04
4d02dd,4.1727,49.589,1764864824,5974.08,164.76,FALSE,NA,4d02dd_2025-12-04 16:22:44,2025-12-04,2025-12-04
4d02dd,4.3174,49.8369,1764865004,5974.08,164.73,FALSE,NA,4d02dd_2025-12-04 16:22:44,2025-12-04,2025-12-04
4d02dd,4.4998,50.0736,1764865184,5981.7,162.2,FALSE,NA,4d02dd_2025-12-04 16:22:44,2025-12-04,2025-12-04
4d02dd,4.6823,50.3076,1764865364,5981.7,161.74,FALSE,NA,4d02dd_2025-12-04 16:22:44,2025-12-04,2025-12-04
4d02dd,4.8654,50.5399,1764865544,4815.84,161.74,FALSE,NA,4d02dd_2025-12-04 16:22:44,2025-12-04,2025-12-04
4d02dd,5.0378,50.7661,1764865724,3215.64,144.48,FALSE,NA,4d02dd_2025-12-04 16:22:44,2025-12-04,2025-12-04
4d02dd,4.9837,50.9403,1764865904,1706.88,121.34,FALSE,NA,4d02dd_2025-12-04 16:22:44,2025-12-04,2025-12-04
4d02dd,4.7689,50.9899,1764866084,655.32,71.83,FALSE,NA,4d02dd_2025-12-04 16:22:44,2025-12-04,2025-12-04
4d02dd,4.5984,50.9403,1764866264,502.92,60.59,FALSE,NA,4d02dd_2025-12-04 16:22:44,2025-12-04,2025-12-04
460f46,6.6165,46.5436,1764922689,662.94,50.03,FALSE,NA,460f46_2025-12-05 09:18:09,2025-12-05,2025-12-05
460f46,6.518,46.5186,1764922869,2301.24,82.76,FALSE,NA,460f46_2025-12-05 09:18:09,2025-12-05,2025-12-05
460f46,6.3561,46.5926,1764923049,4145.28,88.94,FALSE,NA,460f46_2025-12-05 09:18:09,2025-12-05,2025-12-05
460f46,6.1363,46.7144,1764923229,4739.64,114.57,FALSE,NA,460f46_2025-12-05 09:18:09,2025-12-05,2025-12-05
460f46,5.935,46.824,1764923409,5943.6,114.25,FALSE,NA,460f46_2025-12-05 09:18:09,2025-12-05,2025-12-05
460f46,5.7375,46.9362,1764923589,7170.42,106.63,FALSE,NA,460f46_2025-12-05 09:18:09,2025-12-05,2025-12-05
460f46,5.5261,47.0914,1764923769,7185.66,141.94,FALSE,NA,460f46_2025-12-05 09:18:09,2025-12-05,2025-12-05
460f46,5.2948,47.2603,1764923949,7185.66,143.04,FALSE,NA,460f46_2025-12-05 09:18:09,2025-12-05,2025-12-05
460f46,5.0638,47.4273,1764924129,7185.66,141.21,FALSE,NA,460f46_2025-12-05 09:18:09,2025-12-05,2025-12-05
460f46,4.8343,47.5917,1764924309,7185.66,136.82,FALSE,NA,460f46_2025-12-05 09:18:09,2025-12-05,2025-12-05
460f46,4.6102,47.7508,1764924489,7185.66,133.92,FALSE,NA,460f46_2025-12-05 09:18:09,2025-12-05,2025-12-05
460f46,4.3931,47.9037,1764924669,7185.66,128.43,FALSE,NA,460f46_2025-12-05 09:18:09,2025-12-05,2025-12-05
460f46,4.1809,48.0517,1764924849,7185.66,125.53,FALSE,NA,460f46_2025-12-05 09:18:09,2025-12-05,2025-12-05
460f46,3.9762,48.1937,1764925029,7193.28,119.69,FALSE,NA,460f46_2025-12-05 09:18:09,2025-12-05,2025-12-05
460f46,3.7769,48.3305,1764925209,7193.28,116.78,FALSE,NA,460f46_2025-12-05 09:18:09,2025-12-05,2025-12-05
460f46,3.5917,48.4567,1764925389,7193.28,111.69,FALSE,NA,460f46_2025-12-05 09:18:09,2025-12-05,2025-12-05
460f46,3.4046,48.5835,1764925569,6903.72,109.13,FALSE,NA,460f46_2025-12-05 09:18:09,2025-12-05,2025-12-05
460f46,3.202,48.7193,1764925749,6591.3,122.59,FALSE,NA,460f46_2025-12-05 09:18:09,2025-12-05,2025-12-05
460f46,2.9989,48.8624,1764925929,6591.3,120.22,FALSE,NA,460f46_2025-12-05 09:18:09,2025-12-05,2025-12-05
460f46,2.8485,49.0247,1764926109,6591.3,115.06,FALSE,NA,460f46_2025-12-05 09:18:09,2025-12-05,2025-12-05
460f46,2.6867,49.1725,1764926289,6591.3,110.22,FALSE,NA,460f46_2025-12-05 09:18:09,2025-12-05,2025-12-05
460f46,2.5313,49.313,1764926469,6598.92,106.09,FALSE,NA,460f46_2025-12-05 09:18:09,2025-12-05,2025-12-05
460f46,2.3769,49.4516,1764926649,6598.92,105.98,FALSE,NA,460f46_2025-12-05 09:18:09,2025-12-05,2025-12-05
460f46,2.222,49.5899,1764926829,6598.92,104.96,FALSE,NA,460f46_2025-12-05 09:18:09,2025-12-05,2025-12-05
460f46,2.068,49.7263,1764927009,6606.54,104.54,FALSE,NA,460f46_2025-12-05 09:18:09,2025-12-05,2025-12-05
460f46,1.9134,49.8623,1764927189,6606.54,104.85,FALSE,NA,460f46_2025-12-05 09:18:09,2025-12-05,2025-12-05
460f46,1.7552,49.9954,1764927369,6606.54,103.69,FALSE,NA,460f46_2025-12-05 09:18:09,2025-12-05,2025-12-05
460f46,1.556,50.1019,1764927549,6614.16,104.91,FALSE,NA,460f46_2025-12-05 09:18:09,2025-12-05,2025-12-05
460f46,1.3559,50.2056,1764927729,6614.16,101.88,FALSE,NA,460f46_2025-12-05 09:18:09,2025-12-05,2025-12-05
460f46,1.176,50.3282,1764927909,6408.42,108.04,FALSE,NA,460f46_2025-12-05 09:18:09,2025-12-05,2025-12-05
460f46,0.9753,50.4556,1764928089,5715,116.77,FALSE,NA,460f46_2025-12-05 09:18:09,2025-12-05,2025-12-05
460f46,0.6592,50.4885,1764928269,4899.66,131.92,FALSE,NA,460f46_2025-12-05 09:18:09,2025-12-05,2025-12-05
460f46,0.3265,50.5198,1764928449,4404.36,135.18,FALSE,NA,460f46_2025-12-05 09:18:09,2025-12-05,2025-12-05
460f46,-0.0079,50.5502,1764928629,3520.44,125.28,FALSE,NA,460f46_2025-12-05 09:18:09,2025-12-05,2025-12-05
460f46,-0.3259,50.5782,1764928809,2697.48,126.74,FALSE,NA,460f46_2025-12-05 09:18:09,2025-12-05,2025-12-05
460f46,-0.5919,50.6904,1764928989,2613.66,131.46,FALSE,NA,460f46_2025-12-05 09:18:09,2025-12-05,2025-12-05
460f46,-0.9073,50.7457,1764929169,2095.5,127.33,FALSE,NA,460f46_2025-12-05 09:18:09,2025-12-05,2025-12-05
460f46,-1.2276,50.7624,1764929349,2095.5,124.88,FALSE,NA,460f46_2025-12-05 09:18:09,2025-12-05,2025-12-05
460f46,-1.521,50.7594,1764929529,1546.86,107.08,FALSE,NA,460f46_2025-12-05 09:18:09,2025-12-05,2025-12-05
460f46,-1.7047,50.8043,1764929709,556.26,88.12,FALSE,NA,460f46_2025-12-05 09:18:09,2025-12-05,2025-12-05
4b3303,6.6182,46.547,1764925558,670.56,1.15,FALSE,NA,4b3303_2025-12-05 10:05:58,2025-12-05,2025-12-05
4b3303,6.7078,46.5092,1764925738,1173.48,56.55,FALSE,NA,4b3303_2025-12-05 10:05:58,2025-12-05,2025-12-05
4b3303,6.8191,46.4534,1764925918,1394.46,58.76,FALSE,NA,4b3303_2025-12-05 10:05:58,2025-12-05,2025-12-05
4b3303,6.9154,46.3932,1764926098,1905,53.86,FALSE,NA,4b3303_2025-12-05 10:05:58,2025-12-05,2025-12-05
4b25ea,6.6166,46.5442,1764925965,662.94,32,FALSE,NA,4b25ea_2025-12-05 10:12:45,2025-12-05,2025-12-05
4b25ea,6.6026,46.5235,1764926145,853.44,40.17,FALSE,NA,4b25ea_2025-12-05 10:12:45,2025-12-05,2025-12-05
4b25ea,6.6171,46.545,1764926325,NA,8.76,FALSE,NA,4b25ea_2025-12-05 10:12:45,2025-12-05,2025-12-05
4b25ea,6.6105,46.554,1764926505,792.48,40.04,FALSE,NA,4b25ea_2025-12-05 10:12:45,2025-12-05,2025-12-05
4b25ea,6.6151,46.5304,1764926685,777.24,33.32,FALSE,NA,4b25ea_2025-12-05 10:12:45,2025-12-05,2025-12-05
4b25ea,6.5825,46.5357,1764926865,853.44,53.11,FALSE,NA,4b25ea_2025-12-05 10:12:45,2025-12-05,2025-12-05
4b25ea,6.6168,46.5461,1764927045,670.56,31.45,FALSE,NA,4b25ea_2025-12-05 10:12:45,2025-12-05,2025-12-05
4b25ea,6.6061,46.5227,1764927225,876.3,41.78,FALSE,NA,4b25ea_2025-12-05 10:12:45,2025-12-05,2025-12-05
4b25ea,6.5799,46.5562,1764927405,883.92,53.01,FALSE,NA,4b25ea_2025-12-05 10:12:45,2025-12-05,2025-12-05
4b25ea,6.4802,46.5442,1764927585,1112.52,48.04,FALSE,NA,4b25ea_2025-12-05 10:12:45,2025-12-05,2025-12-05
4b25ea,6.4925,46.6233,1764927765,1112.52,49.84,FALSE,NA,4b25ea_2025-12-05 10:12:45,2025-12-05,2025-12-05
4b25ea,6.5223,46.7002,1764927945,1112.52,50.63,FALSE,NA,4b25ea_2025-12-05 10:12:45,2025-12-05,2025-12-05
4b25ea,6.5547,46.7773,1764928125,1173.48,53.1,FALSE,NA,4b25ea_2025-12-05 10:12:45,2025-12-05,2025-12-05
4b25ea,6.6152,46.8009,1764928305,1120.14,52.96,FALSE,NA,4b25ea_2025-12-05 10:12:45,2025-12-05,2025-12-05
4b25ea,6.5443,46.7311,1764928485,1112.52,56.09,FALSE,NA,4b25ea_2025-12-05 10:12:45,2025-12-05,2025-12-05
4b25ea,6.5219,46.6419,1764928665,1120.14,57.53,FALSE,NA,4b25ea_2025-12-05 10:12:45,2025-12-05,2025-12-05
4b25ea,6.5393,46.5505,1764928845,1074.42,58.51,FALSE,NA,4b25ea_2025-12-05 10:12:45,2025-12-05,2025-12-05
4b25ea,6.6113,46.5043,1764929025,990.6,44.14,FALSE,NA,4b25ea_2025-12-05 10:12:45,2025-12-05,2025-12-05
4b1bdd,6.6171,46.5491,1764935138,716.28,30.94,FALSE,NA,4b1bdd_2025-12-05 12:45:38,2025-12-05,2025-12-05
4b1bdd,6.6088,46.6099,1764935318,1234.44,39.16,FALSE,NA,4b1bdd_2025-12-05 12:45:38,2025-12-05,2025-12-05
4b1bdd,6.6396,46.686,1764935498,1432.56,53.03,FALSE,NA,4b1bdd_2025-12-05 12:45:38,2025-12-05,2025-12-05
4b1bdd,6.6954,46.7643,1764935678,1325.88,54.44,FALSE,NA,4b1bdd_2025-12-05 12:45:38,2025-12-05,2025-12-05
4b1bdd,6.7481,46.8415,1764935858,1409.7,52.68,FALSE,NA,4b1bdd_2025-12-05 12:45:38,2025-12-05,2025-12-05
4b1bdd,6.8267,46.9082,1764936038,1440.18,59.13,FALSE,NA,4b1bdd_2025-12-05 12:45:38,2025-12-05,2025-12-05
4b1bdd,6.8653,46.9709,1764936218,1371.6,54.99,FALSE,NA,4b1bdd_2025-12-05 12:45:38,2025-12-05,2025-12-05
4b1bdd,6.7981,46.8852,1764936398,1257.3,59.62,FALSE,NA,4b1bdd_2025-12-05 12:45:38,2025-12-05,2025-12-05
4b1bdd,6.727,46.808,1764936578,1280.16,56.18,FALSE,NA,4b1bdd_2025-12-05 12:45:38,2025-12-05,2025-12-05
4b1bdd,6.6683,46.7329,1764936758,1318.26,60.2,FALSE,NA,4b1bdd_2025-12-05 12:45:38,2025-12-05,2025-12-05
4b1bdd,6.668,46.6364,1764936938,1264.92,61.14,FALSE,NA,4b1bdd_2025-12-05 12:45:38,2025-12-05,2025-12-05
4b1bdd,6.6938,46.5412,1764937118,1303.02,61.74,FALSE,NA,4b1bdd_2025-12-05 12:45:38,2025-12-05,2025-12-05
4b1bdd,6.6432,46.472,1764937298,1173.48,53.42,FALSE,NA,4b1bdd_2025-12-05 12:45:38,2025-12-05,2025-12-05
4b1bdd,6.6141,46.5215,1764937478,807.72,34.09,FALSE,NA,4b1bdd_2025-12-05 12:45:38,2025-12-05,2025-12-05
4b1bdd,6.6168,46.547,1764939351,NA,32.48,FALSE,NA,4b1bdd_2025-12-05 13:55:51,2025-12-05,2025-12-05
4b1bdd,6.6204,46.6139,1764939531,1211.58,45.69,FALSE,NA,4b1bdd_2025-12-05 13:55:51,2025-12-05,2025-12-05
4b1bdd,6.5572,46.6217,1764939711,1402.08,59.82,FALSE,NA,4b1bdd_2025-12-05 13:55:51,2025-12-05,2025-12-05
4b1bdd,6.5121,46.5281,1764939891,1379.22,60.05,FALSE,NA,4b1bdd_2025-12-05 13:55:51,2025-12-05,2025-12-05
4b1bdd,6.6204,46.4798,1764940071,1325.88,56.36,FALSE,NA,4b1bdd_2025-12-05 13:55:51,2025-12-05,2025-12-05
4b1bdd,6.7494,46.4513,1764940251,1409.7,60.12,FALSE,NA,4b1bdd_2025-12-05 13:55:51,2025-12-05,2025-12-05
4b1bdd,6.8613,46.4322,1764940431,1196.34,61.85,FALSE,NA,4b1bdd_2025-12-05 13:55:51,2025-12-05,2025-12-05
4b1bdd,6.7553,46.4957,1764940611,1280.16,53.99,FALSE,NA,4b1bdd_2025-12-05 13:55:51,2025-12-05,2025-12-05
4b1bdd,6.6429,46.5401,1764940791,1005.84,60.51,FALSE,NA,4b1bdd_2025-12-05 13:55:51,2025-12-05,2025-12-05
4b1bdd,6.6123,46.5253,1764940971,845.82,39.95,FALSE,NA,4b1bdd_2025-12-05 13:55:51,2025-12-05,2025-12-05
4b25ea,6.6164,46.5428,1764939847,NA,NA,FALSE,NA,4b25ea_2025-12-05 14:04:07,2025-12-05,2025-12-05
4b25ea,6.6196,46.6013,1764940027,1150.62,40.41,FALSE,NA,4b25ea_2025-12-05 14:04:07,2025-12-05,2025-12-05
4b25ea,6.5447,46.6243,1764940207,1127.76,55.11,FALSE,NA,4b25ea_2025-12-05 14:04:07,2025-12-05,2025-12-05
4b25ea,6.4909,46.6993,1764940387,1143,53.17,FALSE,NA,4b25ea_2025-12-05 14:04:07,2025-12-05,2025-12-05
4b25ea,6.3917,46.7147,1764940567,1264.92,45.55,FALSE,NA,4b25ea_2025-12-05 14:04:07,2025-12-05,2025-12-05
4b25ea,6.3107,46.6598,1764940747,1356.36,52.09,FALSE,NA,4b25ea_2025-12-05 14:04:07,2025-12-05,2025-12-05
4b25ea,6.3081,46.658,1764940927,1371.6,50.93,FALSE,NA,4b25ea_2025-12-05 14:04:07,2025-12-05,2025-12-05
4b25ea,6.3727,46.6317,1764941107,1280.16,58.08,FALSE,NA,4b25ea_2025-12-05 14:04:07,2025-12-05,2025-12-05
4b25ea,6.4331,46.5583,1764941287,1059.18,58.46,FALSE,NA,4b25ea_2025-12-05 14:04:07,2025-12-05,2025-12-05
4b25ea,6.4441,46.4911,1764941467,922.02,44.24,FALSE,NA,4b25ea_2025-12-05 14:04:07,2025-12-05,2025-12-05
4b25ea,6.5436,46.4663,1764941647,1165.86,49.58,FALSE,NA,4b25ea_2025-12-05 14:04:07,2025-12-05,2025-12-05
4b25ea,6.6449,46.4563,1764941827,1234.44,53.68,FALSE,NA,4b25ea_2025-12-05 14:04:07,2025-12-05,2025-12-05
4b25ea,6.7346,46.4737,1764942007,1173.48,49.78,FALSE,NA,4b25ea_2025-12-05 14:04:07,2025-12-05,2025-12-05
4b25ea,6.8395,46.4597,1764942187,1226.82,51.96,FALSE,NA,4b25ea_2025-12-05 14:04:07,2025-12-05,2025-12-05
4b25ea,6.849,46.4715,1764942367,1257.3,52.9,FALSE,NA,4b25ea_2025-12-05 14:04:07,2025-12-05,2025-12-05
4b25ea,6.7004,46.5202,1764942547,1173.48,48.87,FALSE,NA,4b25ea_2025-12-05 14:04:07,2025-12-05,2025-12-05
4b25ea,6.5877,46.5488,1764942727,952.5,52.08,FALSE,NA,4b25ea_2025-12-05 14:04:07,2025-12-05,2025-12-05
4b25ea,6.6163,46.5419,1764942907,662.94,27.82,FALSE,NA,4b25ea_2025-12-05 14:04:07,2025-12-05,2025-12-05
4b3303,NA,NA,1764940100,NA,4.15,FALSE,NA,4b3303_2025-12-05 14:08:20,2025-12-05,2025-12-05
4b3303,6.7065,46.5727,1764940280,1165.86,54.96,FALSE,NA,4b3303_2025-12-05 14:08:20,2025-12-05,2025-12-05
4b3303,6.8181,46.6322,1764940460,1249.68,61.63,FALSE,NA,4b3303_2025-12-05 14:08:20,2025-12-05,2025-12-05
4b3303,6.9345,46.6941,1764940640,1249.68,63.08,FALSE,NA,4b3303_2025-12-05 14:08:20,2025-12-05,2025-12-05
4b3303,7.0535,46.7571,1764940820,1104.9,62.76,FALSE,NA,4b3303_2025-12-05 14:08:20,2025-12-05,2025-12-05
4b1bdf,6.6168,46.547,1764940162,670.56,48.94,FALSE,NA,4b1bdf_2025-12-05 14:09:22,2025-12-05,2025-12-05
4b1bdf,6.6942,46.5982,1764940342,2065.02,72.07,FALSE,NA,4b1bdf_2025-12-05 14:09:22,2025-12-05,2025-12-05
4b1bdf,6.8827,46.6015,1764940522,2766.06,117.06,FALSE,NA,4b1bdf_2025-12-05 14:09:22,2025-12-05,2025-12-05
4b1bdf,7.082,46.7052,1764940702,3665.22,114.09,FALSE,NA,4b1bdf_2025-12-05 14:09:22,2025-12-05,2025-12-05
4b1bdf,7.3132,46.8301,1764940882,3665.22,126.55,FALSE,NA,4b1bdf_2025-12-05 14:09:22,2025-12-05,2025-12-05
4b1bdf,7.5543,46.9727,1764941062,2895.6,137.55,FALSE,NA,4b1bdf_2025-12-05 14:09:22,2025-12-05,2025-12-05
4b1bdf,7.7946,47.1136,1764941242,1988.82,122.98,FALSE,NA,4b1bdf_2025-12-05 14:09:22,2025-12-05,2025-12-05
4b1bdf,7.8382,47.2393,1764941422,1866.9,106.69,FALSE,NA,4b1bdf_2025-12-05 14:09:22,2025-12-05,2025-12-05
4b1bdf,7.6103,47.2132,1764941602,1356.36,87.22,FALSE,NA,4b1bdf_2025-12-05 14:09:22,2025-12-05,2025-12-05
4b1bdf,7.4545,47.1879,1764941782,685.8,47.53,FALSE,NA,4b1bdf_2025-12-05 14:09:22,2025-12-05,2025-12-05
4b3305,6.6408,46.5245,1764940650,647.7,0.51,FALSE,NA,4b3305_2025-12-05 14:17:30,2025-12-05,2025-12-05
4b3305,6.7338,46.4725,1764940830,937.26,58.28,FALSE,NA,4b3305_2025-12-05 14:17:30,2025-12-05,2025-12-05
4b3305,6.8345,46.4,1764941010,967.74,64.47,FALSE,NA,4b3305_2025-12-05 14:17:30,2025-12-05,2025-12-05
4b3305,6.9185,46.3101,1764941190,967.74,67.01,FALSE,NA,4b3305_2025-12-05 14:17:30,2025-12-05,2025-12-05
4b28b1,6.6164,46.5435,1764941710,662.94,27.31,FALSE,NA,4b28b1_2025-12-05 14:35:10,2025-12-05,2025-12-05
4b28b1,6.6141,46.6088,1764941890,1272.54,45.32,FALSE,NA,4b28b1_2025-12-05 14:35:10,2025-12-05,2025-12-05
4b28b1,6.5109,46.6447,1764942070,1417.32,60.4,FALSE,NA,4b28b1_2025-12-05 14:35:10,2025-12-05,2025-12-05
4b28b1,6.515,46.5487,1764942250,1394.46,60.92,FALSE,NA,4b28b1_2025-12-05 14:35:10,2025-12-05,2025-12-05
4b28b1,6.5454,46.527,1764942430,1424.94,41.36,FALSE,NA,4b28b1_2025-12-05 14:35:10,2025-12-05,2025-12-05
4b28b1,6.5362,46.598,1764942610,1211.58,50.93,FALSE,NA,4b28b1_2025-12-05 14:35:10,2025-12-05,2025-12-05
4b28b1,6.6582,46.5938,1764942790,1280.16,57.17,FALSE,NA,4b28b1_2025-12-05 14:35:10,2025-12-05,2025-12-05
4b28b1,6.646,46.5437,1764942970,1082.04,61.43,FALSE,NA,4b28b1_2025-12-05 14:35:10,2025-12-05,2025-12-05
4b28b1,6.6154,46.5324,1764943150,754.38,32.56,FALSE,NA,4b28b1_2025-12-05 14:35:10,2025-12-05,2025-12-05
4b28b1,6.6164,46.5421,1764943863,NA,18.58,FALSE,NA,4b28b1_2025-12-05 15:11:03,2025-12-05,2025-12-05
4b28b1,6.6052,46.6086,1764944043,1264.92,45.13,FALSE,NA,4b28b1_2025-12-05 15:11:03,2025-12-05,2025-12-05
4b28b1,6.555,46.6878,1764944223,1386.84,56.29,FALSE,NA,4b28b1_2025-12-05 15:11:03,2025-12-05,2025-12-05
4b28b1,6.4957,46.6216,1764944403,1333.5,66.9,FALSE,NA,4b28b1_2025-12-05 15:11:03,2025-12-05,2025-12-05
4b28b1,6.4787,46.5225,1764944583,1097.28,56.66,FALSE,NA,4b28b1_2025-12-05 15:11:03,2025-12-05,2025-12-05
4b28b1,6.609,46.5023,1764944763,1051.56,54.41,FALSE,NA,4b28b1_2025-12-05 15:11:03,2025-12-05,2025-12-05
4b28b1,6.6015,46.5568,1764944943,845.82,43.98,FALSE,NA,4b28b1_2025-12-05 15:11:03,2025-12-05,2025-12-05
4b28b1,6.6161,46.5398,1764945123,678.18,32.48,FALSE,NA,4b28b1_2025-12-05 15:11:03,2025-12-05,2025-12-05
4b28b1,6.602,46.5252,1764945303,868.68,44.32,FALSE,NA,4b28b1_2025-12-05 15:11:03,2025-12-05,2025-12-05
4b28b1,6.587,46.548,1764945483,891.54,49.52,FALSE,NA,4b28b1_2025-12-05 15:11:03,2025-12-05,2025-12-05
4b28b1,6.6156,46.5341,1764945663,754.38,31.42,FALSE,NA,4b28b1_2025-12-05 15:11:03,2025-12-05,2025-12-05
4b28b1,6.5888,46.5274,1764945843,861.06,43.95,FALSE,NA,4b28b1_2025-12-05 15:11:03,2025-12-05,2025-12-05
462dd1,6.6167,46.545,1764947652,655.32,46.37,FALSE,NA,462dd1_2025-12-05 16:14:12,2025-12-05,2025-12-05
462dd1,6.5225,46.5638,1764947832,1859.28,100.04,FALSE,NA,462dd1_2025-12-05 16:14:12,2025-12-05,2025-12-05
462dd1,6.5004,46.4165,1764948012,3787.14,94.14,FALSE,NA,462dd1_2025-12-05 16:14:12,2025-12-05,2025-12-05
462dd1,6.5349,46.2591,1764948192,5372.1,102.51,FALSE,NA,462dd1_2025-12-05 16:14:12,2025-12-05,2025-12-05
462dd1,6.6052,46.064,1764948372,6339.84,141.62,FALSE,NA,462dd1_2025-12-05 16:14:12,2025-12-05,2025-12-05
462dd1,6.7061,45.8253,1764948552,6979.92,172.57,FALSE,NA,462dd1_2025-12-05 16:14:12,2025-12-05,2025-12-05
462dd1,6.7993,45.5367,1764948732,6979.92,187.06,FALSE,NA,462dd1_2025-12-05 16:14:12,2025-12-05,2025-12-05
462dd1,6.8857,45.2396,1764948912,6987.54,187.46,FALSE,NA,462dd1_2025-12-05 16:14:12,2025-12-05,2025-12-05
462dd1,6.9708,44.9454,1764949092,6987.54,185.34,FALSE,NA,462dd1_2025-12-05 16:14:12,2025-12-05,2025-12-05
462dd1,7.0478,44.6519,1764949272,6987.54,184.71,FALSE,NA,462dd1_2025-12-05 16:14:12,2025-12-05,2025-12-05
462dd1,7.1176,44.3569,1764949452,6987.54,185.22,FALSE,NA,462dd1_2025-12-05 16:14:12,2025-12-05,2025-12-05
462dd1,7.2286,44.0831,1764949632,6324.6,154.89,FALSE,NA,462dd1_2025-12-05 16:14:12,2025-12-05,2025-12-05
462dd1,7.351,43.8728,1764949812,4998.72,151.72,FALSE,NA,462dd1_2025-12-05 16:14:12,2025-12-05,2025-12-05
462dd1,7.5586,43.6902,1764949992,3223.26,137.55,FALSE,NA,462dd1_2025-12-05 16:14:12,2025-12-05,2025-12-05
462dd1,7.6199,43.5327,1764950172,975.36,114.32,FALSE,NA,462dd1_2025-12-05 16:14:12,2025-12-05,2025-12-05
462dd1,7.408,43.6238,1764950352,891.54,104.02,FALSE,NA,462dd1_2025-12-05 16:14:12,2025-12-05,2025-12-05
462dd1,7.2588,43.6831,1764950532,220.98,47.93,FALSE,NA,462dd1_2025-12-05 16:14:12,2025-12-05,2025-12-05
460812,6.6164,46.5426,1765011324,670.56,50.03,FALSE,NA,460812_2025-12-06 09:55:24,2025-12-06,2025-12-06
460812,6.5603,46.4386,1765011504,2202.18,61.49,FALSE,NA,460812_2025-12-06 09:55:24,2025-12-06,2025-12-06
460812,6.4157,46.3776,1765011684,3665.22,71.57,FALSE,NA,460812_2025-12-06 09:55:24,2025-12-06,2025-12-06
460812,6.2955,46.2796,1765011864,5021.58,84.04,FALSE,NA,460812_2025-12-06 09:55:24,2025-12-06,2025-12-06
460812,6.1753,46.1576,1765012044,5859.78,106.59,FALSE,NA,460812_2025-12-06 09:55:24,2025-12-06,2025-12-06
460812,6.0165,45.9953,1765012224,5867.4,128.85,FALSE,NA,460812_2025-12-06 09:55:24,2025-12-06,2025-12-06
460812,5.8973,45.7961,1765012404,5875.02,136.03,FALSE,NA,460812_2025-12-06 09:55:24,2025-12-06,2025-12-06
460812,5.7927,45.5899,1765012584,5875.02,134.23,FALSE,NA,460812_2025-12-06 09:55:24,2025-12-06,2025-12-06
460812,5.6888,45.3833,1765012764,5882.64,136.35,FALSE,NA,460812_2025-12-06 09:55:24,2025-12-06,2025-12-06
460812,5.5978,45.1724,1765012944,5890.26,139.93,FALSE,NA,460812_2025-12-06 09:55:24,2025-12-06,2025-12-06
460812,5.5828,44.944,1765013124,5897.88,142.51,FALSE,NA,460812_2025-12-06 09:55:24,2025-12-06,2025-12-06
460812,5.5803,44.7095,1765013304,5897.88,145.59,FALSE,NA,460812_2025-12-06 09:55:24,2025-12-06,2025-12-06
460812,5.6479,44.474,1765013484,5905.5,152.92,FALSE,NA,460812_2025-12-06 09:55:24,2025-12-06,2025-12-06
460812,5.729,44.2369,1765013664,5791.2,153.22,FALSE,NA,460812_2025-12-06 09:55:24,2025-12-06,2025-12-06
460812,5.7984,43.9896,1765013844,5242.56,161.65,FALSE,NA,460812_2025-12-06 09:55:24,2025-12-06,2025-12-06
460812,5.9423,43.7458,1765014024,4312.92,162.05,FALSE,NA,460812_2025-12-06 09:55:24,2025-12-06,2025-12-06
460812,6.0758,43.5083,1765014204,3230.88,156.67,FALSE,NA,460812_2025-12-06 09:55:24,2025-12-06,2025-12-06
460812,6.2344,43.3215,1765014384,2476.5,148.71,FALSE,NA,460812_2025-12-06 09:55:24,2025-12-06,2025-12-06
460812,6.5512,43.2825,1765014564,1196.34,110.52,FALSE,NA,460812_2025-12-06 09:55:24,2025-12-06,2025-12-06
460812,6.5006,43.2139,1765014744,175.26,48.77,FALSE,NA,460812_2025-12-06 09:55:24,2025-12-06,2025-12-06
a34bb1,6.6165,46.5435,1765015495,662.94,47.91,FALSE,NA,a34bb1_2025-12-06 11:04:55,2025-12-06,2025-12-06
a34bb1,6.5503,46.4727,1765015675,1882.14,63.97,FALSE,NA,a34bb1_2025-12-06 11:04:55,2025-12-06,2025-12-06
a34bb1,6.4851,46.4643,1765015855,3406.14,96.6,FALSE,NA,a34bb1_2025-12-06 11:04:55,2025-12-06,2025-12-06
a34bb1,6.719,46.5194,1765016035,4602.48,117.29,FALSE,NA,a34bb1_2025-12-06 11:04:55,2025-12-06,2025-12-06
a34bb1,6.9903,46.617,1765016215,5280.66,109.75,FALSE,NA,a34bb1_2025-12-06 11:04:55,2025-12-06,2025-12-06
a34bb1,7.2362,46.753,1765016395,5501.64,148.23,FALSE,NA,a34bb1_2025-12-06 11:04:55,2025-12-06,2025-12-06
a34bb1,7.5127,46.9043,1765016575,5494.02,150.48,FALSE,NA,a34bb1_2025-12-06 11:04:55,2025-12-06,2025-12-06
a34bb1,7.7588,47.0759,1765016755,5494.02,148.04,FALSE,NA,a34bb1_2025-12-06 11:04:55,2025-12-06,2025-12-06
a34bb1,7.9881,47.2588,1765016935,5486.4,148.31,FALSE,NA,a34bb1_2025-12-06 11:04:55,2025-12-06,2025-12-06
a34bb1,8.1912,47.4546,1765017115,5478.78,149.33,FALSE,NA,a34bb1_2025-12-06 11:04:55,2025-12-06,2025-12-06
a34bb1,8.4005,47.6525,1765017295,5471.16,151.48,FALSE,NA,a34bb1_2025-12-06 11:04:55,2025-12-06,2025-12-06
a34bb1,8.613,47.8515,1765017475,5471.16,151.78,FALSE,NA,a34bb1_2025-12-06 11:04:55,2025-12-06,2025-12-06
a34bb1,8.8285,48.0513,1765017655,5463.54,153.52,FALSE,NA,a34bb1_2025-12-06 11:04:55,2025-12-06,2025-12-06
a34bb1,9.0488,48.2535,1765017835,5463.54,154.66,FALSE,NA,a34bb1_2025-12-06 11:04:55,2025-12-06,2025-12-06
a34bb1,9.1445,48.4818,1765018015,5349.24,152.47,FALSE,NA,a34bb1_2025-12-06 11:04:55,2025-12-06,2025-12-06
a34bb1,9.304,48.6908,1765018195,4000.5,140.92,FALSE,NA,a34bb1_2025-12-06 11:04:55,2025-12-06,2025-12-06
a34bb1,9.4813,48.8656,1765018375,2674.62,113.72,FALSE,NA,a34bb1_2025-12-06 11:04:55,2025-12-06,2025-12-06
a34bb1,9.4018,49.0354,1765018555,1554.48,96.25,FALSE,NA,a34bb1_2025-12-06 11:04:55,2025-12-06,2025-12-06
a34bb1,9.4772,49.149,1765018735,1402.08,87.89,FALSE,NA,a34bb1_2025-12-06 11:04:55,2025-12-06,2025-12-06
4b3e2d,6.6412,46.5248,1765017300,655.32,1.46,FALSE,NA,4b3e2d_2025-12-06 11:35:00,2025-12-06,2025-12-06
4b3e2d,6.7197,46.4935,1765017480,754.38,61.66,FALSE,NA,4b3e2d_2025-12-06 11:35:00,2025-12-06,2025-12-06
4b3e2d,6.7677,46.4802,1765017660,754.38,61.66,FALSE,NA,4b3e2d_2025-12-06 11:35:00,2025-12-06,2025-12-06
4b3e2d,6.941,46.3474,1765017840,1066.8,60.71,FALSE,NA,4b3e2d_2025-12-06 11:35:00,2025-12-06,2025-12-06
4b1bdd,6.6164,46.5423,1765024379,708.66,35.59,FALSE,NA,4b1bdd_2025-12-06 13:32:59,2025-12-06,2025-12-06
4b1bdd,6.5886,46.5106,1765024559,1554.48,32.87,FALSE,NA,4b1bdd_2025-12-06 13:32:59,2025-12-06,2025-12-06
4b1bdd,6.5507,46.5966,1765024739,1645.92,65.9,FALSE,NA,4b1bdd_2025-12-06 13:32:59,2025-12-06,2025-12-06
4b1bdd,6.6262,46.6262,1765024919,1234.44,33.68,FALSE,NA,4b1bdd_2025-12-06 13:32:59,2025-12-06,2025-12-06
4b1bdd,6.6194,46.5722,1765025099,899.16,33.02,FALSE,NA,4b1bdd_2025-12-06 13:32:59,2025-12-06,2025-12-06
4b1bdd,6.5947,46.526,1765025279,876.3,46.81,FALSE,NA,4b1bdd_2025-12-06 13:32:59,2025-12-06,2025-12-06
4b1bdd,6.6182,46.5616,1765025459,784.86,37.07,FALSE,NA,4b1bdd_2025-12-06 13:32:59,2025-12-06,2025-12-06
4b1bdd,6.6178,46.5031,1765025639,1226.82,46.58,FALSE,NA,4b1bdd_2025-12-06 13:32:59,2025-12-06,2025-12-06
4b1bdd,6.7444,46.4557,1765025819,1409.7,62.97,FALSE,NA,4b1bdd_2025-12-06 13:32:59,2025-12-06,2025-12-06
4b1bdd,6.8629,46.398,1765025999,1485.9,63.71,FALSE,NA,4b1bdd_2025-12-06 13:32:59,2025-12-06,2025-12-06
4b1bdd,6.9126,46.3123,1765026179,1432.56,74.17,FALSE,NA,4b1bdd_2025-12-06 13:32:59,2025-12-06,2025-12-06
4b1bdd,6.9526,46.3083,1765026359,784.86,57.89,FALSE,NA,4b1bdd_2025-12-06 13:32:59,2025-12-06,2025-12-06
4b1bdd,6.9258,46.3703,1765026539,1234.44,54.41,FALSE,NA,4b1bdd_2025-12-06 13:32:59,2025-12-06,2025-12-06
4b1bdd,6.9375,46.4448,1765026719,2019.3,53.15,FALSE,NA,4b1bdd_2025-12-06 13:32:59,2025-12-06,2025-12-06
4b1bdd,6.9795,46.4291,1765026899,2499.36,49.95,FALSE,NA,4b1bdd_2025-12-06 13:32:59,2025-12-06,2025-12-06
4b1bdd,6.8977,46.4835,1765027079,2369.82,48.88,FALSE,NA,4b1bdd_2025-12-06 13:32:59,2025-12-06,2025-12-06
4b1bdd,6.7896,46.5158,1765027259,1798.32,53.53,FALSE,NA,4b1bdd_2025-12-06 13:32:59,2025-12-06,2025-12-06
4b1bdd,6.669,46.5389,1765027439,1158.24,48.55,FALSE,NA,4b1bdd_2025-12-06 13:32:59,2025-12-06,2025-12-06
4b1bdd,6.6065,46.5714,1765027619,899.16,47.55,FALSE,NA,4b1bdd_2025-12-06 13:32:59,2025-12-06,2025-12-06
4b1af2,6.6167,46.5454,1765024507,670.56,35.59,FALSE,NA,4b1af2_2025-12-06 13:35:07,2025-12-06,2025-12-06
4b1af2,6.5777,46.5179,1765024687,1234.44,56.52,FALSE,NA,4b1af2_2025-12-06 13:35:07,2025-12-06,2025-12-06
4b1af2,6.515,46.6064,1765024867,1310.64,67.04,FALSE,NA,4b1af2_2025-12-06 13:35:07,2025-12-06,2025-12-06
4b1af2,6.5995,46.7062,1765025047,1143,74.93,FALSE,NA,4b1af2_2025-12-06 13:35:07,2025-12-06,2025-12-06
4b32fd,6.641,46.5247,1765031821,624.84,0,FALSE,NA,4b32fd_2025-12-06 15:37:01,2025-12-06,2025-12-06
4b32fd,6.721,46.5437,1765032001,1226.82,68.65,FALSE,NA,4b32fd_2025-12-06 15:37:01,2025-12-06,2025-12-06
4b32fd,6.8628,46.6114,1765032181,1402.08,76.2,FALSE,NA,4b32fd_2025-12-06 15:37:01,2025-12-06,2025-12-06
4b32fd,7.0122,46.6824,1765032361,1409.7,77.34,FALSE,NA,4b32fd_2025-12-06 15:37:01,2025-12-06,2025-12-06
4b32fd,7.167,46.7559,1765032541,1394.46,81.76,FALSE,NA,4b32fd_2025-12-06 15:37:01,2025-12-06,2025-12-06
4b32fd,7.3228,46.8293,1765032721,1394.46,80.76,FALSE,NA,4b32fd_2025-12-06 15:37:01,2025-12-06,2025-12-06
4b32fd,7.4768,46.8961,1765032901,1043.94,56,FALSE,NA,4b32fd_2025-12-06 15:37:01,2025-12-06,2025-12-06
440daa,6.6165,46.5436,1765033219,670.56,48.97,FALSE,NA,440daa_2025-12-06 16:00:19,2025-12-06,2025-12-06
440daa,6.6664,46.5237,1765033399,2529.84,81.34,FALSE,NA,440daa_2025-12-06 16:00:19,2025-12-06,2025-12-06
440daa,6.8311,46.6129,1765033579,4206.24,106.56,FALSE,NA,440daa_2025-12-06 16:00:19,2025-12-06,2025-12-06
440daa,7.0871,46.6699,1765033759,5600.7,118.12,FALSE,NA,440daa_2025-12-06 16:00:19,2025-12-06,2025-12-06
440daa,7.3684,46.7318,1765033939,6423.66,147.74,FALSE,NA,440daa_2025-12-06 16:00:19,2025-12-06,2025-12-06
440daa,7.7078,46.8053,1765034119,6941.82,138.47,FALSE,NA,440daa_2025-12-06 16:00:19,2025-12-06,2025-12-06
440daa,8.0083,46.8691,1765034299,7635.24,146.45,FALSE,NA,440daa_2025-12-06 16:00:19,2025-12-06,2025-12-06
440daa,8.3612,46.943,1765034479,7627.62,160.78,FALSE,NA,440daa_2025-12-06 16:00:19,2025-12-06,2025-12-06
440daa,8.7236,47.0178,1765034659,7635.24,160.49,FALSE,NA,440daa_2025-12-06 16:00:19,2025-12-06,2025-12-06
440daa,9.0849,47.0906,1765034839,7635.24,160.84,FALSE,NA,440daa_2025-12-06 16:00:19,2025-12-06,2025-12-06
440daa,9.4492,47.163,1765035019,7635.24,159.56,FALSE,NA,440daa_2025-12-06 16:00:19,2025-12-06,2025-12-06
440daa,9.8063,47.2326,1765035199,7627.62,153.91,FALSE,NA,440daa_2025-12-06 16:00:19,2025-12-06,2025-12-06
440daa,10.16,47.3113,1765035379,7635.24,157.97,FALSE,NA,440daa_2025-12-06 16:00:19,2025-12-06,2025-12-06
440daa,10.5196,47.3904,1765035559,7635.24,159.44,FALSE,NA,440daa_2025-12-06 16:00:19,2025-12-06,2025-12-06
440daa,10.8787,47.468,1765035739,7635.24,158.14,FALSE,NA,440daa_2025-12-06 16:00:19,2025-12-06,2025-12-06
440daa,11.2389,47.5446,1765035919,7635.24,157.83,FALSE,NA,440daa_2025-12-06 16:00:19,2025-12-06,2025-12-06
440daa,11.5963,47.6191,1765036099,7635.24,157.04,FALSE,NA,440daa_2025-12-06 16:00:19,2025-12-06,2025-12-06
440daa,11.9581,47.6933,1765036279,7635.24,158.52,FALSE,NA,440daa_2025-12-06 16:00:19,2025-12-06,2025-12-06
440daa,12.3203,47.7661,1765036459,7635.24,158.86,FALSE,NA,440daa_2025-12-06 16:00:19,2025-12-06,2025-12-06
440daa,12.6927,47.7927,1765036639,7635.24,154.27,FALSE,NA,440daa_2025-12-06 16:00:19,2025-12-06,2025-12-06
440daa,13.0623,47.8108,1765036819,7642.86,154.71,FALSE,NA,440daa_2025-12-06 16:00:19,2025-12-06,2025-12-06
440daa,13.4287,47.8278,1765036999,7642.86,151.05,FALSE,NA,440daa_2025-12-06 16:00:19,2025-12-06,2025-12-06
440daa,13.7894,47.8431,1765037179,7642.86,150.5,FALSE,NA,440daa_2025-12-06 16:00:19,2025-12-06,2025-12-06
440daa,14.1495,47.8578,1765037359,7642.86,150.02,FALSE,NA,440daa_2025-12-06 16:00:19,2025-12-06,2025-12-06
440daa,14.4798,47.9516,1765037539,7642.86,148.72,FALSE,NA,440daa_2025-12-06 16:00:19,2025-12-06,2025-12-06
440daa,14.8061,48.051,1765037719,7627.62,149.44,FALSE,NA,440daa_2025-12-06 16:00:19,2025-12-06,2025-12-06
440daa,15.1375,48.1506,1765037899,6637.02,151.74,FALSE,NA,440daa_2025-12-06 16:00:19,2025-12-06,2025-12-06
440daa,15.4645,48.2478,1765038079,5196.84,147.2,FALSE,NA,440daa_2025-12-06 16:00:19,2025-12-06,2025-12-06
440daa,15.8138,48.2922,1765038259,3787.14,148.78,FALSE,NA,440daa_2025-12-06 16:00:19,2025-12-06,2025-12-06
440daa,16.1613,48.3094,1765038439,2545.08,138.94,FALSE,NA,440daa_2025-12-06 16:00:19,2025-12-06,2025-12-06
440daa,16.4756,48.2888,1765038619,1051.56,103.67,FALSE,NA,440daa_2025-12-06 16:00:19,2025-12-06,2025-12-06
440daa,16.5573,48.1688,1765038799,541.02,80.77,FALSE,NA,440daa_2025-12-06 16:00:19,2025-12-06,2025-12-06
4b27c0,6.6168,46.5467,1765098516,662.94,32.48,FALSE,NA,4b27c0_2025-12-07 10:08:36,2025-12-07,2025-12-07
4b27c0,6.556,46.5528,1765098696,952.5,77,FALSE,NA,4b27c0_2025-12-07 10:08:36,2025-12-07,2025-12-07
4b27c0,6.5336,46.6782,1765098876,1036.32,82.21,FALSE,NA,4b27c0_2025-12-07 10:08:36,2025-12-07,2025-12-07
4b27c0,6.6245,46.796,1765099056,1005.84,85.07,FALSE,NA,4b27c0_2025-12-07 10:08:36,2025-12-07,2025-12-07
4b27c0,6.8105,46.8392,1765099236,922.02,87.74,FALSE,NA,4b27c0_2025-12-07 10:08:36,2025-12-07,2025-12-07
4b27c0,6.969,46.9355,1765099416,952.5,91.34,FALSE,NA,4b27c0_2025-12-07 10:08:36,2025-12-07,2025-12-07
4b27c0,7.1075,47.0433,1765099596,906.78,88.49,FALSE,NA,4b27c0_2025-12-07 10:08:36,2025-12-07,2025-12-07
4b27c0,7.2498,47.1293,1765099776,883.92,78.91,FALSE,NA,4b27c0_2025-12-07 10:08:36,2025-12-07,2025-12-07
4b27c0,7.4255,47.1498,1765099956,952.5,65.34,FALSE,NA,4b27c0_2025-12-07 10:08:36,2025-12-07,2025-12-07
4b1bdf,6.6169,46.5478,1765178846,670.56,50.48,FALSE,NA,4b1bdf_2025-12-08 08:27:26,2025-12-08,2025-12-08
4b1bdf,6.6978,46.6011,1765179026,2072.64,81.34,FALSE,NA,4b1bdf_2025-12-08 08:27:26,2025-12-08,2025-12-08
4b1bdf,6.8943,46.5643,1765179206,3497.58,92.06,FALSE,NA,4b1bdf_2025-12-08 08:27:26,2025-12-08,2025-12-08
4b1bdf,7.0705,46.6614,1765179386,4686.3,108.3,FALSE,NA,4b1bdf_2025-12-08 08:27:26,2025-12-08,2025-12-08
4b1bdf,7.2736,46.7735,1765179566,5646.42,113.12,FALSE,NA,4b1bdf_2025-12-08 08:27:26,2025-12-08,2025-12-08
4b1bdf,7.5156,46.8712,1765179746,6484.62,125.16,FALSE,NA,4b1bdf_2025-12-08 08:27:26,2025-12-08,2025-12-08
4b1bdf,7.7994,46.9696,1765179926,6941.82,148.39,FALSE,NA,4b1bdf_2025-12-08 08:27:26,2025-12-08,2025-12-08
4b1bdf,8.121,47.08,1765180106,6941.82,152.3,FALSE,NA,4b1bdf_2025-12-08 08:27:26,2025-12-08,2025-12-08
4b1bdf,8.4457,47.1899,1765180286,6941.82,152.54,FALSE,NA,4b1bdf_2025-12-08 08:27:26,2025-12-08,2025-12-08
4b1bdf,8.7636,47.3082,1765180466,6934.2,153.12,FALSE,NA,4b1bdf_2025-12-08 08:27:26,2025-12-08,2025-12-08
4b1bdf,9.0573,47.4463,1765180646,6934.2,147.55,FALSE,NA,4b1bdf_2025-12-08 08:27:26,2025-12-08,2025-12-08
4b1bdf,9.3449,47.58,1765180826,6934.2,145.54,FALSE,NA,4b1bdf_2025-12-08 08:27:26,2025-12-08,2025-12-08
4b1bdf,9.631,47.7276,1765181006,6347.46,151.33,FALSE,NA,4b1bdf_2025-12-08 08:27:26,2025-12-08,2025-12-08
4b1bdf,9.9074,47.8884,1765181186,5486.4,152.5,FALSE,NA,4b1bdf_2025-12-08 08:27:26,2025-12-08,2025-12-08
4b1bdf,10.1859,48.0487,1765181366,4541.52,151.77,FALSE,NA,4b1bdf_2025-12-08 08:27:26,2025-12-08,2025-12-08
4b1bdf,10.4624,48.2062,1765181546,3611.88,148.93,FALSE,NA,4b1bdf_2025-12-08 08:27:26,2025-12-08,2025-12-08
4b1bdf,10.7351,48.3599,1765181726,2682.24,144.98,FALSE,NA,4b1bdf_2025-12-08 08:27:26,2025-12-08,2025-12-08
4b1bdf,10.9893,48.5018,1765181906,1691.64,119.42,FALSE,NA,4b1bdf_2025-12-08 08:27:26,2025-12-08,2025-12-08
4b1bdf,11.1462,48.4817,1765182086,1287.78,83.92,FALSE,NA,4b1bdf_2025-12-08 08:27:26,2025-12-08,2025-12-08
4b1bdf,10.9878,48.4378,1765182266,754.38,41.98,FALSE,NA,4b1bdf_2025-12-08 08:27:26,2025-12-08,2025-12-08
4b28b1,6.6169,46.5476,1765183881,670.56,28.88,FALSE,NA,4b28b1_2025-12-08 09:51:21,2025-12-08,2025-12-08
4b28b1,6.5632,46.5176,1765184061,1089.66,62.39,FALSE,NA,4b28b1_2025-12-08 09:51:21,2025-12-08,2025-12-08
4b28b1,6.5562,46.6188,1765184241,1097.28,63.87,FALSE,NA,4b28b1_2025-12-08 09:51:21,2025-12-08,2025-12-08
4b28b1,6.5801,46.7276,1765184421,784.86,61.13,FALSE,NA,4b28b1_2025-12-08 09:51:21,2025-12-08,2025-12-08
4b1bdd,6.6164,46.5424,1765188251,701.04,37.13,FALSE,NA,4b1bdd_2025-12-08 11:04:11,2025-12-08,2025-12-08
4b1bdd,6.5884,46.5672,1765188431,861.06,47.67,FALSE,NA,4b1bdd_2025-12-08 11:04:11,2025-12-08,2025-12-08
4b1bdd,6.6147,46.529,1765188611,822.96,41.43,FALSE,NA,4b1bdd_2025-12-08 11:04:11,2025-12-08,2025-12-08
4b1bdd,6.6167,46.5678,1765188791,845.82,35.96,FALSE,NA,4b1bdd_2025-12-08 11:04:11,2025-12-08,2025-12-08
4b1bdd,6.616,46.5054,1765188971,1074.42,45.41,FALSE,NA,4b1bdd_2025-12-08 11:04:11,2025-12-08,2025-12-08
4b1bdd,6.7232,46.4774,1765189151,1714.5,52.88,FALSE,NA,4b1bdd_2025-12-08 11:04:11,2025-12-08,2025-12-08
4b1bdd,6.8318,46.4407,1765189331,2080.26,51.29,FALSE,NA,4b1bdd_2025-12-08 11:04:11,2025-12-08,2025-12-08
4b1bdd,6.8896,46.3627,1765189511,2087.88,54.91,FALSE,NA,4b1bdd_2025-12-08 11:04:11,2025-12-08,2025-12-08
4b1bdd,6.9196,46.2795,1765189691,2141.22,55.05,FALSE,NA,4b1bdd_2025-12-08 11:04:11,2025-12-08,2025-12-08
4b1bdd,6.8787,46.2158,1765189871,2247.9,48.37,FALSE,NA,4b1bdd_2025-12-08 11:04:11,2025-12-08,2025-12-08
4b1bdd,6.8787,46.2158,1765190051,2247.9,48.37,FALSE,NA,4b1bdd_2025-12-08 11:04:11,2025-12-08,2025-12-08
4b1bdd,6.9153,46.2322,1765190231,2194.56,62.82,FALSE,NA,4b1bdd_2025-12-08 11:04:11,2025-12-08,2025-12-08
4b1bdd,6.9869,46.3155,1765190411,2186.94,59.93,FALSE,NA,4b1bdd_2025-12-08 11:04:11,2025-12-08,2025-12-08
4b1bdd,7.0785,46.3727,1765190591,2194.56,62.59,FALSE,NA,4b1bdd_2025-12-08 11:04:11,2025-12-08,2025-12-08
4b1bdd,7.0785,46.3727,1765190771,2194.56,62.96,FALSE,NA,4b1bdd_2025-12-08 11:04:11,2025-12-08,2025-12-08
4b1bdd,7.083,46.534,1765190951,1889.76,63.28,FALSE,NA,4b1bdd_2025-12-08 11:04:11,2025-12-08,2025-12-08
4b1bdd,7.0573,46.6171,1765191131,1889.76,56.04,FALSE,NA,4b1bdd_2025-12-08 11:04:11,2025-12-08,2025-12-08
4b1bdd,6.9322,46.6419,1765191311,1889.76,56.18,FALSE,NA,4b1bdd_2025-12-08 11:04:11,2025-12-08,2025-12-08
4b1bdd,6.8115,46.6513,1765191491,1706.88,53.39,FALSE,NA,4b1bdd_2025-12-08 11:04:11,2025-12-08,2025-12-08
4b1bdd,6.6995,46.6784,1765191671,1577.34,54.58,FALSE,NA,4b1bdd_2025-12-08 11:04:11,2025-12-08,2025-12-08
4b1bdd,6.6338,46.6386,1765191851,1173.48,46.58,FALSE,NA,4b1bdd_2025-12-08 11:04:11,2025-12-08,2025-12-08
4b1bdd,6.6192,46.5714,1765192031,861.06,34.05,FALSE,NA,4b1bdd_2025-12-08 11:04:11,2025-12-08,2025-12-08
4b25ea,6.6164,46.5434,1765189985,693.42,33.12,FALSE,NA,4b25ea_2025-12-08 11:33:05,2025-12-08,2025-12-08
4b25ea,6.6428,46.4828,1765190165,1363.98,45.1,FALSE,NA,4b25ea_2025-12-08 11:33:05,2025-12-08,2025-12-08
4b25ea,6.7503,46.4466,1765190345,1744.98,56.14,FALSE,NA,4b25ea_2025-12-08 11:33:05,2025-12-08,2025-12-08
4b25ea,6.8499,46.3913,1765190525,1729.74,55.41,FALSE,NA,4b25ea_2025-12-08 11:33:05,2025-12-08,2025-12-08
4b25ea,6.9063,46.3125,1765190705,1699.26,53.82,FALSE,NA,4b25ea_2025-12-08 11:33:05,2025-12-08,2025-12-08
4b25ea,6.9697,46.2388,1765190885,1706.88,48.77,FALSE,NA,4b25ea_2025-12-08 11:33:05,2025-12-08,2025-12-08
4b25ea,7.0158,46.1645,1765191065,1577.34,51.21,FALSE,NA,4b25ea_2025-12-08 11:33:05,2025-12-08,2025-12-08
4b28b1,6.6169,46.5482,1765192999,NA,26.28,FALSE,NA,4b28b1_2025-12-08 12:23:19,2025-12-08,2025-12-08
4b28b1,6.5905,46.4961,1765193179,1424.94,50.06,FALSE,NA,4b28b1_2025-12-08 12:23:19,2025-12-08,2025-12-08
4b28b1,6.5666,46.5854,1765193359,1409.7,54.39,FALSE,NA,4b28b1_2025-12-08 12:23:19,2025-12-08,2025-12-08
4b28b1,6.5443,46.6707,1765193539,1539.24,43.3,FALSE,NA,4b28b1_2025-12-08 12:23:19,2025-12-08,2025-12-08
4b28b1,6.5571,46.7491,1765193719,1714.5,58.93,FALSE,NA,4b28b1_2025-12-08 12:23:19,2025-12-08,2025-12-08
4b28b1,6.6565,46.8133,1765193899,2004.06,56.5,FALSE,NA,4b28b1_2025-12-08 12:23:19,2025-12-08,2025-12-08
4b28b1,6.7787,46.8602,1765194079,2331.72,67.04,FALSE,NA,4b28b1_2025-12-08 12:23:19,2025-12-08,2025-12-08
4b28b1,6.9177,46.8356,1765194259,2636.52,56.54,FALSE,NA,4b28b1_2025-12-08 12:23:19,2025-12-08,2025-12-08
4b28b1,7.0508,46.8103,1765194439,2948.94,63.03,FALSE,NA,4b28b1_2025-12-08 12:23:19,2025-12-08,2025-12-08
4b28b1,7.1921,46.7836,1765194619,2948.94,62.4,FALSE,NA,4b28b1_2025-12-08 12:23:19,2025-12-08,2025-12-08
4b28b1,7.2696,46.7117,1765194799,2948.94,56.6,FALSE,NA,4b28b1_2025-12-08 12:23:19,2025-12-08,2025-12-08
4b28b1,7.326,46.631,1765194979,2948.94,54.08,FALSE,NA,4b28b1_2025-12-08 12:23:19,2025-12-08,2025-12-08
4b28b1,7.3772,46.5513,1765195159,2956.56,49.62,FALSE,NA,4b28b1_2025-12-08 12:23:19,2025-12-08,2025-12-08
4b28b1,7.2788,46.5018,1765195339,2933.7,56.22,FALSE,NA,4b28b1_2025-12-08 12:23:19,2025-12-08,2025-12-08
4b28b1,7.1509,46.4799,1765195519,2644.14,56.87,FALSE,NA,4b28b1_2025-12-08 12:23:19,2025-12-08,2025-12-08
4b28b1,7.0284,46.4704,1765195699,2613.66,54.26,FALSE,NA,4b28b1_2025-12-08 12:23:19,2025-12-08,2025-12-08
4b28b1,6.8939,46.4765,1765195879,2125.98,58.67,FALSE,NA,4b28b1_2025-12-08 12:23:19,2025-12-08,2025-12-08
4b28b1,6.7662,46.4734,1765196059,2011.68,55.68,FALSE,NA,4b28b1_2025-12-08 12:23:19,2025-12-08,2025-12-08
4b28b1,6.8525,46.5412,1765196239,1714.5,57.12,FALSE,NA,4b28b1_2025-12-08 12:23:19,2025-12-08,2025-12-08
4b28b1,6.9249,46.6171,1765196419,1722.12,57.75,FALSE,NA,4b28b1_2025-12-08 12:23:19,2025-12-08,2025-12-08
4b28b1,6.9352,46.688,1765196599,1935.48,43.44,FALSE,NA,4b28b1_2025-12-08 12:23:19,2025-12-08,2025-12-08
4b28b1,6.8282,46.6657,1765196779,2026.92,52.88,FALSE,NA,4b28b1_2025-12-08 12:23:19,2025-12-08,2025-12-08
4b28b1,6.8051,46.6002,1765196959,1684.02,59.78,FALSE,NA,4b28b1_2025-12-08 12:23:19,2025-12-08,2025-12-08
4b28b1,6.6973,46.6238,1765197139,1402.08,52.96,FALSE,NA,4b28b1_2025-12-08 12:23:19,2025-12-08,2025-12-08
4b28b1,6.6203,46.6879,1765197319,1409.7,50.06,FALSE,NA,4b28b1_2025-12-08 12:23:19,2025-12-08,2025-12-08
4b28b1,6.5428,46.684,1765197499,1356.36,54.54,FALSE,NA,4b28b1_2025-12-08 12:23:19,2025-12-08,2025-12-08
4b28b1,6.4846,46.6036,1765197679,1402.08,55.45,FALSE,NA,4b28b1_2025-12-08 12:23:19,2025-12-08,2025-12-08
4b28b1,6.5775,46.6172,1765197859,1257.3,58.08,FALSE,NA,4b28b1_2025-12-08 12:23:19,2025-12-08,2025-12-08
4b28b1,6.6156,46.5981,1765198039,1089.66,48.55,FALSE,NA,4b28b1_2025-12-08 12:23:19,2025-12-08,2025-12-08
4b28b1,6.6162,46.5407,1765198219,701.04,39.26,FALSE,NA,4b28b1_2025-12-08 12:23:19,2025-12-08,2025-12-08
4b28b1,6.6035,46.5693,1765198399,868.68,41.21,FALSE,NA,4b28b1_2025-12-08 12:23:19,2025-12-08,2025-12-08
4b28b1,6.6169,46.5479,1765201363,NA,NA,FALSE,NA,4b28b1_2025-12-08 14:42:43,2025-12-08,2025-12-08
4b28b1,6.6269,46.4807,1765201543,1120.14,58.58,FALSE,NA,4b28b1_2025-12-08 14:42:43,2025-12-08,2025-12-08
4b28b1,6.701,46.5364,1765201723,1226.82,61.99,FALSE,NA,4b28b1_2025-12-08 14:42:43,2025-12-08,2025-12-08
4b28b1,6.7993,46.5701,1765201903,1379.22,62.77,FALSE,NA,4b28b1_2025-12-08 14:42:43,2025-12-08,2025-12-08
4b28b1,6.8855,46.6013,1765202083,1402.08,54.38,FALSE,NA,4b28b1_2025-12-08 14:42:43,2025-12-08,2025-12-08
4b28b1,6.8082,46.5779,1765202263,1539.24,55.56,FALSE,NA,4b28b1_2025-12-08 14:42:43,2025-12-08,2025-12-08
4b28b1,6.7766,46.6397,1765202443,1623.06,60.15,FALSE,NA,4b28b1_2025-12-08 14:42:43,2025-12-08,2025-12-08
4b28b1,6.6554,46.6698,1765202623,1623.06,62.55,FALSE,NA,4b28b1_2025-12-08 14:42:43,2025-12-08,2025-12-08
4b28b1,6.5137,46.6797,1765202803,1242.06,58.28,FALSE,NA,4b28b1_2025-12-08 14:42:43,2025-12-08,2025-12-08
4b28b1,6.5895,46.6566,1765202983,1173.48,64.32,FALSE,NA,4b28b1_2025-12-08 14:42:43,2025-12-08,2025-12-08
4b28b1,6.6152,46.5883,1765203163,1021.08,40.68,FALSE,NA,4b28b1_2025-12-08 14:42:43,2025-12-08,2025-12-08
4b32fd,NA,NA,1765217346,NA,1.15,FALSE,NA,4b32fd_2025-12-08 19:09:06,2025-12-08,2025-12-08
4b32fd,6.7186,46.5739,1765217526,1272.54,60.54,FALSE,NA,4b32fd_2025-12-08 19:09:06,2025-12-08,2025-12-08
4b32fd,6.8267,46.639,1765217706,1272.54,61.99,FALSE,NA,4b32fd_2025-12-08 19:09:06,2025-12-08,2025-12-08
4b32fd,6.9346,46.7073,1765217886,1280.16,63.33,FALSE,NA,4b32fd_2025-12-08 19:09:06,2025-12-08,2025-12-08
4b32fd,7.0362,46.7811,1765218066,1287.78,63.31,FALSE,NA,4b32fd_2025-12-08 19:09:06,2025-12-08,2025-12-08
4b32fd,7.1398,46.8555,1765218246,1280.16,64.04,FALSE,NA,4b32fd_2025-12-08 19:09:06,2025-12-08,2025-12-08
4b32fd,7.2451,46.931,1765218426,1280.16,65.12,FALSE,NA,4b32fd_2025-12-08 19:09:06,2025-12-08,2025-12-08
4b32fd,7.3801,46.9473,1765218606,967.74,52.12,FALSE,NA,4b32fd_2025-12-08 19:09:06,2025-12-08,2025-12-08
4b32fd,7.4775,46.9073,1765218786,929.64,19.7,FALSE,NA,4b32fd_2025-12-08 19:09:06,2025-12-08,2025-12-08
4b4471,6.6183,46.5464,1765282922,NA,0,FALSE,NA,4b4471_2025-12-09 13:22:02,2025-12-09,2025-12-09
4b4471,6.6696,46.5563,1765283102,1447.8,65.85,FALSE,NA,4b4471_2025-12-09 13:22:02,2025-12-09,2025-12-09
4b4471,6.7788,46.4778,1765283282,1386.84,63.69,FALSE,NA,4b4471_2025-12-09 13:22:02,2025-12-09,2025-12-09
4b4471,6.8947,46.4165,1765283462,1531.62,61.84,FALSE,NA,4b4471_2025-12-09 13:22:02,2025-12-09,2025-12-09
4b4471,7.0067,46.3638,1765283642,2331.72,62.38,FALSE,NA,4b4471_2025-12-09 13:22:02,2025-12-09,2025-12-09
4b3e3f,6.6175,46.5445,1765290187,NA,0,FALSE,NA,4b3e3f_2025-12-09 15:23:07,2025-12-09,2025-12-09
4b3e3f,6.6866,46.5679,1765290367,1127.76,73.38,FALSE,NA,4b3e3f_2025-12-09 15:23:07,2025-12-09,2025-12-09
4b3e3f,6.7999,46.5518,1765290547,1135.38,71.74,FALSE,NA,4b3e3f_2025-12-09 15:23:07,2025-12-09,2025-12-09
4b3e3f,7.0041,46.5224,1765290727,1790.7,60.74,FALSE,NA,4b3e3f_2025-12-09 15:23:07,2025-12-09,2025-12-09
4b3303,NA,NA,1765316806,NA,0,FALSE,NA,4b3303_2025-12-09 22:46:46,2025-12-09,2025-12-09
4b3303,6.5459,46.5609,1765316986,1120.14,48.13,FALSE,NA,4b3303_2025-12-09 22:46:46,2025-12-09,2025-12-09
4b3303,6.4381,46.5755,1765317166,1463.04,46.61,FALSE,NA,4b3303_2025-12-09 22:46:46,2025-12-09,2025-12-09
4b3303,6.326,46.5863,1765317346,1638.3,42.34,FALSE,NA,4b3303_2025-12-09 22:46:46,2025-12-09,2025-12-09
4b4381,6.7096,46.5087,1765356691,822.96,19.56,FALSE,NA,4b4381_2025-12-10 09:51:31,2025-12-10,2025-12-10
4b4381,6.8002,46.4742,1765356871,1272.54,52.23,FALSE,NA,4b4381_2025-12-10 09:51:31,2025-12-10,2025-12-10
4b4381,6.8963,46.4371,1765357051,1371.6,50.33,FALSE,NA,4b4381_2025-12-10 09:51:31,2025-12-10,2025-12-10
4b4381,6.9482,46.359,1765357231,1524,48.94,FALSE,NA,4b4381_2025-12-10 09:51:31,2025-12-10,2025-12-10
4b4381,7.0453,46.3229,1765357411,1996.44,45.95,FALSE,NA,4b4381_2025-12-10 09:51:31,2025-12-10,2025-12-10
4b25ea,6.6167,46.5457,1765358116,662.94,32.96,FALSE,NA,4b25ea_2025-12-10 10:15:16,2025-12-10,2025-12-10
4b25ea,6.5862,46.5027,1765358296,1203.96,40.17,FALSE,NA,4b25ea_2025-12-10 10:15:16,2025-12-10,2025-12-10
4b25ea,6.5449,46.5773,1765358476,1280.16,59.73,FALSE,NA,4b25ea_2025-12-10 10:15:16,2025-12-10,2025-12-10
4b25ea,6.5144,46.6693,1765358656,1371.6,51.41,FALSE,NA,4b25ea_2025-12-10 10:15:16,2025-12-10,2025-12-10
4b25ea,6.5268,46.7487,1765358836,1562.1,59.66,FALSE,NA,4b25ea_2025-12-10 10:15:16,2025-12-10,2025-12-10
4b25ea,6.5848,46.7932,1765359016,1577.34,41.41,FALSE,NA,4b25ea_2025-12-10 10:15:16,2025-12-10,2025-12-10
4b25ea,6.5819,46.7223,1765359196,1584.96,47.53,FALSE,NA,4b25ea_2025-12-10 10:15:16,2025-12-10,2025-12-10
4b25ea,6.634,46.6856,1765359376,1569.72,50.93,FALSE,NA,4b25ea_2025-12-10 10:15:16,2025-12-10,2025-12-10
4b25ea,6.7196,46.6325,1765359556,1760.22,42.25,FALSE,NA,4b25ea_2025-12-10 10:15:16,2025-12-10,2025-12-10
4b25ea,6.7774,46.6055,1765359736,1897.38,51.51,FALSE,NA,4b25ea_2025-12-10 10:15:16,2025-12-10,2025-12-10
4b25ea,6.7998,46.539,1765359916,1866.9,41.78,FALSE,NA,4b25ea_2025-12-10 10:15:16,2025-12-10,2025-12-10
4b25ea,6.8648,46.4791,1765360096,1950.72,44.09,FALSE,NA,4b25ea_2025-12-10 10:15:16,2025-12-10,2025-12-10
4b25ea,6.9262,46.4284,1765360276,2346.96,45.2,FALSE,NA,4b25ea_2025-12-10 10:15:16,2025-12-10,2025-12-10
4b25ea,6.9794,46.3671,1765360456,2346.96,45.42,FALSE,NA,4b25ea_2025-12-10 10:15:16,2025-12-10,2025-12-10
4b25ea,6.9346,46.3403,1765360636,1760.22,56.77,FALSE,NA,4b25ea_2025-12-10 10:15:16,2025-12-10,2025-12-10
4b25ea,6.876,46.4145,1765360816,1577.34,48.31,FALSE,NA,4b25ea_2025-12-10 10:15:16,2025-12-10,2025-12-10
4b25ea,6.8209,46.491,1765360996,1478.28,54.09,FALSE,NA,4b25ea_2025-12-10 10:15:16,2025-12-10,2025-12-10
4b25ea,6.7519,46.5648,1765361176,1363.98,55.47,FALSE,NA,4b25ea_2025-12-10 10:15:16,2025-12-10,2025-12-10
4b25ea,6.6678,46.6277,1765361356,1219.2,50.67,FALSE,NA,4b25ea_2025-12-10 10:15:16,2025-12-10,2025-12-10
4b25ea,6.6199,46.5871,1765361536,1028.7,42.95,FALSE,NA,4b25ea_2025-12-10 10:15:16,2025-12-10,2025-12-10
4b1af2,6.6167,46.545,1765360584,678.18,35.02,FALSE,NA,4b1af2_2025-12-10 10:56:24,2025-12-10,2025-12-10
4b1af2,6.6599,46.4998,1765360764,1371.6,48.82,FALSE,NA,4b1af2_2025-12-10 10:56:24,2025-12-10,2025-12-10
4b1af2,6.7815,46.4865,1765360944,1965.96,51.53,FALSE,NA,4b1af2_2025-12-10 10:56:24,2025-12-10,2025-12-10
4b1af2,6.8745,46.4577,1765361124,2514.6,40.38,FALSE,NA,4b1af2_2025-12-10 10:56:24,2025-12-10,2025-12-10
4b1af2,6.9271,46.4025,1765361304,2956.56,39.34,FALSE,NA,4b1af2_2025-12-10 10:56:24,2025-12-10,2025-12-10
4b1af2,6.9978,46.3353,1765361484,2964.18,54.26,FALSE,NA,4b1af2_2025-12-10 10:56:24,2025-12-10,2025-12-10
4b1af2,7.1218,46.3928,1765361664,2979.42,53.51,FALSE,NA,4b1af2_2025-12-10 10:56:24,2025-12-10,2025-12-10
4b1af2,7.1564,46.3235,1765361844,3169.92,51.59,FALSE,NA,4b1af2_2025-12-10 10:56:24,2025-12-10,2025-12-10
4b1af2,7.244,46.3096,1765362024,3329.94,63.44,FALSE,NA,4b1af2_2025-12-10 10:56:24,2025-12-10,2025-12-10
4b1af2,7.3713,46.3645,1765362204,3314.7,56.65,FALSE,NA,4b1af2_2025-12-10 10:56:24,2025-12-10,2025-12-10
4b1af2,7.5044,46.382,1765362384,3291.84,59.71,FALSE,NA,4b1af2_2025-12-10 10:56:24,2025-12-10,2025-12-10
4b1af2,7.4059,46.431,1765362564,3223.26,55.69,FALSE,NA,4b1af2_2025-12-10 10:56:24,2025-12-10,2025-12-10
4b1af2,7.2986,46.4856,1765362744,3192.78,60.74,FALSE,NA,4b1af2_2025-12-10 10:56:24,2025-12-10,2025-12-10
4b1af2,7.1878,46.5254,1765362924,2987.04,68.63,FALSE,NA,4b1af2_2025-12-10 10:56:24,2025-12-10,2025-12-10
4b1af2,7.0772,46.5992,1765363104,2583.18,60.6,FALSE,NA,4b1af2_2025-12-10 10:56:24,2025-12-10,2025-12-10
4b1af2,6.9506,46.6419,1765363284,2369.82,65.34,FALSE,NA,4b1af2_2025-12-10 10:56:24,2025-12-10,2025-12-10
4b1af2,6.8009,46.6503,1765363464,1821.18,58.32,FALSE,NA,4b1af2_2025-12-10 10:56:24,2025-12-10,2025-12-10
4b1af2,6.6674,46.6555,1765363644,1295.4,56.2,FALSE,NA,4b1af2_2025-12-10 10:56:24,2025-12-10,2025-12-10
4b1af2,6.6215,46.5933,1765363824,1051.56,45.34,FALSE,NA,4b1af2_2025-12-10 10:56:24,2025-12-10,2025-12-10
4b1af2,6.6164,46.5325,1765364004,800.1,43.74,FALSE,NA,4b1af2_2025-12-10 10:56:24,2025-12-10,2025-12-10
4b1af2,6.5955,46.5702,1765364184,868.68,48.97,FALSE,NA,4b1af2_2025-12-10 10:56:24,2025-12-10,2025-12-10
4b1af2,6.6093,46.5223,1765364364,868.68,39.67,FALSE,NA,4b1af2_2025-12-10 10:56:24,2025-12-10,2025-12-10
4b1af2,6.6094,46.5688,1765364544,868.68,43.55,FALSE,NA,4b1af2_2025-12-10 10:56:24,2025-12-10,2025-12-10
4b28b1,6.6169,46.5471,1765360936,670.56,27.34,FALSE,NA,4b28b1_2025-12-10 11:02:16,2025-12-10,2025-12-10
4b28b1,6.5855,46.5034,1765361116,1295.4,49.5,FALSE,NA,4b28b1_2025-12-10 11:02:16,2025-12-10,2025-12-10
4b28b1,6.5314,46.5829,1765361296,1562.1,66.51,FALSE,NA,4b28b1_2025-12-10 11:02:16,2025-12-10,2025-12-10
4b28b1,6.559,46.639,1765361476,1546.86,42.75,FALSE,NA,4b28b1_2025-12-10 11:02:16,2025-12-10,2025-12-10
4b28b1,6.5322,46.6569,1765361656,1539.24,24.86,FALSE,NA,4b28b1_2025-12-10 11:02:16,2025-12-10,2025-12-10
4b28b1,6.5205,46.6099,1765361836,1394.46,44.1,FALSE,NA,4b28b1_2025-12-10 11:02:16,2025-12-10,2025-12-10
4b28b1,6.517,46.6288,1765362016,1295.4,33.66,FALSE,NA,4b28b1_2025-12-10 11:02:16,2025-12-10,2025-12-10
4b28b1,6.4501,46.5918,1765362196,1508.76,30.54,FALSE,NA,4b28b1_2025-12-10 11:02:16,2025-12-10,2025-12-10
4b28b1,6.5002,46.655,1765362376,1379.22,62.91,FALSE,NA,4b28b1_2025-12-10 11:02:16,2025-12-10,2025-12-10
4b28b1,6.5456,46.6537,1765362556,1318.26,47.56,FALSE,NA,4b28b1_2025-12-10 11:02:16,2025-12-10,2025-12-10
4b28b1,6.6298,46.639,1765362736,1150.62,45.92,FALSE,NA,4b28b1_2025-12-10 11:02:16,2025-12-10,2025-12-10
4b28b1,6.6186,46.5713,1765362916,899.16,39.43,FALSE,NA,4b28b1_2025-12-10 11:02:16,2025-12-10,2025-12-10
4b1bdd,6.6164,46.5423,1765363091,685.8,38.19,FALSE,NA,4b1bdd_2025-12-10 11:38:11,2025-12-10,2025-12-10
4b1bdd,6.6699,46.4881,1765363271,1249.68,57.44,FALSE,NA,4b1bdd_2025-12-10 11:38:11,2025-12-10,2025-12-10
4b1bdd,6.7944,46.4559,1765363451,1493.52,66.21,FALSE,NA,4b1bdd_2025-12-10 11:38:11,2025-12-10,2025-12-10
4b1bdd,6.8757,46.3784,1765363631,1539.24,58.9,FALSE,NA,4b1bdd_2025-12-10 11:38:11,2025-12-10,2025-12-10
4b1bdd,6.9263,46.2879,1765363811,1691.64,61.07,FALSE,NA,4b1bdd_2025-12-10 11:38:11,2025-12-10,2025-12-10
4b1bdd,6.9941,46.1993,1765363991,1783.08,62.73,FALSE,NA,4b1bdd_2025-12-10 11:38:11,2025-12-10,2025-12-10
4b2837,6.6168,46.5466,1765363382,NA,NA,FALSE,NA,4b2837_2025-12-10 11:43:02,2025-12-10,2025-12-10
4b2837,6.6639,46.4943,1765363562,1165.86,65.73,FALSE,NA,4b2837_2025-12-10 11:43:02,2025-12-10,2025-12-10
4b2837,6.7796,46.5661,1765363742,1188.72,67.3,FALSE,NA,4b2837_2025-12-10 11:43:02,2025-12-10,2025-12-10
4b2837,6.8586,46.6594,1765363922,1196.34,67.88,FALSE,NA,4b2837_2025-12-10 11:43:02,2025-12-10,2025-12-10
4b2837,6.961,46.7454,1765364102,1188.72,65.29,FALSE,NA,4b2837_2025-12-10 11:43:02,2025-12-10,2025-12-10
4b2837,6.8951,46.8303,1765364282,1440.18,61.72,FALSE,NA,4b2837_2025-12-10 11:43:02,2025-12-10,2025-12-10
4b2837,6.8269,46.9121,1765364462,1615.44,57.52,FALSE,NA,4b2837_2025-12-10 11:43:02,2025-12-10,2025-12-10
4b2837,6.728,46.9691,1765364642,1691.64,62.8,FALSE,NA,4b2837_2025-12-10 11:43:02,2025-12-10,2025-12-10
4b3e95,NA,NA,1765365734,NA,0.51,FALSE,NA,4b3e95_2025-12-10 12:22:14,2025-12-10,2025-12-10
4b3e95,6.6398,46.5054,1765365914,1112.52,55.23,FALSE,NA,4b3e95_2025-12-10 12:22:14,2025-12-10,2025-12-10
4b3e95,6.7674,46.4622,1765366094,1120.14,60.54,FALSE,NA,4b3e95_2025-12-10 12:22:14,2025-12-10,2025-12-10
4b3e95,6.8876,46.423,1765366274,1981.2,55.91,FALSE,NA,4b3e95_2025-12-10 12:22:14,2025-12-10,2025-12-10
4b3e95,7.0074,46.384,1765366454,2811.78,65.19,FALSE,NA,4b3e95_2025-12-10 12:22:14,2025-12-10,2025-12-10
4b3e95,7.1364,46.3411,1765366634,3223.26,61.2,FALSE,NA,4b3e95_2025-12-10 12:22:14,2025-12-10,2025-12-10
4b3e95,7.2313,46.3113,1765366814,3063.24,47.53,FALSE,NA,4b3e95_2025-12-10 12:22:14,2025-12-10,2025-12-10
4b3e95,7.2188,46.311,1765366994,2964.18,25.63,FALSE,NA,4b3e95_2025-12-10 12:22:14,2025-12-10,2025-12-10
44aae2,6.6167,46.5455,1765370796,NA,NA,FALSE,NA,44aae2_2025-12-10 13:46:36,2025-12-10,2025-12-10
44aae2,6.4878,46.4783,1765370976,1280.16,101.53,FALSE,NA,44aae2_2025-12-10 13:46:36,2025-12-10,2025-12-10
44aae2,6.3398,46.3947,1765371156,1280.16,77.86,FALSE,NA,44aae2_2025-12-10 13:46:36,2025-12-10,2025-12-10
44aae2,6.2084,46.3057,1765371336,952.5,72.76,FALSE,NA,44aae2_2025-12-10 13:46:36,2025-12-10,2025-12-10
4b1af2,6.6168,46.5462,1765372715,NA,NA,FALSE,NA,4b1af2_2025-12-10 14:18:35,2025-12-10,2025-12-10
4b1af2,6.5897,46.5656,1765372895,899.16,57.1,FALSE,NA,4b1af2_2025-12-10 14:18:35,2025-12-10,2025-12-10
4b1af2,6.612,46.525,1765373075,891.54,43.46,FALSE,NA,4b1af2_2025-12-10 14:18:35,2025-12-10,2025-12-10
4b1af2,6.6183,46.5619,1765373255,838.2,36.53,FALSE,NA,4b1af2_2025-12-10 14:18:35,2025-12-10,2025-12-10
4b1af2,6.5864,46.5342,1765373435,883.92,52.6,FALSE,NA,4b1af2_2025-12-10 14:18:35,2025-12-10,2025-12-10
4b1af2,6.6166,46.5447,1765373615,662.94,18.55,FALSE,NA,4b1af2_2025-12-10 14:18:35,2025-12-10,2025-12-10
4b1bdd,6.6165,46.5435,1765374972,NA,NA,FALSE,NA,4b1bdd_2025-12-10 14:56:12,2025-12-10,2025-12-10
4b1bdd,6.6691,46.4979,1765375152,1272.54,55.56,FALSE,NA,4b1bdd_2025-12-10 14:56:12,2025-12-10,2025-12-10
4b1bdd,6.8191,46.4992,1765375332,1424.94,71.81,FALSE,NA,4b1bdd_2025-12-10 14:56:12,2025-12-10,2025-12-10
4b1bdd,6.8985,46.5946,1765375512,1264.92,66.17,FALSE,NA,4b1bdd_2025-12-10 14:56:12,2025-12-10,2025-12-10
4b1bdd,6.9824,46.6863,1765375692,1264.92,64.77,FALSE,NA,4b1bdd_2025-12-10 14:56:12,2025-12-10,2025-12-10
4b1bdd,7.1012,46.7357,1765375872,1005.84,51.66,FALSE,NA,4b1bdd_2025-12-10 14:56:12,2025-12-10,2025-12-10
4b25ea,6.6168,46.5467,1765375170,NA,NA,FALSE,NA,4b25ea_2025-12-10 14:59:30,2025-12-10,2025-12-10
4b25ea,6.5899,46.5041,1765375350,1135.38,47.34,FALSE,NA,4b25ea_2025-12-10 14:59:30,2025-12-10,2025-12-10
4b25ea,6.547,46.5842,1765375530,1135.38,60.19,FALSE,NA,4b25ea_2025-12-10 14:59:30,2025-12-10,2025-12-10
4b25ea,6.5658,46.5959,1765375710,1600.2,54.85,FALSE,NA,4b25ea_2025-12-10 14:59:30,2025-12-10,2025-12-10
4b25ea,6.5794,46.6507,1765375890,1127.76,57.43,FALSE,NA,4b25ea_2025-12-10 14:59:30,2025-12-10,2025-12-10
4b25ea,6.5588,46.7329,1765376070,906.78,47.89,FALSE,NA,4b25ea_2025-12-10 14:59:30,2025-12-10,2025-12-10
4b25ea,6.6116,46.7608,1765376250,495.3,31.67,FALSE,NA,4b25ea_2025-12-10 14:59:30,2025-12-10,2025-12-10
4b25ea,6.5967,46.7507,1765376430,609.6,39.13,FALSE,NA,4b25ea_2025-12-10 14:59:30,2025-12-10,2025-12-10
4b28b1,6.6169,46.5479,1765375956,NA,NA,FALSE,NA,4b28b1_2025-12-10 15:12:36,2025-12-10,2025-12-10
4b28b1,6.6351,46.4907,1765376136,1333.5,50.31,FALSE,NA,4b28b1_2025-12-10 15:12:36,2025-12-10,2025-12-10
4b28b1,6.7589,46.4677,1765376316,1722.12,57.31,FALSE,NA,4b28b1_2025-12-10 15:12:36,2025-12-10,2025-12-10
4b28b1,6.8573,46.4172,1765376496,1714.5,52.58,FALSE,NA,4b28b1_2025-12-10 15:12:36,2025-12-10,2025-12-10
4b28b1,6.9197,46.3401,1765376676,1714.5,54.81,FALSE,NA,4b28b1_2025-12-10 15:12:36,2025-12-10,2025-12-10
4b28b1,7.0243,46.3008,1765376856,2171.7,49.87,FALSE,NA,4b28b1_2025-12-10 15:12:36,2025-12-10,2025-12-10
4b28b1,6.9792,46.2527,1765377036,2628.9,50.17,FALSE,NA,4b28b1_2025-12-10 15:12:36,2025-12-10,2025-12-10
4b28b1,7.0431,46.3333,1765377216,2674.62,61.62,FALSE,NA,4b28b1_2025-12-10 15:12:36,2025-12-10,2025-12-10
4b28b1,7.0391,46.3417,1765377396,2308.86,65.87,FALSE,NA,4b28b1_2025-12-10 15:12:36,2025-12-10,2025-12-10
4b28b1,7.1195,46.425,1765377576,2293.62,58.21,FALSE,NA,4b28b1_2025-12-10 15:12:36,2025-12-10,2025-12-10
4b28b1,7.1473,46.4592,1765377756,2286,62.23,FALSE,NA,4b28b1_2025-12-10 15:12:36,2025-12-10,2025-12-10
4b28b1,7.3398,46.5355,1765377936,2324.1,59.03,FALSE,NA,4b28b1_2025-12-10 15:12:36,2025-12-10,2025-12-10
4b28b1,7.2875,46.613,1765378116,2186.94,65.58,FALSE,NA,4b28b1_2025-12-10 15:12:36,2025-12-10,2025-12-10
4b28b1,7.2634,46.713,1765378296,2026.92,58.58,FALSE,NA,4b28b1_2025-12-10 15:12:36,2025-12-10,2025-12-10
4b28b1,7.1803,46.7326,1765378476,2019.3,44.44,FALSE,NA,4b28b1_2025-12-10 15:12:36,2025-12-10,2025-12-10
4b28b1,7.0827,46.7088,1765378656,2011.68,47.34,FALSE,NA,4b28b1_2025-12-10 15:12:36,2025-12-10,2025-12-10
4b28b1,6.9813,46.6932,1765378836,2019.3,44.74,FALSE,NA,4b28b1_2025-12-10 15:12:36,2025-12-10,2025-12-10
4b28b1,6.857,46.6738,1765379016,1569.72,54.91,FALSE,NA,4b28b1_2025-12-10 15:12:36,2025-12-10,2025-12-10
4b28b1,6.7401,46.6557,1765379196,1272.54,54.49,FALSE,NA,4b28b1_2025-12-10 15:12:36,2025-12-10,2025-12-10
4b28b1,6.6357,46.6382,1765379376,1196.34,51.78,FALSE,NA,4b28b1_2025-12-10 15:12:36,2025-12-10,2025-12-10
4b28b1,6.6156,46.6114,1765379556,1104.9,47.29,TRUE,NA,4b28b1_2025-12-10 15:12:36,2025-12-10,2025-12-10
4b28b1,6.6196,46.5816,1765379736,998.22,34.14,TRUE,NA,4b28b1_2025-12-10 15:12:36,2025-12-10,2025-12-10
4b1af2,6.6168,46.5464,1765377796,NA,NA,FALSE,NA,4b1af2_2025-12-10 15:43:16,2025-12-10,2025-12-10
4b1af2,6.5897,46.5669,1765377976,883.92,52.27,FALSE,NA,4b1af2_2025-12-10 15:43:16,2025-12-10,2025-12-10
4b1af2,6.6136,46.5271,1765378156,861.06,44.92,FALSE,NA,4b1af2_2025-12-10 15:43:16,2025-12-10,2025-12-10
4b1af2,6.6089,46.5736,1765378336,861.06,45.32,FALSE,NA,4b1af2_2025-12-10 15:43:16,2025-12-10,2025-12-10
4b1af2,6.6107,46.5167,1765378516,1005.84,40.96,FALSE,NA,4b1af2_2025-12-10 15:43:16,2025-12-10,2025-12-10
4b1af2,6.7159,46.4728,1765378696,1120.14,63.51,FALSE,NA,4b1af2_2025-12-10 15:43:16,2025-12-10,2025-12-10
4b1af2,6.8479,46.443600000000004,1765378876,1143,59.61,FALSE,NA,4b1af2_2025-12-10 15:43:16,2025-12-10,2025-12-10
4b1af2,6.7429,46.4763,1765379056,1196.34,54.7,FALSE,NA,4b1af2_2025-12-10 15:43:16,2025-12-10,2025-12-10
4b1af2,6.6859,46.5252,1765379236,1181.1,61.72,FALSE,NA,4b1af2_2025-12-10 15:43:16,2025-12-10,2025-12-10
4b1af2,6.582,46.5462,1765379416,853.44,44.12,FALSE,NA,4b1af2_2025-12-10 15:43:16,2025-12-10,2025-12-10
4b1af2,6.6187,46.567,1765379596,792.48,34.56,FALSE,NA,4b1af2_2025-12-10 15:43:16,2025-12-10,2025-12-10
46316e,6.6164,46.5425,1765447012,685.8,52.05,FALSE,NA,46316e_2025-12-11 10:56:52,2025-12-11,2025-12-11
46316e,6.616,46.425,1765447192,2484.12,75.62,FALSE,NA,46316e_2025-12-11 10:56:52,2025-12-11,2025-12-11
46316e,6.6114,46.2968,1765447372,4122.42,82.32,FALSE,NA,46316e_2025-12-11 10:56:52,2025-12-11,2025-12-11
46316e,6.6559,46.1612,1765447552,5516.88,86.22,FALSE,NA,46316e_2025-12-11 10:56:52,2025-12-11,2025-12-11
46316e,6.7229,46.0226,1765447732,6553.2,97.77,FALSE,NA,46316e_2025-12-11 10:56:52,2025-12-11,2025-12-11
46316e,6.8034,45.8554,1765447912,7185.66,113.55,FALSE,NA,46316e_2025-12-11 10:56:52,2025-12-11,2025-12-11
46316e,6.9769,45.7008,1765448092,7246.62,142.36,FALSE,NA,46316e_2025-12-11 10:56:52,2025-12-11,2025-12-11
46316e,7.2943,45.6604,1765448272,7246.62,147.91,FALSE,NA,46316e_2025-12-11 10:56:52,2025-12-11,2025-12-11
46316e,7.6321,45.6921,1765448452,7246.62,148.42,FALSE,NA,46316e_2025-12-11 10:56:52,2025-12-11,2025-12-11
46316e,7.9712,45.7231,1765448632,7246.62,147.78,FALSE,NA,46316e_2025-12-11 10:56:52,2025-12-11,2025-12-11
46316e,8.3083,45.7527,1765448812,7246.62,146.7,FALSE,NA,46316e_2025-12-11 10:56:52,2025-12-11,2025-12-11
46316e,8.6469,45.7816,1765448992,7246.62,147.66,FALSE,NA,46316e_2025-12-11 10:56:52,2025-12-11,2025-12-11
46316e,8.9845,45.8093,1765449172,7239,146.57,FALSE,NA,46316e_2025-12-11 10:56:52,2025-12-11,2025-12-11
46316e,9.321,45.8359,1765449352,7239,145.49,FALSE,NA,46316e_2025-12-11 10:56:52,2025-12-11,2025-12-11
46316e,9.6456,45.8608,1765449532,7239,138.06,FALSE,NA,46316e_2025-12-11 10:56:52,2025-12-11,2025-12-11
46316e,9.9864,45.8855,1765449712,6621.78,150.96,FALSE,NA,46316e_2025-12-11 10:56:52,2025-12-11,2025-12-11
46316e,10.3217,45.9089,1765449892,6461.76,153.98,FALSE,NA,46316e_2025-12-11 10:56:52,2025-12-11,2025-12-11
46316e,10.6776,45.9352,1765450072,4594.86,151.24,FALSE,NA,46316e_2025-12-11 10:56:52,2025-12-11,2025-12-11
46316e,10.860900000000001,45.9978,1765450252,3489.96,145.68,FALSE,NA,46316e_2025-12-11 10:56:52,2025-12-11,2025-12-11
462d44,6.6167,46.5457,1765451112,NA,NA,FALSE,NA,462d44_2025-12-11 12:05:12,2025-12-11,2025-12-11
462d44,6.4931,46.5154,1765451292,2255.52,93.72,FALSE,NA,462d44_2025-12-11 12:05:12,2025-12-11,2025-12-11
462d44,6.4479,46.6688,1765451472,4008.12,104.43,FALSE,NA,462d44_2025-12-11 12:05:12,2025-12-11,2025-12-11
462d44,6.3529,46.8259,1765451652,5509.26,103.76,FALSE,NA,462d44_2025-12-11 12:05:12,2025-12-11,2025-12-11
462d44,6.2586,46.9815,1765451832,6819.9,105.74,FALSE,NA,462d44_2025-12-11 12:05:12,2025-12-11,2025-12-11
462d44,6.2455,47.1671,1765452012,7528.56,135.86,FALSE,NA,462d44_2025-12-11 12:05:12,2025-12-11,2025-12-11
462d44,6.236,47.3985,1765452192,7528.56,144.62,FALSE,NA,462d44_2025-12-11 12:05:12,2025-12-11,2025-12-11
462d44,6.2264,47.6335,1765452372,7520.94,145.13,FALSE,NA,462d44_2025-12-11 12:05:12,2025-12-11,2025-12-11
462d44,6.2166,47.8678,1765452552,7520.94,145.13,FALSE,NA,462d44_2025-12-11 12:05:12,2025-12-11,2025-12-11
462d44,6.2067,48.1025,1765452732,7513.32,146.15,FALSE,NA,462d44_2025-12-11 12:05:12,2025-12-11,2025-12-11
462d44,6.1965,48.3381,1765452912,7513.32,145.65,FALSE,NA,462d44_2025-12-11 12:05:12,2025-12-11,2025-12-11
462d44,6.24,48.5713,1765453092,7513.32,146.12,FALSE,NA,462d44_2025-12-11 12:05:12,2025-12-11,2025-12-11
462d44,6.2858,48.8028,1765453272,7505.7,141.41,FALSE,NA,462d44_2025-12-11 12:05:12,2025-12-11,2025-12-11
462d44,6.3809,49.0231,1765453452,7513.32,142.46,FALSE,NA,462d44_2025-12-11 12:05:12,2025-12-11,2025-12-11
462d44,6.4192,49.2536,1765453632,7505.7,145.55,FALSE,NA,462d44_2025-12-11 12:05:12,2025-12-11,2025-12-11
462d44,6.2992,49.4774,1765453812,7505.7,149.12,FALSE,NA,462d44_2025-12-11 12:05:12,2025-12-11,2025-12-11
462d44,6.0575,49.6612,1765453992,7505.7,150.27,FALSE,NA,462d44_2025-12-11 12:05:12,2025-12-11,2025-12-11
462d44,5.8124,49.8448,1765454172,7505.7,150.61,FALSE,NA,462d44_2025-12-11 12:05:12,2025-12-11,2025-12-11
462d44,5.5675,50.0266,1765454352,7498.08,148.43,FALSE,NA,462d44_2025-12-11 12:05:12,2025-12-11,2025-12-11
462d44,5.3211,50.2074,1765454532,7498.08,149.06,FALSE,NA,462d44_2025-12-11 12:05:12,2025-12-11,2025-12-11
462d44,5.0715,50.3885,1765454712,7498.08,149.06,FALSE,NA,462d44_2025-12-11 12:05:12,2025-12-11,2025-12-11
462d44,4.8208,50.5684,1765454892,7498.08,149.4,FALSE,NA,462d44_2025-12-11 12:05:12,2025-12-11,2025-12-11
462d44,4.5668,50.749,1765455072,7444.74,153.42,FALSE,NA,462d44_2025-12-11 12:05:12,2025-12-11,2025-12-11
462d44,4.3125,50.928,1765455252,6888.48,149.7,FALSE,NA,462d44_2025-12-11 12:05:12,2025-12-11,2025-12-11
462d44,4.0522,51.1094,1765455432,6362.7,152.23,FALSE,NA,462d44_2025-12-11 12:05:12,2025-12-11,2025-12-11
462d44,4.0299,51.3484,1765455612,5775.96,152.65,FALSE,NA,462d44_2025-12-11 12:05:12,2025-12-11,2025-12-11
462d44,4.0754,51.5999,1765455792,4648.2,157.37,FALSE,NA,462d44_2025-12-11 12:05:12,2025-12-11,2025-12-11
462d44,4.1193,51.8396,1765455972,3413.76,141.86,FALSE,NA,462d44_2025-12-11 12:05:12,2025-12-11,2025-12-11
462d44,4.2928,52.023,1765456152,2468.88,130.05,FALSE,NA,462d44_2025-12-11 12:05:12,2025-12-11,2025-12-11
462d44,4.5196,52.1799,1765456332,2240.28,129.69,FALSE,NA,462d44_2025-12-11 12:05:12,2025-12-11,2025-12-11
462d44,4.7385,52.3396,1765456512,1638.3,128.21,FALSE,NA,462d44_2025-12-11 12:05:12,2025-12-11,2025-12-11
462d44,4.9746,52.4672,1765456692,784.86,108.14,FALSE,NA,462d44_2025-12-11 12:05:12,2025-12-11,2025-12-11
462d44,4.8746,52.3635,1765456872,464.82,59.77,FALSE,NA,462d44_2025-12-11 12:05:12,2025-12-11,2025-12-11
4b1af2,6.6168,46.5462,1765454233,NA,NA,FALSE,NA,4b1af2_2025-12-11 12:57:13,2025-12-11,2025-12-11
4b1af2,6.6455,46.4948,1765454413,1562.1,42.68,FALSE,NA,4b1af2_2025-12-11 12:57:13,2025-12-11,2025-12-11
4b1af2,6.7662,46.4759,1765454593,1943.1,50.67,FALSE,NA,4b1af2_2025-12-11 12:57:13,2025-12-11,2025-12-11
4b1af2,6.857,46.5004,1765454773,2042.16,62.72,FALSE,NA,4b1af2_2025-12-11 12:57:13,2025-12-11,2025-12-11
4b1af2,6.8513,46.6008,1765454953,1905,63.52,FALSE,NA,4b1af2_2025-12-11 12:57:13,2025-12-11,2025-12-11
4b1af2,6.7782,46.6683,1765455133,1691.64,62.25,FALSE,NA,4b1af2_2025-12-11 12:57:13,2025-12-11,2025-12-11
4b1af2,6.6397,46.6392,1765455313,1143,67.85,FALSE,NA,4b1af2_2025-12-11 12:57:13,2025-12-11,2025-12-11
4b1af2,6.6181,46.5597,1765455493,769.62,39.22,FALSE,NA,4b1af2_2025-12-11 12:57:13,2025-12-11,2025-12-11
4b059a,6.6168,46.547,1765456626,NA,NA,FALSE,NA,4b059a_2025-12-11 13:37:06,2025-12-11,2025-12-11
4b059a,6.6333,46.4873,1765456806,1188.72,45.1,FALSE,NA,4b059a_2025-12-11 13:37:06,2025-12-11,2025-12-11
4b059a,6.7367,46.5231,1765456986,1676.4,51.31,FALSE,NA,4b059a_2025-12-11 13:37:06,2025-12-11,2025-12-11
4b059a,6.8712,46.5719,1765457166,1722.12,70.24,FALSE,NA,4b059a_2025-12-11 13:37:06,2025-12-11,2025-12-11
4b059a,7.0106,46.631100000000004,1765457346,1722.12,69.7,FALSE,NA,4b059a_2025-12-11 13:37:06,2025-12-11,2025-12-11
4b059a,7.15,46.6921,1765457526,1722.12,70.21,FALSE,NA,4b059a_2025-12-11 13:37:06,2025-12-11,2025-12-11
4b059a,7.3009,46.7393,1765457706,1722.12,70.05,FALSE,NA,4b059a_2025-12-11 13:37:06,2025-12-11,2025-12-11
4b059a,7.4582,46.7563,1765457886,1722.12,69.14,FALSE,NA,4b059a_2025-12-11 13:37:06,2025-12-11,2025-12-11
4b059a,7.6105,46.7144,1765458066,1722.12,70.87,FALSE,NA,4b059a_2025-12-11 13:37:06,2025-12-11,2025-12-11
4b059a,7.7564,46.6723,1765458246,1722.12,70.79,FALSE,NA,4b059a_2025-12-11 13:37:06,2025-12-11,2025-12-11
4b059a,7.9225,46.7001,1765458426,1638.3,77.45,FALSE,NA,4b059a_2025-12-11 13:37:06,2025-12-11,2025-12-11
4b059a,8.0554,46.7324,1765458606,1569.72,72.76,FALSE,NA,4b059a_2025-12-11 13:37:06,2025-12-11,2025-12-11
4b059a,8.1338,46.7523,1765458786,1569.72,70.98,FALSE,NA,4b059a_2025-12-11 13:37:06,2025-12-11,2025-12-11
4b059a,8.268,46.9171,1765458966,1562.1,71.29,FALSE,NA,4b059a_2025-12-11 13:37:06,2025-12-11,2025-12-11
4b059a,8.3793,47.0049,1765459146,1562.1,72.21,FALSE,NA,4b059a_2025-12-11 13:37:06,2025-12-11,2025-12-11
4b059a,8.4922,47.0955,1765459326,1165.86,75.4,FALSE,NA,4b059a_2025-12-11 13:37:06,2025-12-11,2025-12-11
4b059a,8.4987,47.1964,1765459506,777.24,46.17,FALSE,NA,4b059a_2025-12-11 13:37:06,2025-12-11,2025-12-11
4b1bfd,6.6169,46.5479,1765457503,678.18,24.74,FALSE,NA,4b1bfd_2025-12-11 13:51:43,2025-12-11,2025-12-11
4b1bfd,6.6924,46.4965,1765457683,1645.92,66.64,FALSE,NA,4b1bfd_2025-12-11 13:51:43,2025-12-11,2025-12-11
4b1bfd,6.8246,46.5681,1765457863,2560.32,86.95,FALSE,NA,4b1bfd_2025-12-11 13:51:43,2025-12-11,2025-12-11
4b1bfd,6.9884,46.6546,1765458043,2552.7,87.36,FALSE,NA,4b1bfd_2025-12-11 13:51:43,2025-12-11,2025-12-11
4b1bfd,7.1513,46.74,1765458223,2560.32,86.63,FALSE,NA,4b1bfd_2025-12-11 13:51:43,2025-12-11,2025-12-11
4b1bfd,7.2549,46.8557,1765458403,2324.1,95.8,FALSE,NA,4b1bfd_2025-12-11 13:51:43,2025-12-11,2025-12-11
4b1bfd,7.2663,47.0011,1765458583,1470.66,77.46,FALSE,NA,4b1bfd_2025-12-11 13:51:43,2025-12-11,2025-12-11
4b1bfd,7.3995,46.9939,1765458763,1257.3,67.52,FALSE,NA,4b1bfd_2025-12-11 13:51:43,2025-12-11,2025-12-11
4b1bfd,7.497,46.9147,1765458943,1432.56,59.38,FALSE,NA,4b1bfd_2025-12-11 13:51:43,2025-12-11,2025-12-11
4b1bfd,7.5999,46.9623,1765459123,2247.9,74.3,FALSE,NA,4b1bfd_2025-12-11 13:51:43,2025-12-11,2025-12-11
4b1bfd,7.651,47.0452,1765459303,2247.9,81.9,FALSE,NA,4b1bfd_2025-12-11 13:51:43,2025-12-11,2025-12-11
4b1bfd,7.4555,47.0379,1765459483,1874.52,85.88,FALSE,NA,4b1bfd_2025-12-11 13:51:43,2025-12-11,2025-12-11
4b1bfd,7.3072,47.036,1765459663,1569.72,70.87,FALSE,NA,4b1bfd_2025-12-11 13:51:43,2025-12-11,2025-12-11
4b1bfd,7.3422,47.0021,1765459843,1569.72,71.2,FALSE,NA,4b1bfd_2025-12-11 13:51:43,2025-12-11,2025-12-11
4b1bfd,7.3818,47.0085,1765460023,1272.54,66.31,FALSE,NA,4b1bfd_2025-12-11 13:51:43,2025-12-11,2025-12-11
4b1bfd,7.4812,46.9272,1765460203,655.32,60.67,FALSE,NA,4b1bfd_2025-12-11 13:51:43,2025-12-11,2025-12-11
4b0e59,6.6168,46.5463,1765458158,678.18,28.88,FALSE,NA,4b0e59_2025-12-11 14:02:38,2025-12-11,2025-12-11
4b0e59,6.6427,46.4929,1765458338,1516.38,45.56,FALSE,NA,4b0e59_2025-12-11 14:02:38,2025-12-11,2025-12-11
4b0e59,6.7633,46.478,1765458518,1927.86,54.57,FALSE,NA,4b0e59_2025-12-11 14:02:38,2025-12-11,2025-12-11
4b0e59,6.8801,46.4856,1765458698,2209.8,55.57,FALSE,NA,4b0e59_2025-12-11 14:02:38,2025-12-11,2025-12-11
4b0e59,7.0033,46.4802,1765458878,2529.84,55.56,FALSE,NA,4b0e59_2025-12-11 14:02:38,2025-12-11,2025-12-11
4b0e59,7.1301,46.4951,1765459058,3070.86,53.41,FALSE,NA,4b0e59_2025-12-11 14:02:38,2025-12-11,2025-12-11
4b0e59,7.2453,46.5093,1765459238,3528.06,50.94,FALSE,NA,4b0e59_2025-12-11 14:02:38,2025-12-11,2025-12-11
4b0e59,7.3713,46.5278,1765459418,3764.28,61.26,FALSE,NA,4b0e59_2025-12-11 14:02:38,2025-12-11,2025-12-11
4b0e59,7.5128,46.5419,1765459598,3886.2,54.06,FALSE,NA,4b0e59_2025-12-11 14:02:38,2025-12-11,2025-12-11
4b0e59,7.6475,46.5573,1765459778,3977.64,63.75,FALSE,NA,4b0e59_2025-12-11 14:02:38,2025-12-11,2025-12-11
4b0e59,7.7879,46.5655,1765459958,4023.36,59.82,FALSE,NA,4b0e59_2025-12-11 14:02:38,2025-12-11,2025-12-11
4b0e59,7.9218,46.5881,1765460138,4030.98,60.99,FALSE,NA,4b0e59_2025-12-11 14:02:38,2025-12-11,2025-12-11
4b0e59,7.9718,46.5925,1765460318,4015.74,55.05,FALSE,NA,4b0e59_2025-12-11 14:02:38,2025-12-11,2025-12-11
4b0e59,8.0192,46.5163,1765460498,3886.2,64.43,FALSE,NA,4b0e59_2025-12-11 14:02:38,2025-12-11,2025-12-11
4b0e59,7.8893,46.5685,1765460678,3421.38,69.5,FALSE,NA,4b0e59_2025-12-11 14:02:38,2025-12-11,2025-12-11
4b0e59,7.7349,46.5606,1765460858,3154.68,68.03,FALSE,NA,4b0e59_2025-12-11 14:02:38,2025-12-11,2025-12-11
4b0e59,7.5976,46.5292,1765461038,3048,63.33,FALSE,NA,4b0e59_2025-12-11 14:02:38,2025-12-11,2025-12-11
4b0e59,7.4515,46.5168,1765461218,2651.76,59.43,FALSE,NA,4b0e59_2025-12-11 14:02:38,2025-12-11,2025-12-11
4b0e59,7.3528,46.5536,1765461398,2148.84,54.85,FALSE,NA,4b0e59_2025-12-11 14:02:38,2025-12-11,2025-12-11
4b0e59,7.4053,46.5203,1765461578,1706.88,52.46,FALSE,NA,4b0e59_2025-12-11 14:02:38,2025-12-11,2025-12-11
4b1af2,6.6168,46.5468,1765458850,NA,NA,FALSE,NA,4b1af2_2025-12-11 14:14:10,2025-12-11,2025-12-11
4b1af2,6.587,46.5572,1765459030,906.78,39.22,FALSE,NA,4b1af2_2025-12-11 14:14:10,2025-12-11,2025-12-11
4b1af2,6.6165,46.5434,1765459210,678.18,40.72,FALSE,NA,4b1af2_2025-12-11 14:14:10,2025-12-11,2025-12-11
4b1af2,6.5901,46.5659,1765459390,883.92,41.47,FALSE,NA,4b1af2_2025-12-11 14:14:10,2025-12-11,2025-12-11
4b1af2,6.6035,46.529,1765459570,868.68,50.12,FALSE,NA,4b1af2_2025-12-11 14:14:10,2025-12-11,2025-12-11
4b1af2,6.6172,46.566,1765459750,830.58,34.59,FALSE,NA,4b1af2_2025-12-11 14:14:10,2025-12-11,2025-12-11
4b28b1,6.6169,46.5469,1765462340,670.56,26.28,FALSE,NA,4b28b1_2025-12-11 15:12:20,2025-12-11,2025-12-11
4b28b1,6.6355,46.4862,1765462520,1318.26,46.55,FALSE,NA,4b28b1_2025-12-11 15:12:20,2025-12-11,2025-12-11
4b28b1,6.7586,46.4631,1765462700,1546.86,60.54,FALSE,NA,4b28b1_2025-12-11 15:12:20,2025-12-11,2025-12-11
4b28b1,6.8462,46.5291,1765462880,1844.04,60.46,FALSE,NA,4b28b1_2025-12-11 15:12:20,2025-12-11,2025-12-11
4b28b1,6.8099,46.5939,1765463060,1844.04,60.23,FALSE,NA,4b28b1_2025-12-11 15:12:20,2025-12-11,2025-12-11
4b28b1,6.6837,46.655,1765463240,1386.84,64.95,FALSE,NA,4b28b1_2025-12-11 15:12:20,2025-12-11,2025-12-11
4b28b1,6.7064,46.6868,1765463420,1356.36,61.22,FALSE,NA,4b28b1_2025-12-11 15:12:20,2025-12-11,2025-12-11
4b28b1,6.5736,46.6795,1765463600,1333.5,56.17,FALSE,NA,4b28b1_2025-12-11 15:12:20,2025-12-11,2025-12-11
4b28b1,6.5174,46.611,1765463780,1295.4,49.13,FALSE,NA,4b28b1_2025-12-11 15:12:20,2025-12-11,2025-12-11
4b28b1,6.5867000000000004,46.6068,1765463960,1066.8,58.73,FALSE,NA,4b28b1_2025-12-11 15:12:20,2025-12-11,2025-12-11
4b28b1,6.6171,46.5498,1765464140,685.8,33.54,FALSE,NA,4b28b1_2025-12-11 15:12:20,2025-12-11,2025-12-11
4b25ea,6.6166,46.5443,1765528128,662.94,31.96,FALSE,NA,4b25ea_2025-12-12 09:28:48,2025-12-12,2025-12-12
4b25ea,6.6269,46.6065,1765528308,1249.68,45.2,FALSE,NA,4b25ea_2025-12-12 09:28:48,2025-12-12,2025-12-12
4b25ea,6.7427,46.6078,1765528488,1676.4,51,FALSE,NA,4b25ea_2025-12-12 09:28:48,2025-12-12,2025-12-12
4b25ea,6.8555,46.6197,1765528668,2087.88,48.49,FALSE,NA,4b25ea_2025-12-12 09:28:48,2025-12-12,2025-12-12
4b25ea,6.9697,46.6188,1765528848,2446.02,50.54,FALSE,NA,4b25ea_2025-12-12 09:28:48,2025-12-12,2025-12-12
4b25ea,7.0952,46.6111,1765529028,2667,59.99,FALSE,NA,4b25ea_2025-12-12 09:28:48,2025-12-12,2025-12-12
4b25ea,7.2385,46.6064,1765529208,2644.14,59.73,FALSE,NA,4b25ea_2025-12-12 09:28:48,2025-12-12,2025-12-12
4b25ea,7.3628,46.5784,1765529388,2674.62,55.86,FALSE,NA,4b25ea_2025-12-12 09:28:48,2025-12-12,2025-12-12
4b25ea,7.4196,46.5003,1765529568,2689.86,54.5,FALSE,NA,4b25ea_2025-12-12 09:28:48,2025-12-12,2025-12-12
4b25ea,7.3951,46.4258,1765529748,2682.24,54.54,FALSE,NA,4b25ea_2025-12-12 09:28:48,2025-12-12,2025-12-12
4b25ea,7.3063,46.4696,1765529928,2636.52,57.29,FALSE,NA,4b25ea_2025-12-12 09:28:48,2025-12-12,2025-12-12
4b25ea,7.195,46.5003,1765530108,2674.62,51.51,FALSE,NA,4b25ea_2025-12-12 09:28:48,2025-12-12,2025-12-12
4b25ea,7.1158,46.4534,1765530288,2659.38,52.97,FALSE,NA,4b25ea_2025-12-12 09:28:48,2025-12-12,2025-12-12
4b25ea,7.1938,46.4152,1765530468,2659.38,54.99,FALSE,NA,4b25ea_2025-12-12 09:28:48,2025-12-12,2025-12-12
4b25ea,7.1108,46.3688,1765530648,2651.76,52.32,FALSE,NA,4b25ea_2025-12-12 09:28:48,2025-12-12,2025-12-12
4b25ea,7.0037,46.345,1765530828,2636.52,48.87,FALSE,NA,4b25ea_2025-12-12 09:28:48,2025-12-12,2025-12-12
4b25ea,6.9336,46.2903,1765531008,2689.86,47.42,FALSE,NA,4b25ea_2025-12-12 09:28:48,2025-12-12,2025-12-12
4b25ea,6.8649,46.2266,1765531188,2667,50.61,FALSE,NA,4b25ea_2025-12-12 09:28:48,2025-12-12,2025-12-12
4b25ea,6.9277,46.2163,1765531368,2659.38,60.53,FALSE,NA,4b25ea_2025-12-12 09:28:48,2025-12-12,2025-12-12
4b25ea,6.9455,46.3134,1765531548,2209.8,59.34,FALSE,NA,4b25ea_2025-12-12 09:28:48,2025-12-12,2025-12-12
4b25ea,6.9083,46.3971,1765531728,1897.38,56.14,FALSE,NA,4b25ea_2025-12-12 09:28:48,2025-12-12,2025-12-12
4b25ea,6.8014,46.449,1765531908,1569.72,55.06,FALSE,NA,4b25ea_2025-12-12 09:28:48,2025-12-12,2025-12-12
4b25ea,6.6839,46.4744,1765532088,1028.7,51.9,FALSE,NA,4b25ea_2025-12-12 09:28:48,2025-12-12,2025-12-12
4b25ea,6.6143,46.5221,1765532268,861.06,37.13,FALSE,NA,4b25ea_2025-12-12 09:28:48,2025-12-12,2025-12-12
4b28b1,6.6164,46.5435,1765532208,662.94,29.36,FALSE,NA,4b28b1_2025-12-12 10:36:48,2025-12-12,2025-12-12
4b28b1,6.5998,46.6139,1765532388,1318.26,48.64,FALSE,NA,4b28b1_2025-12-12 10:36:48,2025-12-12,2025-12-12
4b28b1,6.7093,46.6469,1765532568,1706.88,58.24,FALSE,NA,4b28b1_2025-12-12 10:36:48,2025-12-12,2025-12-12
4b28b1,6.8152,46.6102,1765532748,1714.5,55.36,FALSE,NA,4b28b1_2025-12-12 10:36:48,2025-12-12,2025-12-12
4b28b1,6.8534,46.5433,1765532928,1714.5,56.22,FALSE,NA,4b28b1_2025-12-12 10:36:48,2025-12-12,2025-12-12
4b28b1,6.7467,46.4812,1765533108,1539.24,65.16,FALSE,NA,4b28b1_2025-12-12 10:36:48,2025-12-12,2025-12-12
4b28b1,6.6192,46.4557,1765533288,1242.06,55.73,FALSE,NA,4b28b1_2025-12-12 10:36:48,2025-12-12,2025-12-12
4b28b1,6.6771,46.5219,1765533468,1866.9,52.56,FALSE,NA,4b28b1_2025-12-12 10:36:48,2025-12-12,2025-12-12
4b28b1,6.7749,46.5879,1765533648,1851.66,59.35,FALSE,NA,4b28b1_2025-12-12 10:36:48,2025-12-12,2025-12-12
4b28b1,6.8678,46.6563,1765533828,1859.28,60.59,FALSE,NA,4b28b1_2025-12-12 10:36:48,2025-12-12,2025-12-12
4b28b1,6.7693,46.6088,1765534008,1851.66,56.04,FALSE,NA,4b28b1_2025-12-12 10:36:48,2025-12-12,2025-12-12
4b28b1,6.7432,46.5618,1765534188,1508.76,49.46,FALSE,NA,4b28b1_2025-12-12 10:36:48,2025-12-12,2025-12-12
4b28b1,6.7512,46.4988,1765534368,1402.08,46.43,FALSE,NA,4b28b1_2025-12-12 10:36:48,2025-12-12,2025-12-12
4b28b1,6.6787,46.4506,1765534548,1531.62,66.3,FALSE,NA,4b28b1_2025-12-12 10:36:48,2025-12-12,2025-12-12
4b28b1,6.5399,46.4745,1765534728,1158.24,60.56,FALSE,NA,4b28b1_2025-12-12 10:36:48,2025-12-12,2025-12-12
4b28b1,6.6004,46.5036,1765534908,1120.14,51.44,FALSE,NA,4b28b1_2025-12-12 10:36:48,2025-12-12,2025-12-12
4b28b1,6.6166,46.5448,1765535088,670.56,22.66,FALSE,NA,4b28b1_2025-12-12 10:36:48,2025-12-12,2025-12-12
4b28b1,6.6171,46.5443,1765535268,NA,20.12,FALSE,NA,4b28b1_2025-12-12 10:36:48,2025-12-12,2025-12-12
4b28b1,6.6168,46.541,1765535448,NA,20.12,FALSE,NA,4b28b1_2025-12-12 10:36:48,2025-12-12,2025-12-12
4b28b1,6.617,46.5508,1765535628,723.9,39.78,FALSE,NA,4b28b1_2025-12-12 10:36:48,2025-12-12,2025-12-12
4b28b1,6.6156,46.526,1765535808,807.72,36.54,FALSE,NA,4b28b1_2025-12-12 10:36:48,2025-12-12,2025-12-12
46316e,6.6169,46.5472,1765532562,670.56,47.43,FALSE,NA,46316e_2025-12-12 10:42:42,2025-12-12,2025-12-12
46316e,6.546,46.6523,1765532742,2255.52,90.75,FALSE,NA,46316e_2025-12-12 10:42:42,2025-12-12,2025-12-12
46316e,6.3544,46.6798,1765532922,3924.3,88.63,FALSE,NA,46316e_2025-12-12 10:42:42,2025-12-12,2025-12-12
46316e,6.1664,46.7589,1765533102,5265.42,97.78,FALSE,NA,46316e_2025-12-12 10:42:42,2025-12-12,2025-12-12
46316e,5.9743,46.8915,1765533282,5669.28,135.34,FALSE,NA,46316e_2025-12-12 10:42:42,2025-12-12,2025-12-12
46316e,5.747,47.0508,1765533462,5669.28,137.87,FALSE,NA,46316e_2025-12-12 10:42:42,2025-12-12,2025-12-12
46316e,5.5201,47.2081,1765533642,5669.28,135.69,FALSE,NA,46316e_2025-12-12 10:42:42,2025-12-12,2025-12-12
46316e,5.2925,47.3645,1765533822,5661.66,134.96,FALSE,NA,46316e_2025-12-12 10:42:42,2025-12-12,2025-12-12
46316e,5.0664,47.5183,1765534002,5661.66,133.14,FALSE,NA,46316e_2025-12-12 10:42:42,2025-12-12,2025-12-12
46316e,4.8399,47.6704,1765534182,5654.04,134.6,FALSE,NA,46316e_2025-12-12 10:42:42,2025-12-12,2025-12-12
46316e,4.6098,47.8235,1765534362,5646.42,135.69,FALSE,NA,46316e_2025-12-12 10:42:42,2025-12-12,2025-12-12
46316e,4.3797,47.9753,1765534542,5494.02,142.6,FALSE,NA,46316e_2025-12-12 10:42:42,2025-12-12,2025-12-12
46316e,4.1231,48.143,1765534722,4655.82,145.51,FALSE,NA,46316e_2025-12-12 10:42:42,2025-12-12,2025-12-12
46316e,3.8734,48.3046,1765534902,3832.86,147.35,FALSE,NA,46316e_2025-12-12 10:42:42,2025-12-12,2025-12-12
46316e,3.6357,48.4796,1765535082,2880.36,138.61,FALSE,NA,46316e_2025-12-12 10:42:42,2025-12-12,2025-12-12
46316e,3.4339,48.6334,1765535262,2247.9,127.23,FALSE,NA,46316e_2025-12-12 10:42:42,2025-12-12,2025-12-12
46316e,3.221,48.7901,1765535442,2247.9,123.71,FALSE,NA,46316e_2025-12-12 10:42:42,2025-12-12,2025-12-12
46316e,2.9965,48.9345,1765535622,1684.02,126.24,FALSE,NA,46316e_2025-12-12 10:42:42,2025-12-12,2025-12-12
46316e,2.7331,48.9803,1765535802,1272.54,118.68,FALSE,NA,46316e_2025-12-12 10:42:42,2025-12-12,2025-12-12
4b44a5,NA,NA,1765534425,NA,10.29,FALSE,NA,4b44a5_2025-12-12 11:13:45,2025-12-12,2025-12-12
4b44a5,6.6859,46.5553,1765534605,960.12,2.62,FALSE,NA,4b44a5_2025-12-12 11:13:45,2025-12-12,2025-12-12
4b44a5,6.6857,46.5554,1765534785,952.5,1.54,FALSE,NA,4b44a5_2025-12-12 11:13:45,2025-12-12,2025-12-12
4b44a5,6.6857,46.5557,1765534965,960.12,8.05,FALSE,NA,4b44a5_2025-12-12 11:13:45,2025-12-12,2025-12-12
4b44a5,6.6847,46.5571,1765535145,937.26,1.03,FALSE,NA,4b44a5_2025-12-12 11:13:45,2025-12-12,2025-12-12
4b44a5,6.6852,46.5561,1765535325,960.12,7.72,FALSE,NA,4b44a5_2025-12-12 11:13:45,2025-12-12,2025-12-12
4b44a5,6.6857,46.5556,1765535505,960.12,3.13,FALSE,NA,4b44a5_2025-12-12 11:13:45,2025-12-12,2025-12-12
4b44a5,6.6848,46.5569,1765535685,952.5,4.66,FALSE,NA,4b44a5_2025-12-12 11:13:45,2025-12-12,2025-12-12
4b44a5,6.6849,46.5564,1765535865,990.6,8.88,FALSE,NA,4b44a5_2025-12-12 11:13:45,2025-12-12,2025-12-12
4b44a5,6.6857,46.5555,1765536045,960.12,2.77,FALSE,NA,4b44a5_2025-12-12 11:13:45,2025-12-12,2025-12-12
4b44a5,6.6792,46.5452,1765536225,998.22,26.68,FALSE,NA,4b44a5_2025-12-12 11:13:45,2025-12-12,2025-12-12
46097d,6.6169,46.5485,1765535171,701.04,52.51,FALSE,NA,46097d_2025-12-12 11:26:11,2025-12-12,2025-12-12
46097d,6.5776,46.5946,1765535351,2034.54,98.69,FALSE,NA,46097d_2025-12-12 11:26:11,2025-12-12,2025-12-12
46097d,6.7255,46.457,1765535531,2026.92,96.61,FALSE,NA,46097d_2025-12-12 11:26:11,2025-12-12,2025-12-12
46097d,6.8708,46.3595,1765535711,2034.54,82.19,FALSE,NA,46097d_2025-12-12 11:26:11,2025-12-12,2025-12-12
46097d,6.9638,46.2487,1765535891,2026.92,78.05,FALSE,NA,46097d_2025-12-12 11:26:11,2025-12-12,2025-12-12
4b1af2,6.6167,46.5454,1765540039,655.32,38.1,FALSE,NA,4b1af2_2025-12-12 12:47:19,2025-12-12,2025-12-12
4b1af2,6.6396,46.6065,1765540219,1264.92,57.33,FALSE,NA,4b1af2_2025-12-12 12:47:19,2025-12-12,2025-12-12
4b1af2,6.7552,46.6132,1765540399,1325.88,39.8,FALSE,NA,4b1af2_2025-12-12 12:47:19,2025-12-12,2025-12-12
4b1af2,6.8474,46.6423,1765540579,1203.96,41.43,FALSE,NA,4b1af2_2025-12-12 12:47:19,2025-12-12,2025-12-12
4b1af2,6.7926,46.6122,1765540759,1158.24,43.81,FALSE,NA,4b1af2_2025-12-12 12:47:19,2025-12-12,2025-12-12
4b1af2,6.7937,46.559,1765540939,1295.4,47.49,FALSE,NA,4b1af2_2025-12-12 12:47:19,2025-12-12,2025-12-12
4b1af2,6.7001,46.5077,1765541119,1181.1,57.53,FALSE,NA,4b1af2_2025-12-12 12:47:19,2025-12-12,2025-12-12
4b1af2,6.6153,46.5325,1765541299,716.28,40.18,FALSE,NA,4b1af2_2025-12-12 12:47:19,2025-12-12,2025-12-12
462d44,6.6166,46.5448,1765546800,NA,42.81,FALSE,NA,462d44_2025-12-12 14:40:00,2025-12-12,2025-12-12
462d44,6.5304,46.6359,1765546980,2308.86,91.81,FALSE,NA,462d44_2025-12-12 14:40:00,2025-12-12,2025-12-12
462d44,6.3266,46.6998,1765547160,3954.78,93.24,FALSE,NA,462d44_2025-12-12 14:40:00,2025-12-12,2025-12-12
462d44,6.1175,46.7653,1765547340,5440.68,99.25,FALSE,NA,462d44_2025-12-12 14:40:00,2025-12-12,2025-12-12
462d44,5.8504,46.8482,1765547520,5676.9,141.14,FALSE,NA,462d44_2025-12-12 14:40:00,2025-12-12,2025-12-12
462d44,5.6016,47.0027,1765547700,5669.28,145.47,FALSE,NA,462d44_2025-12-12 14:40:00,2025-12-12,2025-12-12
462d44,5.374,47.1811,1765547880,5669.28,146.93,FALSE,NA,462d44_2025-12-12 14:40:00,2025-12-12,2025-12-12
462d44,5.1442,47.3597,1765548060,5669.28,146.15,FALSE,NA,462d44_2025-12-12 14:40:00,2025-12-12,2025-12-12
462d44,4.9115,47.5326,1765548240,5661.66,144.17,FALSE,NA,462d44_2025-12-12 14:40:00,2025-12-12,2025-12-12
462d44,4.6778,47.7038,1765548420,5654.04,144.17,FALSE,NA,462d44_2025-12-12 14:40:00,2025-12-12,2025-12-12
462d44,4.4416,47.8751,1765548600,5562.6,148.88,FALSE,NA,462d44_2025-12-12 14:40:00,2025-12-12,2025-12-12
462d44,4.1915,48.0551,1765548780,4709.16,148.5,FALSE,NA,462d44_2025-12-12 14:40:00,2025-12-12,2025-12-12
462d44,3.9451,48.2303,1765548960,3916.68,148.11,FALSE,NA,462d44_2025-12-12 14:40:00,2025-12-12,2025-12-12
462d44,3.7068,48.3981,1765549140,3192.78,138.63,FALSE,NA,462d44_2025-12-12 14:40:00,2025-12-12,2025-12-12
462d44,3.5054,48.5391,1765549320,2362.2,133.19,FALSE,NA,462d44_2025-12-12 14:40:00,2025-12-12,2025-12-12
462d44,3.3087,48.7369,1765549500,2247.9,134.77,FALSE,NA,462d44_2025-12-12 14:40:00,2025-12-12,2025-12-12
462d44,3.1976,48.8677,1765549680,1706.88,128.97,FALSE,NA,462d44_2025-12-12 14:40:00,2025-12-12,2025-12-12
462d44,2.885,48.9892,1765549860,952.5,119.75,FALSE,NA,462d44_2025-12-12 14:40:00,2025-12-12,2025-12-12
462d44,2.6278,48.9751,1765550040,830.58,81,FALSE,NA,462d44_2025-12-12 14:40:00,2025-12-12,2025-12-12
4b1af2,6.6165,46.5441,1765549121,NA,NA,FALSE,NA,4b1af2_2025-12-12 15:18:41,2025-12-12,2025-12-12
4b1af2,6.6052,46.5244,1765549301,853.44,39.62,FALSE,NA,4b1af2_2025-12-12 15:18:41,2025-12-12,2025-12-12
4b1af2,6.617,46.5412,1765549481,NA,8.25,FALSE,NA,4b1af2_2025-12-12 15:18:41,2025-12-12,2025-12-12
4b1af2,6.6163,46.5411,1765549661,NA,8.25,FALSE,NA,4b1af2_2025-12-12 15:18:41,2025-12-12,2025-12-12
4b1af2,6.6181,46.5973,1765549841,1242.06,42.58,FALSE,NA,4b1af2_2025-12-12 15:18:41,2025-12-12,2025-12-12
4b1af2,6.6985,46.5949,1765550021,1562.1,46.72,FALSE,NA,4b1af2_2025-12-12 15:18:41,2025-12-12,2025-12-12
4b1af2,6.7891,46.5675,1765550201,1569.72,52.92,FALSE,NA,4b1af2_2025-12-12 15:18:41,2025-12-12,2025-12-12
4b1af2,6.8467,46.566,1765550381,1562.1,37.21,FALSE,NA,4b1af2_2025-12-12 15:18:41,2025-12-12,2025-12-12
4b1af2,6.8595,46.609,1765550561,1539.24,37.18,FALSE,NA,4b1af2_2025-12-12 15:18:41,2025-12-12,2025-12-12
4b1af2,6.8717,46.6064,1765550741,1173.48,44.54,FALSE,NA,4b1af2_2025-12-12 15:18:41,2025-12-12,2025-12-12
4b1af2,6.7992,46.6157,1765550921,1508.76,46.2,FALSE,NA,4b1af2_2025-12-12 15:18:41,2025-12-12,2025-12-12
4b1af2,6.835,46.6444,1765551101,1104.9,46.7,FALSE,NA,4b1af2_2025-12-12 15:18:41,2025-12-12,2025-12-12
4b1af2,6.8171,46.6677,1765551281,1257.3,46.44,FALSE,NA,4b1af2_2025-12-12 15:18:41,2025-12-12,2025-12-12
4b1af2,6.7635,46.6804,1765551461,1303.02,45.51,FALSE,NA,4b1af2_2025-12-12 15:18:41,2025-12-12,2025-12-12
4b1af2,6.7591,46.5859,1765551641,1318.26,62.28,FALSE,NA,4b1af2_2025-12-12 15:18:41,2025-12-12,2025-12-12
4b1af2,6.7424,46.4914,1765551821,1242.06,63.81,FALSE,NA,4b1af2_2025-12-12 15:18:41,2025-12-12,2025-12-12
4b1af2,6.6218,46.4956,1765552001,1112.52,42.95,FALSE,NA,4b1af2_2025-12-12 15:18:41,2025-12-12,2025-12-12
46097d,6.6166,46.5447,1765555024,NA,NA,FALSE,NA,46097d_2025-12-12 16:57:04,2025-12-12,2025-12-12
46097d,6.5704,46.5464,1765555204,1783.08,109,FALSE,NA,46097d_2025-12-12 16:57:04,2025-12-12,2025-12-12
46097d,6.6469,46.3877,1765555384,3177.54,89.07,FALSE,NA,46097d_2025-12-12 16:57:04,2025-12-12,2025-12-12
46097d,6.6642,46.2577,1765555564,4899.66,79.75,FALSE,NA,46097d_2025-12-12 16:57:04,2025-12-12,2025-12-12
46097d,6.6969,46.1243,1765555744,6240.78,87.11,FALSE,NA,46097d_2025-12-12 16:57:04,2025-12-12,2025-12-12
46097d,6.7312,45.9821,1765555924,7223.76,104.36,FALSE,NA,46097d_2025-12-12 16:57:04,2025-12-12,2025-12-12
46097d,6.7798,45.782,1765556104,7223.76,134.05,FALSE,NA,46097d_2025-12-12 16:57:04,2025-12-12,2025-12-12
46097d,6.8317,45.5661,1765556284,7231.38,136.16,FALSE,NA,46097d_2025-12-12 16:57:04,2025-12-12,2025-12-12
46097d,6.8839,45.3471,1765556464,7231.38,137.69,FALSE,NA,46097d_2025-12-12 16:57:04,2025-12-12,2025-12-12
46097d,6.9358,45.1275,1765556644,7231.38,137.18,FALSE,NA,46097d_2025-12-12 16:57:04,2025-12-12,2025-12-12
46097d,6.9872,44.9081,1765556824,7231.38,137.69,FALSE,NA,46097d_2025-12-12 16:57:04,2025-12-12,2025-12-12
46097d,7.0391,44.6886,1765557004,7231.38,136.67,FALSE,NA,46097d_2025-12-12 16:57:04,2025-12-12,2025-12-12
46097d,7.0911,44.4695,1765557184,7231.38,137.26,FALSE,NA,46097d_2025-12-12 16:57:04,2025-12-12,2025-12-12
46097d,7.1428,44.25,1765557364,7231.38,137.26,FALSE,NA,46097d_2025-12-12 16:57:04,2025-12-12,2025-12-12
46097d,7.2519,44.0428,1765557544,6507.48,134.15,FALSE,NA,46097d_2025-12-12 16:57:04,2025-12-12,2025-12-12
46097d,7.3665,43.8459,1765557724,5753.1,128.89,FALSE,NA,46097d_2025-12-12 16:57:04,2025-12-12,2025-12-12
46097d,7.5277,43.6674,1765557904,4328.16,131.69,FALSE,NA,46097d_2025-12-12 16:57:04,2025-12-12,2025-12-12
46097d,7.444,43.473,1765558084,2446.02,127.73,FALSE,NA,46097d_2025-12-12 16:57:04,2025-12-12,2025-12-12
46097d,7.1815,43.4498,1765558264,975.36,100.06,FALSE,NA,46097d_2025-12-12 16:57:04,2025-12-12,2025-12-12
46097d,7.1511,43.5914,1765558444,609.6,61.02,FALSE,NA,46097d_2025-12-12 16:57:04,2025-12-12,2025-12-12
4b3303,6.6181,46.547,1765621116,678.18,0,FALSE,NA,4b3303_2025-12-13 11:18:36,2025-12-13,2025-12-13
4b3303,6.6318,46.5143,1765621296,1440.18,39.57,FALSE,NA,4b3303_2025-12-13 11:18:36,2025-12-13,2025-12-13
4b3303,6.7457,46.4753,1765621476,1767.84,60.97,FALSE,NA,4b3303_2025-12-13 11:18:36,2025-12-13,2025-12-13
4b3303,6.873,46.4307,1765621656,1958.34,60.51,FALSE,NA,4b3303_2025-12-13 11:18:36,2025-12-13,2025-12-13
4b3303,7.0025,46.3852,1765621836,2293.62,60.51,FALSE,NA,4b3303_2025-12-13 11:18:36,2025-12-13,2025-12-13
4d02bc,6.6165,46.5436,1765639636,670.56,52.08,FALSE,NA,4d02bc_2025-12-13 16:27:16,2025-12-13,2025-12-13
4d02bc,6.5434,46.4941,1765639816,1905,84.47,FALSE,NA,4d02bc_2025-12-13 16:27:16,2025-12-13,2025-12-13
4d02bc,6.39,46.5858,1765639996,3688.08,90.24,FALSE,NA,4d02bc_2025-12-13 16:27:16,2025-12-13,2025-12-13
4d02bc,6.2203,46.6776,1765640176,5257.8,94.17,FALSE,NA,4d02bc_2025-12-13 16:27:16,2025-12-13,2025-12-13
4d02bc,6.01,46.7905,1765640356,5684.52,133.78,FALSE,NA,4d02bc_2025-12-13 16:27:16,2025-12-13,2025-12-13
4d02bc,5.7856,46.948,1765640536,5676.9,136.14,FALSE,NA,4d02bc_2025-12-13 16:27:16,2025-12-13,2025-12-13
4d02bc,5.5683,47.1082,1765640716,5676.9,134.34,FALSE,NA,4d02bc_2025-12-13 16:27:16,2025-12-13,2025-12-13
4d02bc,5.351,47.2673,1765640896,5676.9,134.66,FALSE,NA,4d02bc_2025-12-13 16:27:16,2025-12-13,2025-12-13
4d02bc,5.1315,47.4266,1765641076,5676.9,135.02,FALSE,NA,4d02bc_2025-12-13 16:27:16,2025-12-13,2025-12-13
4d02bc,4.9106,47.5854,1765641256,5669.28,135.37,FALSE,NA,4d02bc_2025-12-13 16:27:16,2025-12-13,2025-12-13
4d02bc,4.6893,47.7432,1765641436,5669.28,133.92,FALSE,NA,4d02bc_2025-12-13 16:27:16,2025-12-13,2025-12-13
4d02bc,4.4687,47.8991,1765641616,5646.42,134.63,FALSE,NA,4d02bc_2025-12-13 16:27:16,2025-12-13,2025-12-13
4d02bc,4.2364,48.0618,1765641796,4861.56,139.35,FALSE,NA,4d02bc_2025-12-13 16:27:16,2025-12-13,2025-12-13
4d02bc,4.011,48.2182,1765641976,3939.54,133.51,FALSE,NA,4d02bc_2025-12-13 16:27:16,2025-12-13,2025-12-13
4d02bc,3.7832,48.3653,1765642156,3497.58,127,FALSE,NA,4d02bc_2025-12-13 16:27:16,2025-12-13,2025-12-13
4d02bc,3.5601,48.5058,1765642336,2560.32,128.82,FALSE,NA,4d02bc_2025-12-13 16:27:16,2025-12-13,2025-12-13
4d02bc,3.3417,48.6422,1765642516,2293.62,123.76,FALSE,NA,4d02bc_2025-12-13 16:27:16,2025-12-13,2025-12-13
4d02bc,3.115,48.7825,1765642696,2293.62,123.41,FALSE,NA,4d02bc_2025-12-13 16:27:16,2025-12-13,2025-12-13
4d02bc,2.8495,48.836,1765642876,1813.56,119.24,FALSE,NA,4d02bc_2025-12-13 16:27:16,2025-12-13,2025-12-13
4d02bc,2.558,48.8201,1765643056,1562.1,119.24,FALSE,NA,4d02bc_2025-12-13 16:27:16,2025-12-13,2025-12-13
4d02bc,2.2724,48.8059,1765643236,1082.04,114.54,FALSE,NA,4d02bc_2025-12-13 16:27:16,2025-12-13,2025-12-13
4d02bc,2.2076,48.9055,1765643416,952.5,110.44,FALSE,NA,4d02bc_2025-12-13 16:27:16,2025-12-13,2025-12-13
4b3303,6.6181,46.5472,1765703666,678.18,0,FALSE,NA,4b3303_2025-12-14 10:14:26,2025-12-14,2025-12-14
4b3303,6.67,46.5087,1765703846,1257.3,48.32,FALSE,NA,4b3303_2025-12-14 10:14:26,2025-12-14,2025-12-14
4b3303,6.7086,46.4202,1765704026,1684.02,56.96,FALSE,NA,4b3303_2025-12-14 10:14:26,2025-12-14,2025-12-14
4b3303,6.683,46.4724,1765704206,1440.18,69.78,FALSE,NA,4b3303_2025-12-14 10:14:26,2025-12-14,2025-12-14
4b3303,6.6195,46.5462,1765704386,701.04,19.86,FALSE,NA,4b3303_2025-12-14 10:14:26,2025-12-14,2025-12-14
4b3e2d,NA,NA,1765705373,NA,3.64,FALSE,NA,4b3e2d_2025-12-14 10:42:53,2025-12-14,2025-12-14
4b3e2d,6.7192,46.4812,1765705553,1181.1,46.54,FALSE,NA,4b3e2d_2025-12-14 10:42:53,2025-12-14,2025-12-14
4b3e2d,6.8275,46.4366,1765705733,1821.18,59.38,FALSE,NA,4b3e2d_2025-12-14 10:42:53,2025-12-14,2025-12-14
4b3e2d,6.9454,46.383,1765705913,2179.32,62.21,FALSE,NA,4b3e2d_2025-12-14 10:42:53,2025-12-14,2025-12-14
4b3e2d,7.065,46.3267,1765706093,2491.74,62.35,FALSE,NA,4b3e2d_2025-12-14 10:42:53,2025-12-14,2025-12-14
4b3303,6.6181,46.547,1765712716,NA,0,FALSE,NA,4b3303_2025-12-14 12:45:16,2025-12-14,2025-12-14
4b3303,6.7041,46.5074,1765712896,807.72,56.9,FALSE,NA,4b3303_2025-12-14 12:45:16,2025-12-14,2025-12-14
4b3303,6.8163,46.4636,1765713076,1325.88,56.22,FALSE,NA,4b3303_2025-12-14 12:45:16,2025-12-14,2025-12-14
4b3303,6.9245,46.4221,1765713256,1760.22,57.56,FALSE,NA,4b3303_2025-12-14 12:45:16,2025-12-14,2025-12-14
4b3303,6.6181,46.547,1765718353,NA,0,FALSE,NA,4b3303_2025-12-14 14:19:13,2025-12-14,2025-12-14
4b3303,6.7079,46.5011,1765718533,792.48,62.87,FALSE,NA,4b3303_2025-12-14 14:19:13,2025-12-14,2025-12-14
4b3303,6.8196,46.4494,1765718713,1112.52,56.03,FALSE,NA,4b3303_2025-12-14 14:19:13,2025-12-14,2025-12-14
4b3303,6.8683,46.4271,1765718893,1249.68,53.23,FALSE,NA,4b3303_2025-12-14 14:19:13,2025-12-14,2025-12-14
4b3303,6.6181,46.547,1765722843,NA,0,FALSE,NA,4b3303_2025-12-14 15:34:03,2025-12-14,2025-12-14
4b3303,6.5756,46.6083,1765723023,815.34,60.15,FALSE,NA,4b3303_2025-12-14 15:34:03,2025-12-14,2025-12-14
4b3303,6.5255,46.7018,1765723203,746.76,62.44,FALSE,NA,4b3303_2025-12-14 15:34:03,2025-12-14,2025-12-14
4b3303,6.5005,46.7156,1765723383,1059.18,62.32,FALSE,NA,4b3303_2025-12-14 15:34:03,2025-12-14,2025-12-14
4b3303,6.428,46.7144,1765723563,1165.86,62.87,FALSE,NA,4b3303_2025-12-14 15:34:03,2025-12-14,2025-12-14
4b3303,6.417,46.7322,1765723743,1082.04,49.4,FALSE,NA,4b3303_2025-12-14 15:34:03,2025-12-14,2025-12-14
4b0f8e,6.6167,46.546,1765727784,NA,NA,FALSE,NA,4b0f8e_2025-12-14 16:56:24,2025-12-14,2025-12-14
4b0f8e,6.7129,46.5193,1765727964,2484.12,82.32,FALSE,NA,4b0f8e_2025-12-14 16:56:24,2025-12-14,2025-12-14
4b0f8e,6.9109,46.5729,1765728144,4267.2,97.7,FALSE,NA,4b0f8e_2025-12-14 16:56:24,2025-12-14,2025-12-14
4b0f8e,7.151,46.6171,1765728324,5059.68,138.39,FALSE,NA,4b0f8e_2025-12-14 16:56:24,2025-12-14,2025-12-14
4b0f8e,7.4811,46.6164,1765728504,5059.68,140.96,FALSE,NA,4b0f8e_2025-12-14 16:56:24,2025-12-14,2025-12-14
4b0f8e,7.8129,46.6146,1765728684,5059.68,141.48,FALSE,NA,4b0f8e_2025-12-14 16:56:24,2025-12-14,2025-12-14
4b0f8e,8.1455,46.6119,1765728864,5067.3,142,FALSE,NA,4b0f8e_2025-12-14 16:56:24,2025-12-14,2025-12-14
4b0f8e,8.4417,46.5419,1765729044,5067.3,140.06,FALSE,NA,4b0f8e_2025-12-14 16:56:24,2025-12-14,2025-12-14
4b0f8e,8.6282,46.3662,1765729224,4419.6,144.57,FALSE,NA,4b0f8e_2025-12-14 16:56:24,2025-12-14,2025-12-14
4b0f8e,8.7428,46.1595,1765729404,2644.14,132.75,FALSE,NA,4b0f8e_2025-12-14 16:56:24,2025-12-14,2025-12-14
4b0f8e,8.923,46.1061,1765729584,1226.82,95.28,FALSE,NA,4b0f8e_2025-12-14 16:56:24,2025-12-14,2025-12-14
462d44,6.6166,46.5441,1765803555,670.56,46.92,FALSE,NA,462d44_2025-12-15 13:59:15,2025-12-15,2025-12-15
462d44,6.5065,46.4921,1765803735,2362.2,87.84,FALSE,NA,462d44_2025-12-15 13:59:15,2025-12-15,2025-12-15
462d44,6.3569,46.5892,1765803915,3756.66,117.86,FALSE,NA,462d44_2025-12-15 13:59:15,2025-12-15,2025-12-15
462d44,6.1155,46.7225,1765804095,3756.66,136.18,FALSE,NA,462d44_2025-12-15 13:59:15,2025-12-15,2025-12-15
462d44,5.8619,46.8611,1765804275,3756.66,138.84,FALSE,NA,462d44_2025-12-15 13:59:15,2025-12-15,2025-12-15
462d44,5.6039,47.0006,1765804455,3749.04,141.73,FALSE,NA,462d44_2025-12-15 13:59:15,2025-12-15,2025-12-15
462d44,5.3551,47.0821,1765804635,5006.34,103.8,FALSE,NA,462d44_2025-12-15 13:59:15,2025-12-15,2025-12-15
462d44,5.09,47.1414,1765804815,5570.22,137.47,FALSE,NA,462d44_2025-12-15 13:59:15,2025-12-15,2025-12-15
462d44,4.7708,47.2121,1765804995,5562.6,143.33,FALSE,NA,462d44_2025-12-15 13:59:15,2025-12-15,2025-12-15
462d44,4.4469,47.2825,1765805175,5562.6,143.01,FALSE,NA,462d44_2025-12-15 13:59:15,2025-12-15,2025-12-15
462d44,4.124,47.3517,1765805355,5554.98,142.37,FALSE,NA,462d44_2025-12-15 13:59:15,2025-12-15,2025-12-15
462d44,3.8034,47.4191,1765805535,5547.36,140.1,FALSE,NA,462d44_2025-12-15 13:59:15,2025-12-15,2025-12-15
462d44,3.4855,47.4851,1765805715,5547.36,139.15,FALSE,NA,462d44_2025-12-15 13:59:15,2025-12-15,2025-12-15
462d44,3.1664,47.5504,1765805895,5539.74,140.29,FALSE,NA,462d44_2025-12-15 13:59:15,2025-12-15,2025-12-15
462d44,2.8488,47.6143,1765806075,5532.12,138.71,FALSE,NA,462d44_2025-12-15 13:59:15,2025-12-15,2025-12-15
462d44,2.525,47.6784,1765806255,5532.12,140.34,FALSE,NA,462d44_2025-12-15 13:59:15,2025-12-15,2025-12-15
462d44,2.1983,47.7419,1765806435,5524.5,141.19,FALSE,NA,462d44_2025-12-15 13:59:15,2025-12-15,2025-12-15
462d44,1.871,47.8045,1765806615,5524.5,141.54,FALSE,NA,462d44_2025-12-15 13:59:15,2025-12-15,2025-12-15
462d44,1.5442,47.8665,1765806795,5516.88,142.04,FALSE,NA,462d44_2025-12-15 13:59:15,2025-12-15,2025-12-15
462d44,1.2143,47.9283,1765806975,5516.88,141.82,FALSE,NA,462d44_2025-12-15 13:59:15,2025-12-15,2025-12-15
462d44,0.8863,47.9901,1765807155,5509.26,141.77,FALSE,NA,462d44_2025-12-15 13:59:15,2025-12-15,2025-12-15
462d44,0.5547,48.0454,1765807335,5509.26,142.99,FALSE,NA,462d44_2025-12-15 13:59:15,2025-12-15,2025-12-15
462d44,0.2264,48.1219,1765807515,5501.64,146.56,FALSE,NA,462d44_2025-12-15 13:59:15,2025-12-15,2025-12-15
462d44,-0.0944,48.2271,1765807695,5501.64,147.48,FALSE,NA,462d44_2025-12-15 13:59:15,2025-12-15,2025-12-15
462d44,-0.414,48.3309,1765807875,5494.02,146.11,FALSE,NA,462d44_2025-12-15 13:59:15,2025-12-15,2025-12-15
462d44,-0.7318,48.4326,1765808055,5494.02,145.42,FALSE,NA,462d44_2025-12-15 13:59:15,2025-12-15,2025-12-15
462d44,-1.0514,48.5337,1765808235,5486.4,145.45,FALSE,NA,462d44_2025-12-15 13:59:15,2025-12-15,2025-12-15
462d44,-1.3664,48.6332,1765808415,4008.12,138.73,FALSE,NA,462d44_2025-12-15 13:59:15,2025-12-15,2025-12-15
462d44,-1.6598,48.7266,1765808595,2438.4,127,FALSE,NA,462d44_2025-12-15 13:59:15,2025-12-15,2025-12-15
462d44,-1.9338,48.8074,1765808775,1554.48,118.28,FALSE,NA,462d44_2025-12-15 13:59:15,2025-12-15,2025-12-15
462d44,-2.1275,48.7678,1765808955,1097.28,97.09,FALSE,NA,462d44_2025-12-15 13:59:15,2025-12-15,2025-12-15
49d5e2,6.6165,46.5436,1765803803,662.94,50,FALSE,NA,49d5e2_2025-12-15 14:03:23,2025-12-15,2025-12-15
49d5e2,6.5435,46.5251,1765803983,1988.82,97.97,FALSE,NA,49d5e2_2025-12-15 14:03:23,2025-12-15,2025-12-15
49d5e2,6.7719,46.5503,1765804163,3619.5,104.17,FALSE,NA,49d5e2_2025-12-15 14:03:23,2025-12-15,2025-12-15
49d5e2,6.9946,46.6194,1765804343,5151.12,113.77,FALSE,NA,49d5e2_2025-12-15 14:03:23,2025-12-15,2025-12-15
49d5e2,7.2012,46.7337,1765804523,6499.86,114.17,FALSE,NA,49d5e2_2025-12-15 14:03:23,2025-12-15,2025-12-15
49d5e2,7.4138,46.8504,1765804703,7642.86,116.01,FALSE,NA,49d5e2_2025-12-15 14:03:23,2025-12-15,2025-12-15
49d5e2,7.6556,46.9241,1765804883,8336.28,130.14,FALSE,NA,49d5e2_2025-12-15 14:03:23,2025-12-15,2025-12-15
49d5e2,7.9798,46.9771,1765805063,8336.28,144.87,FALSE,NA,49d5e2_2025-12-15 14:03:23,2025-12-15,2025-12-15
49d5e2,8.3162,47.0309,1765805243,8343.9,146.26,FALSE,NA,49d5e2_2025-12-15 14:03:23,2025-12-15,2025-12-15
49d5e2,8.6531,47.0836,1765805423,8351.52,146.64,FALSE,NA,49d5e2_2025-12-15 14:03:23,2025-12-15,2025-12-15
49d5e2,8.9905,47.1354,1765805603,8351.52,146.03,FALSE,NA,49d5e2_2025-12-15 14:03:23,2025-12-15,2025-12-15
49d5e2,9.333,47.1867,1765805783,8359.14,150.05,FALSE,NA,49d5e2_2025-12-15 14:03:23,2025-12-15,2025-12-15
49d5e2,9.681,47.2381,1765805963,8359.14,147.82,FALSE,NA,49d5e2_2025-12-15 14:03:23,2025-12-15,2025-12-15
49d5e2,10.0216,47.3052,1765806143,8366.76,151.97,FALSE,NA,49d5e2_2025-12-15 14:03:23,2025-12-15,2025-12-15
49d5e2,10.3687,47.3788,1765806323,8366.76,153.45,FALSE,NA,49d5e2_2025-12-15 14:03:23,2025-12-15,2025-12-15
49d5e2,10.7143,47.4507,1765806503,8374.38,148.91,FALSE,NA,49d5e2_2025-12-15 14:03:23,2025-12-15,2025-12-15
49d5e2,11.0555,47.5204,1765806683,8374.38,150.88,FALSE,NA,49d5e2_2025-12-15 14:03:23,2025-12-15,2025-12-15
49d5e2,11.4031,47.5903,1765806863,8374.38,152.85,FALSE,NA,49d5e2_2025-12-15 14:03:23,2025-12-15,2025-12-15
49d5e2,11.7565,47.66,1765807043,8382,155.32,FALSE,NA,49d5e2_2025-12-15 14:03:23,2025-12-15,2025-12-15
49d5e2,12.1122,47.7291,1765807223,8389.62,154.05,FALSE,NA,49d5e2_2025-12-15 14:03:23,2025-12-15,2025-12-15
49d5e2,12.4681,47.7967,1765807403,8397.24,154.4,FALSE,NA,49d5e2_2025-12-15 14:03:23,2025-12-15,2025-12-15
49d5e2,12.8189,47.8619,1765807583,8397.24,154.86,FALSE,NA,49d5e2_2025-12-15 14:03:23,2025-12-15,2025-12-15
49d5e2,13.1635,47.9564,1765807763,8404.86,154.38,FALSE,NA,49d5e2_2025-12-15 14:03:23,2025-12-15,2025-12-15
49d5e2,13.5145,48.0405,1765807943,8404.86,155.85,FALSE,NA,49d5e2_2025-12-15 14:03:23,2025-12-15,2025-12-15
49d5e2,13.8699,48.1207,1765808123,8404.86,155.04,FALSE,NA,49d5e2_2025-12-15 14:03:23,2025-12-15,2025-12-15
49d5e2,14.2256,48.1995,1765808303,8412.48,154.87,FALSE,NA,49d5e2_2025-12-15 14:03:23,2025-12-15,2025-12-15
49d5e2,14.5682,48.3011,1765808483,8412.48,154.85,FALSE,NA,49d5e2_2025-12-15 14:03:23,2025-12-15,2025-12-15
49d5e2,14.8988,48.4061,1765808663,8145.78,147.97,FALSE,NA,49d5e2_2025-12-15 14:03:23,2025-12-15,2025-12-15
49d5e2,15.2293,48.5099,1765808843,7444.74,151.2,FALSE,NA,49d5e2_2025-12-15 14:03:23,2025-12-15,2025-12-15
49d5e2,15.566,48.6143,1765809023,6248.4,152.38,FALSE,NA,49d5e2_2025-12-15 14:03:23,2025-12-15,2025-12-15
49d5e2,15.9057,48.7181,1765809203,5036.82,153.78,FALSE,NA,49d5e2_2025-12-15 14:03:23,2025-12-15,2025-12-15
49d5e2,16.2431,48.82,1765809383,3634.74,148.5,FALSE,NA,49d5e2_2025-12-15 14:03:23,2025-12-15,2025-12-15
49d5e2,16.5572,48.9134,1765809563,2590.8,135.18,FALSE,NA,49d5e2_2025-12-15 14:03:23,2025-12-15,2025-12-15
49d5e2,16.8496,48.9993,1765809743,1859.28,130.58,FALSE,NA,49d5e2_2025-12-15 14:03:23,2025-12-15,2025-12-15
49d5e2,16.9861,49.1243,1765809923,1188.72,102.07,FALSE,NA,49d5e2_2025-12-15 14:03:23,2025-12-15,2025-12-15
49d5e2,16.7596,49.1456,1765810103,472.44,67.26,FALSE,NA,49d5e2_2025-12-15 14:03:23,2025-12-15,2025-12-15
3d602e,6.6166,46.5446,1765884704,662.94,47.94,FALSE,NA,3d602e_2025-12-16 12:31:44,2025-12-16,2025-12-16
3d602e,6.4981,46.4424,1765884884,1264.92,120.32,FALSE,NA,3d602e_2025-12-16 12:31:44,2025-12-16,2025-12-16
3d602e,6.3714,46.3166,1765885064,2598.42,100.59,FALSE,NA,3d602e_2025-12-16 12:31:44,2025-12-16,2025-12-16
3d602e,6.1929,46.2713,1765885244,4343.4,77.79,FALSE,NA,3d602e_2025-12-16 12:31:44,2025-12-16,2025-12-16
3d602e,6.199,46.1553,1765885424,5654.04,84.57,FALSE,NA,3d602e_2025-12-16 12:31:44,2025-12-16,2025-12-16
3d602e,6.2777,46.0271,1765885604,6766.56,84.37,FALSE,NA,3d602e_2025-12-16 12:31:44,2025-12-16,2025-12-16
3d602e,6.3666,45.8817,1765885784,7086.6,110.38,FALSE,NA,3d602e_2025-12-16 12:31:44,2025-12-16,2025-12-16
3d602e,6.4711,45.7096,1765885964,7094.22,121.93,FALSE,NA,3d602e_2025-12-16 12:31:44,2025-12-16,2025-12-16
3d602e,6.5815,45.5268,1765886144,7094.22,124.02,FALSE,NA,3d602e_2025-12-16 12:31:44,2025-12-16,2025-12-16
3d602e,6.6934,45.34,1765886324,7094.22,127.74,FALSE,NA,3d602e_2025-12-16 12:31:44,2025-12-16,2025-12-16
3d602e,6.8076,45.1478,1765886504,7094.22,128.89,FALSE,NA,3d602e_2025-12-16 12:31:44,2025-12-16,2025-12-16
3d602e,6.9206,44.9565,1765886684,7101.84,126.87,FALSE,NA,3d602e_2025-12-16 12:31:44,2025-12-16,2025-12-16
3d602e,7.0202,44.7669,1765886864,7101.84,124.75,FALSE,NA,3d602e_2025-12-16 12:31:44,2025-12-16,2025-12-16
3d602e,7.067,44.5712,1765887044,7101.84,120.01,FALSE,NA,3d602e_2025-12-16 12:31:44,2025-12-16,2025-12-16
3d602e,7.1122,44.3797,1765887224,7101.84,118.91,FALSE,NA,3d602e_2025-12-16 12:31:44,2025-12-16,2025-12-16
3d602e,7.1675,44.187,1765887404,6781.8,127.67,FALSE,NA,3d602e_2025-12-16 12:31:44,2025-12-16,2025-12-16
3d602e,7.2822,43.9961,1765887584,5768.34,131.59,FALSE,NA,3d602e_2025-12-16 12:31:44,2025-12-16,2025-12-16
3d602e,7.3674,43.7901,1765887764,4381.5,135.8,FALSE,NA,3d602e_2025-12-16 12:31:44,2025-12-16,2025-12-16
3d602e,7.3617,43.575,1765887944,3101.34,131.78,FALSE,NA,3d602e_2025-12-16 12:31:44,2025-12-16,2025-12-16
3d602e,7.234,43.4145,1765888124,1524,112.3,FALSE,NA,3d602e_2025-12-16 12:31:44,2025-12-16,2025-12-16
3d602e,7.1578,43.5214,1765888304,922.02,93.83,FALSE,NA,3d602e_2025-12-16 12:31:44,2025-12-16,2025-12-16
3d602e,7.1722,43.6242,1765888484,251.46,47.34,FALSE,NA,3d602e_2025-12-16 12:31:44,2025-12-16,2025-12-16
4b28b1,6.6169,46.5472,1765886103,670.56,24.23,FALSE,NA,4b28b1_2025-12-16 12:55:03,2025-12-16,2025-12-16
4b28b1,6.6435,46.5104,1765886283,1295.4,51.08,FALSE,NA,4b28b1_2025-12-16 12:55:03,2025-12-16,2025-12-16
4b28b1,6.7392,46.555,1765886463,1821.18,46.95,FALSE,NA,4b28b1_2025-12-16 12:55:03,2025-12-16,2025-12-16
4b28b1,6.8323,46.5979,1765886643,2286,47.8,FALSE,NA,4b28b1_2025-12-16 12:55:03,2025-12-16,2025-12-16
4b28b1,6.9325,46.6444,1765886823,2491.74,56.79,FALSE,NA,4b28b1_2025-12-16 12:55:03,2025-12-16,2025-12-16
4b28b1,7.0411,46.6943,1765887003,2491.74,55.22,FALSE,NA,4b28b1_2025-12-16 12:55:03,2025-12-16,2025-12-16
4b28b1,7.1511,46.7446,1765887183,2499.36,54.22,FALSE,NA,4b28b1_2025-12-16 12:55:03,2025-12-16,2025-12-16
4b28b1,7.2418,46.805,1765887363,2476.5,65.14,FALSE,NA,4b28b1_2025-12-16 12:55:03,2025-12-16,2025-12-16
4b28b1,7.3038,46.8991,1765887543,2179.32,63.78,FALSE,NA,4b28b1_2025-12-16 12:55:03,2025-12-16,2025-12-16
4b28b1,7.285,46.9916,1765887723,1714.5,65.56,FALSE,NA,4b28b1_2025-12-16 12:55:03,2025-12-16,2025-12-16
4b28b1,7.3551,47.0305,1765887903,1264.92,63.5,FALSE,NA,4b28b1_2025-12-16 12:55:03,2025-12-16,2025-12-16
4b28b1,7.4395,46.9617,1765888083,1036.32,49.61,FALSE,NA,4b28b1_2025-12-16 12:55:03,2025-12-16,2025-12-16
4b28b1,7.5159,46.8996,1765888263,929.64,49,FALSE,NA,4b28b1_2025-12-16 12:55:03,2025-12-16,2025-12-16
4b28b1,7.5927,46.9566,1765888443,1554.48,50.63,FALSE,NA,4b28b1_2025-12-16 12:55:03,2025-12-16,2025-12-16
4b28b1,7.613,47.0096,1765888623,1851.66,58.7,FALSE,NA,4b28b1_2025-12-16 12:55:03,2025-12-16,2025-12-16
4b28b1,7.4798,47.0117,1765888803,1874.52,57.63,FALSE,NA,4b28b1_2025-12-16 12:55:03,2025-12-16,2025-12-16
4b28b1,7.3392,47.0188,1765888983,1790.7,64.01,FALSE,NA,4b28b1_2025-12-16 12:55:03,2025-12-16,2025-12-16
4b28b1,7.4077,46.9875,1765889163,1280.16,48.11,FALSE,NA,4b28b1_2025-12-16 12:55:03,2025-12-16,2025-12-16
4b28b1,7.4858,46.9234,1765889343,617.22,48.83,FALSE,NA,4b28b1_2025-12-16 12:55:03,2025-12-16,2025-12-16
4b44a5,6.6754,46.5427,1765891230,853.44,0.73,FALSE,NA,4b44a5_2025-12-16 14:20:30,2025-12-16,2025-12-16
4b44a5,6.6846,46.5571,1765891410,952.5,1.03,FALSE,NA,4b44a5_2025-12-16 14:20:30,2025-12-16,2025-12-16
4b44a5,6.6853,46.5563,1765891590,982.98,12.65,FALSE,NA,4b44a5_2025-12-16 14:20:30,2025-12-16,2025-12-16
4b44a5,6.6857,46.5554,1765891770,952.5,3.71,FALSE,NA,4b44a5_2025-12-16 14:20:30,2025-12-16,2025-12-16
4b44a5,6.6857,46.5555,1765891950,960.12,7.17,FALSE,NA,4b44a5_2025-12-16 14:20:30,2025-12-16,2025-12-16
4b44a5,6.6846,46.557,1765892130,937.26,1.54,FALSE,NA,4b44a5_2025-12-16 14:20:30,2025-12-16,2025-12-16
4b44a5,6.6848,46.5564,1765892310,975.36,9.27,FALSE,NA,4b44a5_2025-12-16 14:20:30,2025-12-16,2025-12-16
4b1bdd,6.6171,46.5481,1765897147,716.28,35.17,FALSE,NA,4b1bdd_2025-12-16 15:59:07,2025-12-16,2025-12-16
4b1bdd,6.6235,46.5997,1765897327,1310.64,48.94,FALSE,NA,4b1bdd_2025-12-16 15:59:07,2025-12-16,2025-12-16
4b1bdd,6.722,46.6527,1765897507,1729.74,59.78,FALSE,NA,4b1bdd_2025-12-16 15:59:07,2025-12-16,2025-12-16
4b1bdd,6.8448,46.7048,1765897687,1722.12,61.54,FALSE,NA,4b1bdd_2025-12-16 15:59:07,2025-12-16,2025-12-16
4b1bdd,6.959,46.7623,1765897867,1722.12,60.93,FALSE,NA,4b1bdd_2025-12-16 15:59:07,2025-12-16,2025-12-16
4b1bdd,7.0759,46.8176,1765898047,1722.12,59.64,FALSE,NA,4b1bdd_2025-12-16 15:59:07,2025-12-16,2025-12-16
4b1bdd,7.1976,46.8745,1765898227,1524,67.52,FALSE,NA,4b1bdd_2025-12-16 15:59:07,2025-12-16,2025-12-16
4b1bdd,7.3384,46.9181,1765898407,1150.62,59.39,FALSE,NA,4b1bdd_2025-12-16 15:59:07,2025-12-16,2025-12-16
4b1bdd,7.3694,46.9372,1765898587,1120.14,43.68,FALSE,NA,4b1bdd_2025-12-16 15:59:07,2025-12-16,2025-12-16
4b1bdd,7.367,46.9422,1765898767,1112.52,42.51,FALSE,NA,4b1bdd_2025-12-16 15:59:07,2025-12-16,2025-12-16
4b1bdd,7.4539,46.9243,1765898947,883.92,31.59,FALSE,NA,4b1bdd_2025-12-16 15:59:07,2025-12-16,2025-12-16
4b25ea,6.6167,46.5453,1765899059,662.94,36.07,FALSE,NA,4b25ea_2025-12-16 16:30:59,2025-12-16,2025-12-16
4b25ea,6.6154,46.5334,1765899239,731.52,35.04,FALSE,NA,4b25ea_2025-12-16 16:30:59,2025-12-16,2025-12-16
4b25ea,6.5976,46.527,1765899419,876.3,47.32,FALSE,NA,4b25ea_2025-12-16 16:30:59,2025-12-16,2025-12-16
4b25ea,6.5847,46.5436,1765899599,929.64,49.56,FALSE,NA,4b25ea_2025-12-16 16:30:59,2025-12-16,2025-12-16
4b28b1,6.6165,46.5439,1765969166,662.94,32.48,FALSE,NA,4b28b1_2025-12-17 11:59:26,2025-12-17,2025-12-17
4b28b1,6.6018,46.6168,1765969346,1348.74,52,FALSE,NA,4b28b1_2025-12-17 11:59:26,2025-12-17,2025-12-17
4b28b1,6.7164,46.6479,1765969526,1851.66,61.54,FALSE,NA,4b28b1_2025-12-17 11:59:26,2025-12-17,2025-12-17
4b28b1,6.8218,46.6061,1765969706,1851.66,57.93,FALSE,NA,4b28b1_2025-12-17 11:59:26,2025-12-17,2025-12-17
4b28b1,6.8364,46.5314,1765969886,1562.1,56.98,FALSE,NA,4b28b1_2025-12-17 11:59:26,2025-12-17,2025-12-17
4b28b1,6.7414,46.5086,1765970066,1691.64,60.88,FALSE,NA,4b28b1_2025-12-17 11:59:26,2025-12-17,2025-12-17
4b28b1,6.8213,46.5756,1765970246,1714.5,58.51,FALSE,NA,4b28b1_2025-12-17 11:59:26,2025-12-17,2025-12-17
4b28b1,6.9165,46.6297,1765970426,1706.88,58.85,FALSE,NA,4b28b1_2025-12-17 11:59:26,2025-12-17,2025-12-17
4b28b1,6.8002,46.5821,1765970606,1699.26,60.21,FALSE,NA,4b28b1_2025-12-17 11:59:26,2025-12-17,2025-12-17
4b28b1,6.8025,46.5353,1765970786,1699.26,60.76,FALSE,NA,4b28b1_2025-12-17 11:59:26,2025-12-17,2025-12-17
4b28b1,6.8367000000000004,46.5375,1765970966,1783.08,59.78,FALSE,NA,4b28b1_2025-12-17 11:59:26,2025-12-17,2025-12-17
4b28b1,6.7456,46.506100000000004,1765971146,1463.04,59.8,FALSE,NA,4b28b1_2025-12-17 11:59:26,2025-12-17,2025-12-17
4b28b1,6.6217,46.5458,1765971326,922.02,58.16,FALSE,NA,4b28b1_2025-12-17 11:59:26,2025-12-17,2025-12-17
4b28b1,6.6175,46.553,1765971506,708.66,32.56,FALSE,NA,4b28b1_2025-12-17 11:59:26,2025-12-17,2025-12-17
44c062,6.617,46.5492,1765969438,701.04,53.66,FALSE,NA,44c062_2025-12-17 12:03:58,2025-12-17,2025-12-17
44c062,6.6854,46.5007,1765969618,1485.9,116.27,FALSE,NA,44c062_2025-12-17 12:03:58,2025-12-17,2025-12-17
44c062,6.5748,46.3293,1765969798,1744.98,112.13,FALSE,NA,44c062_2025-12-17 12:03:58,2025-12-17,2025-12-17
44c062,6.5111,46.1604,1765969978,2354.58,121.37,FALSE,NA,44c062_2025-12-17 12:03:58,2025-12-17,2025-12-17
44c062,6.5816,46.0432,1765970158,2339.34,126.26,FALSE,NA,44c062_2025-12-17 12:03:58,2025-12-17,2025-12-17
44c062,6.5816,46.0432,1765970338,2339.34,126.26,FALSE,NA,44c062_2025-12-17 12:03:58,2025-12-17,2025-12-17
44c062,6.4161,45.6513,1765970518,2324.1,119.05,FALSE,NA,44c062_2025-12-17 12:03:58,2025-12-17,2025-12-17
46104c,6.6167,46.5456,1765980541,NA,NA,FALSE,NA,46104c_2025-12-17 15:09:01,2025-12-17,2025-12-17
46104c,6.5576,46.5352,1765980721,1729.74,113.21,FALSE,NA,46104c_2025-12-17 15:09:01,2025-12-17,2025-12-17
46104c,6.5137,46.3948,1765980901,2186.94,125.17,FALSE,NA,46104c_2025-12-17 15:09:01,2025-12-17,2025-12-17
46104c,6.325,46.2565,1765981081,2948.94,120.53,FALSE,NA,46104c_2025-12-17 15:09:01,2025-12-17,2025-12-17
46104c,6.1195,46.2115,1765981261,4663.44,93.77,FALSE,NA,46104c_2025-12-17 15:09:01,2025-12-17,2025-12-17
46104c,5.911,46.1383,1765981441,5303.52,126.56,FALSE,NA,46104c_2025-12-17 15:09:01,2025-12-17,2025-12-17
46104c,5.6706,46.0096,1765981621,5303.52,131.3,FALSE,NA,46104c_2025-12-17 15:09:01,2025-12-17,2025-12-17
46104c,5.4189,45.8918,1765981801,5303.52,130.17,FALSE,NA,46104c_2025-12-17 15:09:01,2025-12-17,2025-12-17
46104c,5.1237,45.8581,1765981981,5303.52,129.49,FALSE,NA,46104c_2025-12-17 15:09:01,2025-12-17,2025-12-17
46104c,4.8225,45.8211,1765982161,5311.14,136.34,FALSE,NA,46104c_2025-12-17 15:09:01,2025-12-17,2025-12-17
46104c,4.5104,45.782,1765982341,5311.14,137.53,FALSE,NA,46104c_2025-12-17 15:09:01,2025-12-17,2025-12-17
46104c,4.2006,45.7847,1765982521,4876.8,132.55,FALSE,NA,46104c_2025-12-17 15:09:01,2025-12-17,2025-12-17
46104c,3.9269,45.8762,1765982701,3962.4,129.32,FALSE,NA,46104c_2025-12-17 15:09:01,2025-12-17,2025-12-17
46104c,3.6611,45.9636,1765982881,2979.42,123.35,FALSE,NA,46104c_2025-12-17 15:09:01,2025-12-17,2025-12-17
46104c,3.5265,46.0613,1765983061,1889.76,102.59,FALSE,NA,46104c_2025-12-17 15:09:01,2025-12-17,2025-12-17
46104c,3.4778,46.019,1765983241,1889.76,90.35,FALSE,NA,46104c_2025-12-17 15:09:01,2025-12-17,2025-12-17
46104c,3.4847,45.8999,1765983421,1844.04,93.45,FALSE,NA,46104c_2025-12-17 15:09:01,2025-12-17,2025-12-17
4b28b1,6.6163,46.5419,1765981013,NA,NA,FALSE,NA,4b28b1_2025-12-17 15:16:53,2025-12-17,2025-12-17
4b28b1,6.622,46.6117,1765981193,1386.84,46.61,FALSE,NA,4b28b1_2025-12-17 15:16:53,2025-12-17,2025-12-17
4b28b1,6.7315,46.6496,1765981373,1706.88,55.65,FALSE,NA,4b28b1_2025-12-17 15:16:53,2025-12-17,2025-12-17
4b28b1,6.8529,46.6655,1765981553,1714.5,53.15,FALSE,NA,4b28b1_2025-12-17 15:16:53,2025-12-17,2025-12-17
4b28b1,6.9673,46.6776,1765981733,1821.18,46.27,FALSE,NA,4b28b1_2025-12-17 15:16:53,2025-12-17,2025-12-17
4b28b1,7.0156,46.6098,1765981913,2324.1,52.78,FALSE,NA,4b28b1_2025-12-17 15:16:53,2025-12-17,2025-12-17
4b28b1,7.0424,46.5229,1765982093,2171.7,57.11,FALSE,NA,4b28b1_2025-12-17 15:16:53,2025-12-17,2025-12-17
4b28b1,7.114,46.4764,1765982273,2194.56,47.55,FALSE,NA,4b28b1_2025-12-17 15:16:53,2025-12-17,2025-12-17
4b28b1,7.0066,46.4628,1765982453,2171.7,51.78,FALSE,NA,4b28b1_2025-12-17 15:16:53,2025-12-17,2025-12-17
4b28b1,6.8805,46.4277,1765982633,1821.18,61.24,FALSE,NA,4b28b1_2025-12-17 15:16:53,2025-12-17,2025-12-17
4b28b1,6.8474,46.4353,1765982813,1402.08,51.49,FALSE,NA,4b28b1_2025-12-17 15:16:53,2025-12-17,2025-12-17
4b28b1,6.7285,46.4693,1765982993,1249.68,59.52,FALSE,NA,4b28b1_2025-12-17 15:16:53,2025-12-17,2025-12-17
4b28b1,6.6083,46.4975,1765983173,1066.8,45.93,FALSE,NA,4b28b1_2025-12-17 15:16:53,2025-12-17,2025-12-17
4b28b1,6.6153,46.5314,1765983353,754.38,36.1,FALSE,NA,4b28b1_2025-12-17 15:16:53,2025-12-17,2025-12-17
4b44a5,6.6781,46.5435,1765982250,883.92,23.2,FALSE,NA,4b44a5_2025-12-17 15:37:30,2025-12-17,2025-12-17
4b44a5,6.8169,46.5615,1765982430,1188.72,63.89,FALSE,NA,4b44a5_2025-12-17 15:37:30,2025-12-17,2025-12-17
4b44a5,6.967,46.5808,1765982610,1661.16,67.91,FALSE,NA,4b44a5_2025-12-17 15:37:30,2025-12-17,2025-12-17
4b44a5,7.1233,46.6074,1765982790,1577.34,66.41,FALSE,NA,4b44a5_2025-12-17 15:37:30,2025-12-17,2025-12-17
4b28b1,6.6164,46.5433,1766049999,655.32,28.88,FALSE,NA,4b28b1_2025-12-18 10:26:39,2025-12-18,2025-12-18
4b28b1,6.6356,46.612,1766050179,1325.88,52.43,FALSE,NA,4b28b1_2025-12-18 10:26:39,2025-12-18,2025-12-18
4b28b1,6.7519,46.6626,1766050359,1897.38,60.7,FALSE,NA,4b28b1_2025-12-18 10:26:39,2025-12-18,2025-12-18
4b28b1,6.8807,46.6943,1766050539,2453.64,55.65,FALSE,NA,4b28b1_2025-12-18 10:26:39,2025-12-18,2025-12-18
4b28b1,7.0188,46.728,1766050719,2560.32,63.95,FALSE,NA,4b28b1_2025-12-18 10:26:39,2025-12-18,2025-12-18
4b28b1,7.1656,46.7634,1766050899,2560.32,66.06,FALSE,NA,4b28b1_2025-12-18 10:26:39,2025-12-18,2025-12-18
4b28b1,7.2645,46.8403,1766051079,2560.32,69.78,FALSE,NA,4b28b1_2025-12-18 10:26:39,2025-12-18,2025-12-18
4b28b1,7.2884,46.9483,1766051259,2148.84,68.33,FALSE,NA,4b28b1_2025-12-18 10:26:39,2025-12-18,2025-12-18
4b28b1,7.27,47.0483,1766051439,1455.42,79.38,FALSE,NA,4b28b1_2025-12-18 10:26:39,2025-12-18,2025-12-18
4b28b1,7.3786,47.0111,1766051619,1242.06,53.68,FALSE,NA,4b28b1_2025-12-18 10:26:39,2025-12-18,2025-12-18
4b28b1,7.4526,46.9505,1766051799,899.16,49.34,FALSE,NA,4b28b1_2025-12-18 10:26:39,2025-12-18,2025-12-18
4b25ea,6.6169,46.5481,1766062480,693.42,36.1,FALSE,NA,4b25ea_2025-12-18 13:54:40,2025-12-18,2025-12-18
4b25ea,6.6112,46.6159,1766062660,1341.12,44.74,FALSE,NA,4b25ea_2025-12-18 13:54:40,2025-12-18,2025-12-18
4b25ea,6.5428,46.6821,1766062840,1813.56,60.98,FALSE,NA,4b25ea_2025-12-18 13:54:40,2025-12-18,2025-12-18
4b25ea,6.4534,46.7343,1766063020,1897.38,41.18,FALSE,NA,4b25ea_2025-12-18 13:54:40,2025-12-18,2025-12-18
4b25ea,6.5548,46.6916,1766063200,1653.54,54.57,FALSE,NA,4b25ea_2025-12-18 13:54:40,2025-12-18,2025-12-18
4b25ea,6.6673,46.6533,1766063380,1851.66,58.9,FALSE,NA,4b25ea_2025-12-18 13:54:40,2025-12-18,2025-12-18
4b25ea,6.8091,46.6393,1766063560,1767.84,56.66,FALSE,NA,4b25ea_2025-12-18 13:54:40,2025-12-18,2025-12-18
4b25ea,6.9351,46.6171,1766063740,1744.98,59.18,FALSE,NA,4b25ea_2025-12-18 13:54:40,2025-12-18,2025-12-18
4b25ea,6.9626,46.6213,1766063920,1722.12,45.88,FALSE,NA,4b25ea_2025-12-18 13:54:40,2025-12-18,2025-12-18
4b25ea,6.8746,46.5752,1766064100,1699.26,45.93,FALSE,NA,4b25ea_2025-12-18 13:54:40,2025-12-18,2025-12-18
4b25ea,6.796,46.5206,1766064280,1630.68,51.65,FALSE,NA,4b25ea_2025-12-18 13:54:40,2025-12-18,2025-12-18
4b25ea,6.6766,46.4918,1766064460,1135.38,53.62,FALSE,NA,4b25ea_2025-12-18 13:54:40,2025-12-18,2025-12-18
4b25ea,6.6151,46.5285,1766064640,784.86,38.67,FALSE,NA,4b25ea_2025-12-18 13:54:40,2025-12-18,2025-12-18
4b1bdd,6.6164,46.5507,1766063296,723.9,40.84,FALSE,NA,4b1bdd_2025-12-18 14:08:16,2025-12-18,2025-12-18
4b1bdd,6.6072,46.5202,1766063476,876.3,43.08,FALSE,NA,4b1bdd_2025-12-18 14:08:16,2025-12-18,2025-12-18
4b1bdd,6.6171,46.545,1766063656,NA,32.99,FALSE,NA,4b1bdd_2025-12-18 14:08:16,2025-12-18,2025-12-18
4b1bdd,6.6146,46.5766,1766063836,990.6,47.94,FALSE,NA,4b1bdd_2025-12-18 14:08:16,2025-12-18,2025-12-18
4b1bdd,6.676,46.5963,1766064016,1424.94,55.46,FALSE,NA,4b1bdd_2025-12-18 14:08:16,2025-12-18,2025-12-18
4b1bdd,6.7429,46.5233,1766064196,1432.56,51.53,FALSE,NA,4b1bdd_2025-12-18 14:08:16,2025-12-18,2025-12-18
4b1bdd,6.6266,46.545,1766064376,1028.7,50.78,FALSE,NA,4b1bdd_2025-12-18 14:08:16,2025-12-18,2025-12-18
4b1bdd,6.6151,46.5289,1766064556,815.34,35.63,FALSE,NA,4b1bdd_2025-12-18 14:08:16,2025-12-18,2025-12-18
4b1bdd,6.6168,46.541,1766064736,NA,32.51,FALSE,NA,4b1bdd_2025-12-18 14:08:16,2025-12-18,2025-12-18
4b1bdd,6.611,46.5547,1766064916,784.86,42.58,FALSE,NA,4b1bdd_2025-12-18 14:08:16,2025-12-18,2025-12-18
4b1bdd,6.6103,46.5214,1766065096,891.54,40.35,FALSE,NA,4b1bdd_2025-12-18 14:08:16,2025-12-18,2025-12-18
4b3303,NA,NA,1766063506,NA,0.51,FALSE,NA,4b3303_2025-12-18 14:11:46,2025-12-18,2025-12-18
4b3303,6.5336,46.4841,1766063686,716.28,60.76,FALSE,NA,4b3303_2025-12-18 14:11:46,2025-12-18,2025-12-18
4b3303,6.4059,46.4577,1766063866,518.16,55.92,FALSE,NA,4b3303_2025-12-18 14:11:46,2025-12-18,2025-12-18
4b3303,6.3088,46.4292,1766064046,457.2,24.78,FALSE,NA,4b3303_2025-12-18 14:11:46,2025-12-18,2025-12-18
4b3303,6.2292,46.3902,1766064226,739.14,50.66,FALSE,NA,4b3303_2025-12-18 14:11:46,2025-12-18,2025-12-18
4b1af2,6.6169,46.5482,1766065455,723.9,34.48,FALSE,NA,4b1af2_2025-12-18 14:44:15,2025-12-18,2025-12-18
4b1af2,6.6156,46.5255,1766065635,830.58,36.54,FALSE,NA,4b1af2_2025-12-18 14:44:15,2025-12-18,2025-12-18
4b1af2,6.5978,46.5659,1766065815,906.78,39.07,FALSE,NA,4b1af2_2025-12-18 14:44:15,2025-12-18,2025-12-18
4b1af2,6.6113,46.5101,1766065995,914.4,42.62,FALSE,NA,4b1af2_2025-12-18 14:44:15,2025-12-18,2025-12-18
4b1af2,6.5929,46.5574,1766066175,914.4,38.6,FALSE,NA,4b1af2_2025-12-18 14:44:15,2025-12-18,2025-12-18
4b1af2,6.6156,46.5341,1766066355,731.52,37.61,FALSE,NA,4b1af2_2025-12-18 14:44:15,2025-12-18,2025-12-18
4b1bdd,6.6167,46.5463,1766067822,NA,35.59,FALSE,NA,4b1bdd_2025-12-18 15:23:42,2025-12-18,2025-12-18
4b1bdd,6.6021,46.5266,1766068002,853.44,45.69,FALSE,NA,4b1bdd_2025-12-18 15:23:42,2025-12-18,2025-12-18
4b1bdd,6.5866,46.5475,1766068182,868.68,45.42,FALSE,NA,4b1bdd_2025-12-18 15:23:42,2025-12-18,2025-12-18
4b1bdd,6.6175,46.5555,1766068362,762,39.1,FALSE,NA,4b1bdd_2025-12-18 15:23:42,2025-12-18,2025-12-18
4b1bdd,6.6758,46.6068,1766068542,1150.62,65.29,FALSE,NA,4b1bdd_2025-12-18 15:23:42,2025-12-18,2025-12-18
4b1bdd,6.7446,46.5312,1766068722,1143,55.07,FALSE,NA,4b1bdd_2025-12-18 15:23:42,2025-12-18,2025-12-18
4b1bdd,6.6528,46.4826,1766068902,1051.56,55.59,FALSE,NA,4b1bdd_2025-12-18 15:23:42,2025-12-18,2025-12-18
4b25ea,6.6166,46.5443,1766068442,662.94,32.51,FALSE,NA,4b25ea_2025-12-18 15:34:02,2025-12-18,2025-12-18
4b25ea,6.6135,46.5219,1766068622,876.3,41.65,FALSE,NA,4b25ea_2025-12-18 15:34:02,2025-12-18,2025-12-18
4b25ea,6.5899,46.5386,1766068802,868.68,44.94,FALSE,NA,4b25ea_2025-12-18 15:34:02,2025-12-18,2025-12-18
4b25ea,6.6145,46.5532,1766068982,769.62,37.33,FALSE,NA,4b25ea_2025-12-18 15:34:02,2025-12-18,2025-12-18
4b25ea,6.6154,46.5322,1766069162,754.38,38.64,FALSE,NA,4b25ea_2025-12-18 15:34:02,2025-12-18,2025-12-18
4b25ea,6.5902,46.5272,1766069342,883.92,45.79,FALSE,NA,4b25ea_2025-12-18 15:34:02,2025-12-18,2025-12-18
4b3510,6.6164,46.5424,1766069312,655.32,25.8,FALSE,NA,4b3510_2025-12-18 15:48:32,2025-12-18,2025-12-18
4b3510,6.6692,46.5927,1766069492,1394.46,46.62,FALSE,NA,4b3510_2025-12-18 15:48:32,2025-12-18,2025-12-18
4b3510,6.7768,46.6207,1766069672,2057.4,49.01,FALSE,NA,4b3510_2025-12-18 15:48:32,2025-12-18,2025-12-18
4b3510,6.848,46.6479,1766069852,2545.08,60.54,FALSE,NA,4b3510_2025-12-18 15:48:32,2025-12-18,2025-12-18
4b3510,7.0024,46.6837,1766070032,2644.14,69.53,FALSE,NA,4b3510_2025-12-18 15:48:32,2025-12-18,2025-12-18
4b3510,7.1423,46.7292,1766070212,2682.24,75.02,FALSE,NA,4b3510_2025-12-18 15:48:32,2025-12-18,2025-12-18
4b3510,7.2788,46.8232,1766070392,2644.14,82.21,FALSE,NA,4b3510_2025-12-18 15:48:32,2025-12-18,2025-12-18
4b3510,7.4216,46.9127,1766070572,2644.14,81.13,FALSE,NA,4b3510_2025-12-18 15:48:32,2025-12-18,2025-12-18
4b3510,7.5651,46.9984,1766070752,2636.52,81.6,FALSE,NA,4b3510_2025-12-18 15:48:32,2025-12-18,2025-12-18
4b3510,7.7103,47.0802,1766070932,2644.14,79.64,FALSE,NA,4b3510_2025-12-18 15:48:32,2025-12-18,2025-12-18
4b3510,7.8642,47.1475,1766071112,2644.14,76.86,FALSE,NA,4b3510_2025-12-18 15:48:32,2025-12-18,2025-12-18
4b3510,7.9324,47.1763,1766071292,2636.52,71.38,FALSE,NA,4b3510_2025-12-18 15:48:32,2025-12-18,2025-12-18
4b3510,8.0033,47.1185,1766071472,2110.74,61.16,FALSE,NA,4b3510_2025-12-18 15:48:32,2025-12-18,2025-12-18
4b3510,8.1438,47.0899,1766071652,1432.56,61.5,FALSE,NA,4b3510_2025-12-18 15:48:32,2025-12-18,2025-12-18
4b3510,8.2711,47.0467,1766071832,1424.94,61.13,FALSE,NA,4b3510_2025-12-18 15:48:32,2025-12-18,2025-12-18
4b3510,8.2804,46.9585,1766072012,1257.3,63.22,FALSE,NA,4b3510_2025-12-18 15:48:32,2025-12-18,2025-12-18
44c061,6.6166,46.5444,1766069985,NA,NA,FALSE,NA,44c061_2025-12-18 15:59:45,2025-12-18,2025-12-18
44c061,6.6259,46.6869,1766070165,2042.16,117.32,FALSE,NA,44c061_2025-12-18 15:59:45,2025-12-18,2025-12-18
44c061,6.6283,46.898,1766070345,3101.34,125.01,FALSE,NA,44c061_2025-12-18 15:59:45,2025-12-18,2025-12-18
44c061,6.6351,47.1187,1766070525,3634.74,145.7,FALSE,NA,44c061_2025-12-18 15:59:45,2025-12-18,2025-12-18
44c061,6.7184,47.3311,1766070705,4389.12,136.67,FALSE,NA,44c061_2025-12-18 15:59:45,2025-12-18,2025-12-18
44c061,6.7445,47.5486,1766070885,4709.16,127.62,FALSE,NA,44c061_2025-12-18 15:59:45,2025-12-18,2025-12-18
44c061,6.7181,47.7406,1766071065,5638.8,131.81,FALSE,NA,44c061_2025-12-18 15:59:45,2025-12-18,2025-12-18
44c061,6.6865,47.965,1766071245,5638.8,141.59,FALSE,NA,44c061_2025-12-18 15:59:45,2025-12-18,2025-12-18
44c061,6.6854,48.193,1766071425,5821.68,132.26,FALSE,NA,44c061_2025-12-18 15:59:45,2025-12-18,2025-12-18
44c061,6.6443,48.3712,1766071605,7193.28,97.27,FALSE,NA,44c061_2025-12-18 15:59:45,2025-12-18,2025-12-18
44c061,6.5945,48.5491,1766071785,7513.32,130.36,FALSE,NA,44c061_2025-12-18 15:59:45,2025-12-18,2025-12-18
44c061,6.5343,48.7626,1766071965,7513.32,136.62,FALSE,NA,44c061_2025-12-18 15:59:45,2025-12-18,2025-12-18
44c061,6.4721,48.9808,1766072145,7513.32,138.23,FALSE,NA,44c061_2025-12-18 15:59:45,2025-12-18,2025-12-18
44c061,6.4084,49.2023,1766072325,7505.7,140.35,FALSE,NA,44c061_2025-12-18 15:59:45,2025-12-18,2025-12-18
44c061,6.3223,49.4225,1766072505,7505.7,142.18,FALSE,NA,44c061_2025-12-18 15:59:45,2025-12-18,2025-12-18
44c061,6.1781,49.6313,1766072685,7025.64,144.62,FALSE,NA,44c061_2025-12-18 15:59:45,2025-12-18,2025-12-18
44c061,5.8997,49.7725,1766072865,6355.08,136.04,FALSE,NA,44c061_2025-12-18 15:59:45,2025-12-18,2025-12-18
44c061,5.6186,49.9131,1766073045,5372.1,146.83,FALSE,NA,44c061_2025-12-18 15:59:45,2025-12-18,2025-12-18
44c061,5.3236,50.0589,1766073225,3954.78,146.52,FALSE,NA,44c061_2025-12-18 15:59:45,2025-12-18,2025-12-18
44c061,5.0507,50.1927,1766073405,2545.08,130.77,FALSE,NA,44c061_2025-12-18 15:59:45,2025-12-18,2025-12-18
44c061,4.7945,50.3168,1766073585,1874.52,125.32,FALSE,NA,44c061_2025-12-18 15:59:45,2025-12-18,2025-12-18
44c061,4.5765,50.439,1766073765,830.58,99.39,FALSE,NA,44c061_2025-12-18 15:59:45,2025-12-18,2025-12-18
4d02ad,6.6169,46.5414,1766073635,NA,47.4,FALSE,NA,4d02ad_2025-12-18 17:00:35,2025-12-18,2025-12-18
4d02ad,6.5196,46.6069,1766073815,2324.1,73.38,FALSE,NA,4d02ad_2025-12-18 17:00:35,2025-12-18,2025-12-18
4d02ad,6.3438,46.6493,1766073995,4145.28,84.27,FALSE,NA,4d02ad_2025-12-18 17:00:35,2025-12-18,2025-12-18
4d02ad,6.1747,46.7354,1766074175,5600.7,89.41,FALSE,NA,4d02ad_2025-12-18 17:00:35,2025-12-18,2025-12-18
4d02ad,5.9778,46.8736,1766074355,5646.42,132.8,FALSE,NA,4d02ad_2025-12-18 17:00:35,2025-12-18,2025-12-18
4d02ad,5.7564,47.0305,1766074535,5646.42,136.44,FALSE,NA,4d02ad_2025-12-18 17:00:35,2025-12-18,2025-12-18
4d02ad,5.5323,47.1878,1766074715,5638.8,135.33,FALSE,NA,4d02ad_2025-12-18 17:00:35,2025-12-18,2025-12-18
4d02ad,5.3065,47.3447,1766074895,5638.8,136.06,FALSE,NA,4d02ad_2025-12-18 17:00:35,2025-12-18,2025-12-18
4d02ad,5.0785,47.502,1766075075,5638.8,136.05,FALSE,NA,4d02ad_2025-12-18 17:00:35,2025-12-18,2025-12-18
4d02ad,4.8495,47.6581,1766075255,5638.8,136.05,FALSE,NA,4d02ad_2025-12-18 17:00:35,2025-12-18,2025-12-18
4d02ad,4.6183,47.813,1766075435,5638.8,135.32,FALSE,NA,4d02ad_2025-12-18 17:00:35,2025-12-18,2025-12-18
4d02ad,4.3878,47.9663,1766075615,5638.8,133.14,FALSE,NA,4d02ad_2025-12-18 17:00:35,2025-12-18,2025-12-18
4d02ad,4.1477,48.1244,1766075795,4869.18,145.52,FALSE,NA,4d02ad_2025-12-18 17:00:35,2025-12-18,2025-12-18
4d02ad,3.8983,48.2871,1766075975,3840.48,136.42,FALSE,NA,4d02ad_2025-12-18 17:00:35,2025-12-18,2025-12-18
4d02ad,3.6663,48.4368,1766076155,2918.46,130.97,FALSE,NA,4d02ad_2025-12-18 17:00:35,2025-12-18,2025-12-18
4d02ad,3.4351,48.584,1766076335,2202.18,129.57,FALSE,NA,4d02ad_2025-12-18 17:00:35,2025-12-18,2025-12-18
4d02ad,3.2793,48.7691,1766076515,2194.56,129.52,FALSE,NA,4d02ad_2025-12-18 17:00:35,2025-12-18,2025-12-18
4d02ad,3.2222,48.9611,1766076695,2186.94,116.5,FALSE,NA,4d02ad_2025-12-18 17:00:35,2025-12-18,2025-12-18
4d02ad,2.987,48.9954,1766076875,1584.96,91.71,FALSE,NA,4d02ad_2025-12-18 17:00:35,2025-12-18,2025-12-18
4d02ad,2.7641,48.9821,1766077055,1402.08,83.57,FALSE,NA,4d02ad_2025-12-18 17:00:35,2025-12-18,2025-12-18
4d02ad,2.577,48.9723,1766077235,624.84,64.95,FALSE,NA,4d02ad_2025-12-18 17:00:35,2025-12-18,2025-12-18
4b0e27,6.6167,46.5461,1766074387,NA,NA,FALSE,NA,4b0e27_2025-12-18 17:13:07,2025-12-18,2025-12-18
4b0e27,6.6416,46.4873,1766074567,1912.62,111.12,FALSE,NA,4b0e27_2025-12-18 17:13:07,2025-12-18,2025-12-18
4b0e27,6.6425,46.3377,1766074747,3710.94,86.94,FALSE,NA,4b0e27_2025-12-18 17:13:07,2025-12-18,2025-12-18
4b0e27,6.6432,46.1946,1766074927,5417.82,95.17,FALSE,NA,4b0e27_2025-12-18 17:13:07,2025-12-18,2025-12-18
4b0e27,6.6617,46.0249,1766075107,6583.68,122.11,FALSE,NA,4b0e27_2025-12-18 17:13:07,2025-12-18,2025-12-18
4b0e27,6.8348,45.8244,1766075287,6583.68,152.98,FALSE,NA,4b0e27_2025-12-18 17:13:07,2025-12-18,2025-12-18
4b0e27,7.0172,45.6117,1766075467,6583.68,152.98,FALSE,NA,4b0e27_2025-12-18 17:13:07,2025-12-18,2025-12-18
4b0e27,7.264,45.4439,1766075647,6263.64,153.67,FALSE,NA,4b0e27_2025-12-18 17:13:07,2025-12-18,2025-12-18
4b0e27,7.5523,45.3049,1766075827,5341.62,150.55,FALSE,NA,4b0e27_2025-12-18 17:13:07,2025-12-18,2025-12-18
4b0e27,7.8347,45.1668,1766076007,5044.44,147.13,FALSE,NA,4b0e27_2025-12-18 17:13:07,2025-12-18,2025-12-18
4b0e27,8.1227,45.0414,1766076187,4823.46,157.5,FALSE,NA,4b0e27_2025-12-18 17:13:07,2025-12-18,2025-12-18
4b0e27,8.471,45.0103,1766076367,3901.44,149.31,FALSE,NA,4b0e27_2025-12-18 17:13:07,2025-12-18,2025-12-18
4b0e27,8.8041,44.98,1766076547,3329.94,144.53,FALSE,NA,4b0e27_2025-12-18 17:13:07,2025-12-18,2025-12-18
4b0e27,9.1241,44.9702,1766076727,2400.3,130.16,FALSE,NA,4b0e27_2025-12-18 17:13:07,2025-12-18,2025-12-18
4b0e27,9.3549,45.0022,1766076907,1562.1,105.8,FALSE,NA,4b0e27_2025-12-18 17:13:07,2025-12-18,2025-12-18
4b0e27,9.3072,45.1615,1766077087,1318.26,99.12,FALSE,NA,4b0e27_2025-12-18 17:13:07,2025-12-18,2025-12-18
4b0e27,9.2914,45.3121,1766077267,891.54,85.62,FALSE,NA,4b0e27_2025-12-18 17:13:07,2025-12-18,2025-12-18
461fbd,6.6169,46.5497,1766127658,701.04,55.07,FALSE,NA,461fbd_2025-12-19 08:00:58,2025-12-19,2025-12-19
461fbd,6.5156,46.614,1766127838,2499.36,67.91,FALSE,NA,461fbd_2025-12-19 08:00:58,2025-12-19,2025-12-19
461fbd,6.3877,46.7033,1766128018,4290.06,77.34,FALSE,NA,461fbd_2025-12-19 08:00:58,2025-12-19,2025-12-19
461fbd,6.22,46.7785,1766128198,5623.56,83.61,FALSE,NA,461fbd_2025-12-19 08:00:58,2025-12-19,2025-12-19
461fbd,6.034,46.8614,1766128378,6583.68,101.6,FALSE,NA,461fbd_2025-12-19 08:00:58,2025-12-19,2025-12-19
461fbd,5.8242,46.9543,1766128558,7459.98,109.89,FALSE,NA,461fbd_2025-12-19 08:00:58,2025-12-19,2025-12-19
461fbd,5.5914,47.0973,1766128738,7498.08,147.31,FALSE,NA,461fbd_2025-12-19 08:00:58,2025-12-19,2025-12-19
461fbd,5.3624,47.2824,1766128918,7490.46,150.58,FALSE,NA,461fbd_2025-12-19 08:00:58,2025-12-19,2025-12-19
461fbd,5.1329,47.4701,1766129098,7490.46,150.97,FALSE,NA,461fbd_2025-12-19 08:00:58,2025-12-19,2025-12-19
461fbd,4.8923,47.6508,1766129278,7482.84,148.42,FALSE,NA,461fbd_2025-12-19 08:00:58,2025-12-19,2025-12-19
461fbd,4.6374,47.818,1766129458,7482.84,149.16,FALSE,NA,461fbd_2025-12-19 08:00:58,2025-12-19,2025-12-19
461fbd,4.3809,47.9847,1766129638,7475.22,146.99,FALSE,NA,461fbd_2025-12-19 08:00:58,2025-12-19,2025-12-19
461fbd,4.1275,48.1474,1766129818,7467.6,145.55,FALSE,NA,461fbd_2025-12-19 08:00:58,2025-12-19,2025-12-19
461fbd,3.874,48.3088,1766129998,7459.98,143.02,FALSE,NA,461fbd_2025-12-19 08:00:58,2025-12-19,2025-12-19
461fbd,3.6227,48.4673,1766130178,7452.36,143.02,FALSE,NA,461fbd_2025-12-19 08:00:58,2025-12-19,2025-12-19
461fbd,3.3853,48.63,1766130358,7810.5,129.07,FALSE,NA,461fbd_2025-12-19 08:00:58,2025-12-19,2025-12-19
461fbd,3.2508,48.8074,1766130538,8686.8,121.94,FALSE,NA,461fbd_2025-12-19 08:00:58,2025-12-19,2025-12-19
461fbd,3.1145,48.9872,1766130718,9265.92,131.6,FALSE,NA,461fbd_2025-12-19 08:00:58,2025-12-19,2025-12-19
461fbd,2.9526,49.1989,1766130898,9265.92,155.07,FALSE,NA,461fbd_2025-12-19 08:00:58,2025-12-19,2025-12-19
461fbd,2.779,49.4238,1766131078,9250.68,156.91,FALSE,NA,461fbd_2025-12-19 08:00:58,2025-12-19,2025-12-19
461fbd,2.6032,49.649,1766131258,9243.06,154.84,FALSE,NA,461fbd_2025-12-19 08:00:58,2025-12-19,2025-12-19
461fbd,2.4258,49.8743,1766131438,9235.44,157.14,FALSE,NA,461fbd_2025-12-19 08:00:58,2025-12-19,2025-12-19
461fbd,2.2346,50.0944,1766131618,9220.2,154.38,FALSE,NA,461fbd_2025-12-19 08:00:58,2025-12-19,2025-12-19
461fbd,2.0203,50.2982,1766131798,9204.96,150.39,FALSE,NA,461fbd_2025-12-19 08:00:58,2025-12-19,2025-12-19
461fbd,1.8017,50.4965,1766131978,9189.72,150.95,FALSE,NA,461fbd_2025-12-19 08:00:58,2025-12-19,2025-12-19
461fbd,1.576,50.6929,1766132158,9174.48,150.54,FALSE,NA,461fbd_2025-12-19 08:00:58,2025-12-19,2025-12-19
461fbd,1.3501,50.8877,1766132338,9166.86,147.85,FALSE,NA,461fbd_2025-12-19 08:00:58,2025-12-19,2025-12-19
461fbd,1.1257,51.0835,1766132518,9144,153.52,FALSE,NA,461fbd_2025-12-19 08:00:58,2025-12-19,2025-12-19
461fbd,0.9151,51.2922,1766132698,9128.76,153.13,FALSE,NA,461fbd_2025-12-19 08:00:58,2025-12-19,2025-12-19
461fbd,0.7039,51.5002,1766132878,9113.52,153.13,FALSE,NA,461fbd_2025-12-19 08:00:58,2025-12-19,2025-12-19
461fbd,0.4883,51.7103,1766133058,9090.66,154.83,FALSE,NA,461fbd_2025-12-19 08:00:58,2025-12-19,2025-12-19
461fbd,0.2697,51.921,1766133238,9075.42,154.83,FALSE,NA,461fbd_2025-12-19 08:00:58,2025-12-19,2025-12-19
461fbd,0.0533,52.1271,1766133418,9052.56,151.4,FALSE,NA,461fbd_2025-12-19 08:00:58,2025-12-19,2025-12-19
461fbd,-0.164,52.3318,1766133598,9037.32,152.67,FALSE,NA,461fbd_2025-12-19 08:00:58,2025-12-19,2025-12-19
461fbd,-0.3838,52.5366,1766133778,9014.46,148.96,FALSE,NA,461fbd_2025-12-19 08:00:58,2025-12-19,2025-12-19
461fbd,-0.603,52.7388,1766133958,8999.22,151.1,FALSE,NA,461fbd_2025-12-19 08:00:58,2025-12-19,2025-12-19
461fbd,-0.8253,52.9407,1766134138,8983.98,150.96,FALSE,NA,461fbd_2025-12-19 08:00:58,2025-12-19,2025-12-19
461fbd,-1.0318,53.1528,1766134318,8968.74,150.4,FALSE,NA,461fbd_2025-12-19 08:00:58,2025-12-19,2025-12-19
461fbd,-1.2293,53.3649,1766134498,8953.5,149.7,FALSE,NA,461fbd_2025-12-19 08:00:58,2025-12-19,2025-12-19
461fbd,-1.4255,53.5732,1766134678,8945.88,146.51,FALSE,NA,461fbd_2025-12-19 08:00:58,2025-12-19,2025-12-19
461fbd,-1.62,53.777,1766134858,8938.26,141.46,FALSE,NA,461fbd_2025-12-19 08:00:58,2025-12-19,2025-12-19
461fbd,-1.8114,53.976,1766135038,8923.02,142.61,TRUE,NA,461fbd_2025-12-19 08:00:58,2025-12-19,2025-12-19
461fbd,-2.0023,54.1724,1766135218,8915.4,140.06,TRUE,NA,461fbd_2025-12-19 08:00:58,2025-12-19,2025-12-19
461fbd,-2.193,54.3656,1766135398,8907.78,139.68,TRUE,NA,461fbd_2025-12-19 08:00:58,2025-12-19,2025-12-19
461fbd,-2.3899,54.5636,1766135578,8900.16,142.94,TRUE,NA,461fbd_2025-12-19 08:00:58,2025-12-19,2025-12-19
461fbd,-2.5839,54.7563,1766135758,7665.72,133.68,TRUE,NA,461fbd_2025-12-19 08:00:58,2025-12-19,2025-12-19
461fbd,-2.7669,54.9358,1766135938,7399.02,127.31,TRUE,NA,461fbd_2025-12-19 08:00:58,2025-12-19,2025-12-19
461fbd,-2.955,55.1192,1766136118,6629.4,136.57,TRUE,NA,461fbd_2025-12-19 08:00:58,2025-12-19,2025-12-19
461fbd,-3.1544,55.3077,1766136298,5669.28,135.87,TRUE,NA,461fbd_2025-12-19 08:00:58,2025-12-19,2025-12-19
461fbd,-3.2235,55.5254,1766136478,4396.74,158.94,TRUE,NA,461fbd_2025-12-19 08:00:58,2025-12-19,2025-12-19
461fbd,-3.0801,55.7623,1766136658,3040.38,150.65,TRUE,NA,461fbd_2025-12-19 08:00:58,2025-12-19,2025-12-19
461fbd,-2.9447,55.983,1766136838,2339.34,140.4,TRUE,NA,461fbd_2025-12-19 08:00:58,2025-12-19,2025-12-19
461fbd,-2.8159,56.1899,1766137018,1706.88,111.61,TRUE,NA,461fbd_2025-12-19 08:00:58,2025-12-19,2025-12-19
461fbd,-2.7167,56.3486,1766137198,906.78,97.62,TRUE,NA,461fbd_2025-12-19 08:00:58,2025-12-19,2025-12-19
4b25ea,6.6166,46.5447,1766132558,662.94,32.48,FALSE,NA,4b25ea_2025-12-19 09:22:38,2025-12-19,2025-12-19
4b25ea,6.5945,46.5233,1766132738,876.3,44.6,FALSE,NA,4b25ea_2025-12-19 09:22:38,2025-12-19,2025-12-19
4b25ea,6.6175,46.5487,1766132918,NA,9.79,FALSE,NA,4b25ea_2025-12-19 09:22:38,2025-12-19,2025-12-19
4b25ea,6.617,46.5412,1766133098,NA,9.79,FALSE,NA,4b25ea_2025-12-19 09:22:38,2025-12-19,2025-12-19
4b25ea,6.6168,46.5411,1766133278,NA,9.79,FALSE,NA,4b25ea_2025-12-19 09:22:38,2025-12-19,2025-12-19
4b25ea,6.6158,46.5979,1766133458,1074.42,48.87,FALSE,NA,4b25ea_2025-12-19 09:22:38,2025-12-19,2025-12-19
4b25ea,6.71,46.6508,1766133638,1531.62,56.02,FALSE,NA,4b25ea_2025-12-19 09:22:38,2025-12-19,2025-12-19
4b25ea,6.8164,46.6772,1766133818,1737.36,57.62,FALSE,NA,4b25ea_2025-12-19 09:22:38,2025-12-19,2025-12-19
4b25ea,6.9709,46.7107,1766133998,1752.6,72.55,FALSE,NA,4b25ea_2025-12-19 09:22:38,2025-12-19,2025-12-19
4b25ea,7.0878,46.7969,1766134178,1722.12,73.71,FALSE,NA,4b25ea_2025-12-19 09:22:38,2025-12-19,2025-12-19
4b25ea,7.2131,46.8808,1766134358,1706.88,73.39,FALSE,NA,4b25ea_2025-12-19 09:22:38,2025-12-19,2025-12-19
4b25ea,7.1917,46.9743,1766134538,1783.08,53.03,FALSE,NA,4b25ea_2025-12-19 09:22:38,2025-12-19,2025-12-19
4b25ea,7.0895,47.0082,1766134718,1615.44,44.25,FALSE,NA,4b25ea_2025-12-19 09:22:38,2025-12-19,2025-12-19
4b25ea,6.9963,46.9781,1766134898,1463.04,44.38,FALSE,NA,4b25ea_2025-12-19 09:22:38,2025-12-19,2025-12-19
4b25ea,6.9106,46.9391,1766135078,1463.04,43.77,FALSE,NA,4b25ea_2025-12-19 09:22:38,2025-12-19,2025-12-19
4b25ea,6.8236,46.8973,1766135258,1402.08,43.63,FALSE,NA,4b25ea_2025-12-19 09:22:38,2025-12-19,2025-12-19
4b25ea,6.7473,46.8444,1766135438,1363.98,46.61,FALSE,NA,4b25ea_2025-12-19 09:22:38,2025-12-19,2025-12-19
4b25ea,6.6907,46.781,1766135618,1287.78,43.95,FALSE,NA,4b25ea_2025-12-19 09:22:38,2025-12-19,2025-12-19
4b25ea,6.6491,46.7134,1766135798,1219.2,47.22,FALSE,NA,4b25ea_2025-12-19 09:22:38,2025-12-19,2025-12-19
4b25ea,6.5915,46.6496,1766135978,1211.58,43.03,FALSE,NA,4b25ea_2025-12-19 09:22:38,2025-12-19,2025-12-19
4b25ea,6.5486,46.5845,1766136158,1272.54,45.73,FALSE,NA,4b25ea_2025-12-19 09:22:38,2025-12-19,2025-12-19
4b25ea,6.5511,46.5122,1766136338,1303.02,51.35,FALSE,NA,4b25ea_2025-12-19 09:22:38,2025-12-19,2025-12-19
4b25ea,6.6606,46.4992,1766136518,1280.16,62.02,FALSE,NA,4b25ea_2025-12-19 09:22:38,2025-12-19,2025-12-19
4b25ea,6.7753,46.4686,1766136698,1257.3,55.89,FALSE,NA,4b25ea_2025-12-19 09:22:38,2025-12-19,2025-12-19
4b25ea,6.859,46.4992,1766136878,1463.04,59.3,FALSE,NA,4b25ea_2025-12-19 09:22:38,2025-12-19,2025-12-19
4b25ea,6.7703,46.5602,1766137058,1531.62,57.5,FALSE,NA,4b25ea_2025-12-19 09:22:38,2025-12-19,2025-12-19
4b25ea,6.6824,46.6212,1766137238,1242.06,49.05,FALSE,NA,4b25ea_2025-12-19 09:22:38,2025-12-19,2025-12-19
4b25ea,6.6204,46.5867,1766137418,1028.7,34.47,FALSE,NA,4b25ea_2025-12-19 09:22:38,2025-12-19,2025-12-19
4b28b1,6.6169,46.5474,1766136582,670.56,24.74,FALSE,NA,4b28b1_2025-12-19 10:29:42,2025-12-19,2025-12-19
4b28b1,6.5893,46.5042,1766136762,1341.12,46.85,FALSE,NA,4b28b1_2025-12-19 10:29:42,2025-12-19,2025-12-19
4b28b1,6.5695,46.5893,1766136942,1912.62,61.75,FALSE,NA,4b28b1_2025-12-19 10:29:42,2025-12-19,2025-12-19
4b28b1,6.5956,46.6876,1766137122,2415.54,66.55,FALSE,NA,4b28b1_2025-12-19 10:29:42,2025-12-19,2025-12-19
4b28b1,6.6467,46.7912,1766137302,2560.32,68.17,FALSE,NA,4b28b1_2025-12-19 10:29:42,2025-12-19,2025-12-19
4b28b1,6.6986,46.8954,1766137482,2560.32,66.86,FALSE,NA,4b28b1_2025-12-19 10:29:42,2025-12-19,2025-12-19
4b28b1,6.7507,46.9987,1766137662,2560.32,66.21,FALSE,NA,4b28b1_2025-12-19 10:29:42,2025-12-19,2025-12-19
4b28b1,6.8196,47.0928,1766137842,2545.08,69.26,FALSE,NA,4b28b1_2025-12-19 10:29:42,2025-12-19,2025-12-19
4b28b1,6.9608,47.166,1766138022,2179.32,73.38,FALSE,NA,4b28b1_2025-12-19 10:29:42,2025-12-19,2025-12-19
4b28b1,7.0476,47.2597,1766138202,2171.7,68.11,FALSE,NA,4b28b1_2025-12-19 10:29:42,2025-12-19,2025-12-19
4b28b1,7.0711,47.2198,1766138382,2171.7,44.25,FALSE,NA,4b28b1_2025-12-19 10:29:42,2025-12-19,2025-12-19
4b28b1,6.9901,47.1804,1766138562,2179.32,37.14,FALSE,NA,4b28b1_2025-12-19 10:29:42,2025-12-19,2025-12-19
4b28b1,6.9255,47.1487,1766138742,1813.56,33.82,FALSE,NA,4b28b1_2025-12-19 10:29:42,2025-12-19,2025-12-19
4b28b1,6.8569,47.1158,1766138922,1447.8,38.1,FALSE,NA,4b28b1_2025-12-19 10:29:42,2025-12-19,2025-12-19
4b28b1,6.7748,47.0742,1766139102,1539.24,34.47,FALSE,NA,4b28b1_2025-12-19 10:29:42,2025-12-19,2025-12-19
4b28b1,6.7121,47.0422,1766139282,2164.08,36.15,FALSE,NA,4b28b1_2025-12-19 10:29:42,2025-12-19,2025-12-19
4b28b1,6.8084,47.091,1766139462,2179.32,76.62,FALSE,NA,4b28b1_2025-12-19 10:29:42,2025-12-19,2025-12-19
4b28b1,6.9529,47.1619,1766139642,2179.32,72.96,FALSE,NA,4b28b1_2025-12-19 10:29:42,2025-12-19,2025-12-19
4b28b1,7.0432,47.2536,1766139822,2164.08,69.02,FALSE,NA,4b28b1_2025-12-19 10:29:42,2025-12-19,2025-12-19
4b28b1,7.072,47.2202,1766140002,2171.7,46.53,FALSE,NA,4b28b1_2025-12-19 10:29:42,2025-12-19,2025-12-19
4b28b1,6.9876,47.1791,1766140182,2194.56,38.67,FALSE,NA,4b28b1_2025-12-19 10:29:42,2025-12-19,2025-12-19
4b28b1,6.9146,47.1434,1766140362,1699.26,36.73,FALSE,NA,4b28b1_2025-12-19 10:29:42,2025-12-19,2025-12-19
4b1bdd,6.6163,46.5422,1766137180,693.42,39.26,FALSE,NA,4b1bdd_2025-12-19 10:39:40,2025-12-19,2025-12-19
4b1bdd,6.5947,46.5678,1766137360,868.68,44.31,FALSE,NA,4b1bdd_2025-12-19 10:39:40,2025-12-19,2025-12-19
4b1bdd,6.6067,46.5229,1766137540,891.54,46.37,FALSE,NA,4b1bdd_2025-12-19 10:39:40,2025-12-19,2025-12-19
4b1bdd,6.6033,46.5889,1766137720,944.88,42.33,FALSE,NA,4b1bdd_2025-12-19 10:39:40,2025-12-19,2025-12-19
4b1bdd,6.6159,46.5389,1766137900,701.04,42.34,FALSE,NA,4b1bdd_2025-12-19 10:39:40,2025-12-19,2025-12-19
4b1bdd,6.6686,46.5005,1766138080,1348.74,58.3,FALSE,NA,4b1bdd_2025-12-19 10:39:40,2025-12-19,2025-12-19
4b1bdd,6.7972,46.5637,1766138260,1607.82,71.38,FALSE,NA,4b1bdd_2025-12-19 10:39:40,2025-12-19,2025-12-19
4b1bdd,6.9412,46.6193,1766138440,1615.44,64.19,FALSE,NA,4b1bdd_2025-12-19 10:39:40,2025-12-19,2025-12-19
4b1bdd,7.0337,46.7014,1766138620,1257.3,63.53,FALSE,NA,4b1bdd_2025-12-19 10:39:40,2025-12-19,2025-12-19
4b1bdd,7.1094,46.7527,1766138800,967.74,43.24,FALSE,NA,4b1bdd_2025-12-19 10:39:40,2025-12-19,2025-12-19
4b3303,6.6181,46.547,1766137378,670.56,0,FALSE,NA,4b3303_2025-12-19 10:42:58,2025-12-19,2025-12-19
4b3303,6.6187,46.5472,1766137558,731.52,18.25,FALSE,NA,4b3303_2025-12-19 10:42:58,2025-12-19,2025-12-19
4b3303,6.6952,46.5954,1766137738,1897.38,61.79,FALSE,NA,4b3303_2025-12-19 10:42:58,2025-12-19,2025-12-19
4b3303,6.7236,46.683,1766137918,1866.9,61.32,FALSE,NA,4b3303_2025-12-19 10:42:58,2025-12-19,2025-12-19
4b3303,6.7851,46.7645,1766138098,1546.86,53.57,FALSE,NA,4b3303_2025-12-19 10:42:58,2025-12-19,2025-12-19
4b3303,6.8687,46.8151,1766138278,800.1,38.62,FALSE,NA,4b3303_2025-12-19 10:42:58,2025-12-19,2025-12-19
4b3303,6.9423,46.8397,1766138458,1211.58,38.24,FALSE,NA,4b3303_2025-12-19 10:42:58,2025-12-19,2025-12-19
4b3303,7.0385,46.8178,1766138638,2583.18,47.35,FALSE,NA,4b3303_2025-12-19 10:42:58,2025-12-19,2025-12-19
4b3303,7.1741,46.8426,1766138818,2567.94,77.86,FALSE,NA,4b3303_2025-12-19 10:42:58,2025-12-19,2025-12-19
4b3303,7.2861,46.9373,1766138998,2567.94,74.96,FALSE,NA,4b3303_2025-12-19 10:42:58,2025-12-19,2025-12-19
4b3303,7.3466,47.0268,1766139178,2468.88,58.57,FALSE,NA,4b3303_2025-12-19 10:42:58,2025-12-19,2025-12-19
4b3303,7.3237,47.0544,1766139358,1562.1,58.22,FALSE,NA,4b3303_2025-12-19 10:42:58,2025-12-19,2025-12-19
4b3303,7.4013,46.9925,1766139538,1257.3,50.06,FALSE,NA,4b3303_2025-12-19 10:42:58,2025-12-19,2025-12-19
4b3303,7.4729,46.9339,1766139718,739.14,45.93,FALSE,NA,4b3303_2025-12-19 10:42:58,2025-12-19,2025-12-19
4b3303,7.5348,46.8849,1766139898,1501.14,45.47,FALSE,NA,4b3303_2025-12-19 10:42:58,2025-12-19,2025-12-19
4b3303,7.6036,46.9691,1766140078,1882.14,69.59,FALSE,NA,4b3303_2025-12-19 10:42:58,2025-12-19,2025-12-19
4b3303,7.6805,47.0553,1766140258,1866.9,55.36,FALSE,NA,4b3303_2025-12-19 10:42:58,2025-12-19,2025-12-19
4b3303,7.5945,47.088,1766140438,1874.52,39.45,FALSE,NA,4b3303_2025-12-19 10:42:58,2025-12-19,2025-12-19
4b3303,7.5057,47.0606,1766140618,1874.52,44.58,FALSE,NA,4b3303_2025-12-19 10:42:58,2025-12-19,2025-12-19
4b3303,7.3998,47.0343,1766140798,1264.92,49.31,FALSE,NA,4b3303_2025-12-19 10:42:58,2025-12-19,2025-12-19
4b3303,7.3477,47.0358,1766140978,1249.68,51.84,FALSE,NA,4b3303_2025-12-19 10:42:58,2025-12-19,2025-12-19
4b3303,7.4277,46.9714,1766141158,1135.38,49.7,FALSE,NA,4b3303_2025-12-19 10:42:58,2025-12-19,2025-12-19
4b3303,7.4993,46.912,1766141338,571.5,34.32,FALSE,NA,4b3303_2025-12-19 10:42:58,2025-12-19,2025-12-19
4b0f7e,6.6172,46.5509,1766145784,708.66,53.11,FALSE,NA,4b0f7e_2025-12-19 13:03:04,2025-12-19,2025-12-19
4b0f7e,6.4873,46.6068,1766145964,2400.3,69.55,FALSE,NA,4b0f7e_2025-12-19 13:03:04,2025-12-19,2025-12-19
4b0f7e,6.3215,46.6498,1766146144,3939.54,79.12,FALSE,NA,4b0f7e_2025-12-19 13:03:04,2025-12-19,2025-12-19
4b0f7e,6.1324,46.6985,1766146324,5151.12,86.76,FALSE,NA,4b0f7e_2025-12-19 13:03:04,2025-12-19,2025-12-19
4b0f7e,5.9421,46.7472,1766146504,6210.3,90.68,FALSE,NA,4b0f7e_2025-12-19 13:03:04,2025-12-19,2025-12-19
4b0f7e,5.7715,46.8197,1766146684,7208.52,90.22,FALSE,NA,4b0f7e_2025-12-19 13:03:04,2025-12-19,2025-12-19
4b0f7e,5.6145,46.9256,1766146864,7924.8,97.49,FALSE,NA,4b0f7e_2025-12-19 13:03:04,2025-12-19,2025-12-19
4b0f7e,5.4292,47.05,1766147044,8092.44,126.6,FALSE,NA,4b0f7e_2025-12-19 13:03:04,2025-12-19,2025-12-19
4b0f7e,5.2065,47.1985,1766147224,8092.44,134.24,FALSE,NA,4b0f7e_2025-12-19 13:03:04,2025-12-19,2025-12-19
4b0f7e,4.9638,47.3376,1766147404,8092.44,138.12,FALSE,NA,4b0f7e_2025-12-19 13:03:04,2025-12-19,2025-12-19
4b0f7e,4.7493,47.5092,1766147584,8084.82,140.9,FALSE,NA,4b0f7e_2025-12-19 13:03:04,2025-12-19,2025-12-19
4b0f7e,4.5302,47.6831,1766147764,8077.2,142.68,FALSE,NA,4b0f7e_2025-12-19 13:03:04,2025-12-19,2025-12-19
4b0f7e,4.3073,47.8585,1766147944,8069.58,141.17,FALSE,NA,4b0f7e_2025-12-19 13:03:04,2025-12-19,2025-12-19
4b0f7e,4.0885,48.0289,1766148124,8069.58,140.06,FALSE,NA,4b0f7e_2025-12-19 13:03:04,2025-12-19,2025-12-19
4b0f7e,3.8661,48.2009,1766148304,8061.96,139.28,FALSE,NA,4b0f7e_2025-12-19 13:03:04,2025-12-19,2025-12-19
4b0f7e,3.6445,48.3705,1766148484,8054.34,140.01,FALSE,NA,4b0f7e_2025-12-19 13:03:04,2025-12-19,2025-12-19
4b0f7e,3.441,48.5554,1766148664,8046.72,144.81,FALSE,NA,4b0f7e_2025-12-19 13:03:04,2025-12-19,2025-12-19
4b0f7e,3.2717,48.7614,1766148844,8039.1,145.26,FALSE,NA,4b0f7e_2025-12-19 13:03:04,2025-12-19,2025-12-19
4b0f7e,3.1013,48.9672,1766149024,8031.48,145.75,FALSE,NA,4b0f7e_2025-12-19 13:03:04,2025-12-19,2025-12-19
4b0f7e,2.9279,49.1742,1766149204,8023.86,147.35,FALSE,NA,4b0f7e_2025-12-19 13:03:04,2025-12-19,2025-12-19
4b0f7e,2.75,49.3849,1766149384,8016.24,149.9,FALSE,NA,4b0f7e_2025-12-19 13:03:04,2025-12-19,2025-12-19
4b0f7e,2.5686,49.5975,1766149564,8008.62,149.45,FALSE,NA,4b0f7e_2025-12-19 13:03:04,2025-12-19,2025-12-19
4b0f7e,2.3896,49.8052,1766149744,8001,145.81,FALSE,NA,4b0f7e_2025-12-19 13:03:04,2025-12-19,2025-12-19
4b0f7e,2.2526,50.0305,1766149924,7993.38,157.51,FALSE,NA,4b0f7e_2025-12-19 13:03:04,2025-12-19,2025-12-19
4b0f7e,2.152,50.2791,1766150104,7978.14,159.96,FALSE,NA,4b0f7e_2025-12-19 13:03:04,2025-12-19,2025-12-19
4b0f7e,1.93,50.4607,1766150284,6979.92,138.65,FALSE,NA,4b0f7e_2025-12-19 13:03:04,2025-12-19,2025-12-19
4b0f7e,1.6951,50.6176,1766150464,5311.14,130.99,FALSE,NA,4b0f7e_2025-12-19 13:03:04,2025-12-19,2025-12-19
4b0f7e,1.4834,50.7671,1766150644,3703.32,120.99,FALSE,NA,4b0f7e_2025-12-19 13:03:04,2025-12-19,2025-12-19
4b0f7e,1.33,50.9289,1766150824,3390.9,128.74,FALSE,NA,4b0f7e_2025-12-19 13:03:04,2025-12-19,2025-12-19
4b0f7e,1.2906,51.137,1766151004,3185.16,127.46,FALSE,NA,4b0f7e_2025-12-19 13:03:04,2025-12-19,2025-12-19
4b0f7e,1.0968,51.2708,1766151184,1866.9,102.3,FALSE,NA,4b0f7e_2025-12-19 13:03:04,2025-12-19,2025-12-19
4b0f7e,0.8884,51.3715,1766151364,1851.66,100.82,FALSE,NA,4b0f7e_2025-12-19 13:03:04,2025-12-19,2025-12-19
4b0f7e,0.6514,51.425,1766151544,1249.68,95.67,FALSE,NA,4b0f7e_2025-12-19 13:03:04,2025-12-19,2025-12-19
4b0f7e,0.406,51.4467,1766151724,982.98,91.38,FALSE,NA,4b0f7e_2025-12-19 13:03:04,2025-12-19,2025-12-19
4b0f7e,0.1893,51.4676,1766151904,640.08,82.88,FALSE,NA,4b0f7e_2025-12-19 13:03:04,2025-12-19,2025-12-19
4b0f7e,0.0744,51.3855,1766152084,525.78,71.55,FALSE,NA,4b0f7e_2025-12-19 13:03:04,2025-12-19,2025-12-19
4b25ea,6.6165,46.5436,1766145877,NA,31.42,FALSE,NA,4b25ea_2025-12-19 13:04:37,2025-12-19,2025-12-19
4b25ea,6.6223,46.6129,1766146057,1074.42,50.66,FALSE,NA,4b25ea_2025-12-19 13:04:37,2025-12-19,2025-12-19
4b25ea,6.5494,46.5541,1766146237,1036.32,46.66,FALSE,NA,4b25ea_2025-12-19 13:04:37,2025-12-19,2025-12-19
4b25ea,6.4754,46.4933,1766146417,1013.46,49.66,FALSE,NA,4b25ea_2025-12-19 13:04:37,2025-12-19,2025-12-19
4b25ea,6.42,46.4797,1766146597,1021.08,49.82,FALSE,NA,4b25ea_2025-12-19 13:04:37,2025-12-19,2025-12-19
4b25ea,6.35,46.4927,1766146777,1021.08,57.59,FALSE,NA,4b25ea_2025-12-19 13:04:37,2025-12-19,2025-12-19
4b25ea,6.4553,46.5444,1766146957,1310.64,56.63,FALSE,NA,4b25ea_2025-12-19 13:04:37,2025-12-19,2025-12-19
4b25ea,6.5917,46.5726,1766147137,1318.26,60.56,FALSE,NA,4b25ea_2025-12-19 13:04:37,2025-12-19,2025-12-19
4b25ea,6.6903,46.551,1766147317,1303.02,51.22,FALSE,NA,4b25ea_2025-12-19 13:04:37,2025-12-19,2025-12-19
4b25ea,6.5836,46.5414,1766147497,883.92,49.05,FALSE,NA,4b25ea_2025-12-19 13:04:37,2025-12-19,2025-12-19
4b1bdd,6.6169,46.5476,1766148541,NA,38.19,FALSE,NA,4b1bdd_2025-12-19 13:49:01,2025-12-19,2025-12-19
4b1bdd,6.6154,46.5268,1766148721,830.58,36.83,FALSE,NA,4b1bdd_2025-12-19 13:49:01,2025-12-19,2025-12-19
4b1bdd,6.6169,46.5425,1766148901,NA,31.49,FALSE,NA,4b1bdd_2025-12-19 13:49:01,2025-12-19,2025-12-19
4b1bdd,6.617,46.5413,1766149081,NA,31.49,FALSE,NA,4b1bdd_2025-12-19 13:49:01,2025-12-19,2025-12-19
4b1bdd,6.6168,46.5463,1766149261,NA,NA,FALSE,NA,4b1bdd_2025-12-19 13:49:01,2025-12-19,2025-12-19
4b1bdd,6.5993,46.5221,1766149441,868.68,40.46,FALSE,NA,4b1bdd_2025-12-19 13:49:01,2025-12-19,2025-12-19
4b1bdd,6.6186,46.5688,1766149621,922.02,43.22,FALSE,NA,4b1bdd_2025-12-19 13:49:01,2025-12-19,2025-12-19
4b1bdd,6.6839,46.6084,1766149801,1325.88,60.88,FALSE,NA,4b1bdd_2025-12-19 13:49:01,2025-12-19,2025-12-19
4b1bdd,6.7441,46.6143,1766149981,1310.64,49.84,FALSE,NA,4b1bdd_2025-12-19 13:49:01,2025-12-19,2025-12-19
4b1bdd,6.8685,46.642,1766150161,1531.62,62.32,FALSE,NA,4b1bdd_2025-12-19 13:49:01,2025-12-19,2025-12-19
4b1bdd,6.9113,46.7007,1766150341,1325.88,55.15,FALSE,NA,4b1bdd_2025-12-19 13:49:01,2025-12-19,2025-12-19
4b1bdd,6.8646,46.622,1766150521,1264.92,50.94,FALSE,NA,4b1bdd_2025-12-19 13:49:01,2025-12-19,2025-12-19
4b1bdd,6.7988,46.5513,1766150701,1249.68,55.23,FALSE,NA,4b1bdd_2025-12-19 13:49:01,2025-12-19,2025-12-19
4b1bdd,6.6756,46.5406,1766150881,1127.76,54.77,FALSE,NA,4b1bdd_2025-12-19 13:49:01,2025-12-19,2025-12-19
4b1bdd,6.5939,46.5238,1766151061,868.68,47.64,FALSE,NA,4b1bdd_2025-12-19 13:49:01,2025-12-19,2025-12-19
4b25ea,6.6165,46.5438,1766149127,NA,NA,FALSE,NA,4b25ea_2025-12-19 13:58:47,2025-12-19,2025-12-19
4b25ea,6.624,46.6112,1766149307,1196.34,49.99,FALSE,NA,4b25ea_2025-12-19 13:58:47,2025-12-19,2025-12-19
4b25ea,6.7251,46.6585,1766149487,1417.32,60.68,FALSE,NA,4b25ea_2025-12-19 13:58:47,2025-12-19,2025-12-19
4b25ea,6.857,46.6856,1766149667,1417.32,58.73,FALSE,NA,4b25ea_2025-12-19 13:58:47,2025-12-19,2025-12-19
4b25ea,6.9807,46.7276,1766149847,1424.94,60.5,FALSE,NA,4b25ea_2025-12-19 13:58:47,2025-12-19,2025-12-19
4b25ea,7.1016,46.7817,1766150027,1417.32,60.88,FALSE,NA,4b25ea_2025-12-19 13:58:47,2025-12-19,2025-12-19
4b25ea,7.1998,46.8523,1766150207,1417.32,60.99,FALSE,NA,4b25ea_2025-12-19 13:58:47,2025-12-19,2025-12-19
4b25ea,7.2932,46.9141,1766150387,1242.06,52.97,FALSE,NA,4b25ea_2025-12-19 13:58:47,2025-12-19,2025-12-19
4b25ea,7.407,46.9297,1766150567,1082.04,45.41,FALSE,NA,4b25ea_2025-12-19 13:58:47,2025-12-19,2025-12-19
4b25ea,7.4927,46.9177,1766150747,563.88,29.91,FALSE,NA,4b25ea_2025-12-19 13:58:47,2025-12-19,2025-12-19
4b25ea,7.5223,46.9185,1766150927,975.36,42.2,FALSE,NA,4b25ea_2025-12-19 13:58:47,2025-12-19,2025-12-19
4b25ea,7.454,46.9473,1766151107,944.88,42.33,FALSE,NA,4b25ea_2025-12-19 13:58:47,2025-12-19,2025-12-19
3d602e,6.6165,46.5439,1766151690,670.56,46.92,FALSE,NA,3d602e_2025-12-19 14:41:30,2025-12-19,2025-12-19
3d602e,6.5361,46.6009,1766151870,2202.18,86.87,FALSE,NA,3d602e_2025-12-19 14:41:30,2025-12-19,2025-12-19
3d602e,6.4312,46.7651,1766152050,3246.12,102.95,FALSE,NA,3d602e_2025-12-19 14:41:30,2025-12-19,2025-12-19
3d602e,6.3343,46.916,1766152230,4442.46,105.25,FALSE,NA,3d602e_2025-12-19 14:41:30,2025-12-19,2025-12-19
3d602e,6.2354,47.0693,1766152410,5433.06,103.12,FALSE,NA,3d602e_2025-12-19 14:41:30,2025-12-19,2025-12-19
3d602e,6.1378,47.2245,1766152590,6233.16,114.73,FALSE,NA,3d602e_2025-12-19 14:41:30,2025-12-19,2025-12-19
3d602e,6.1367,47.4078,1766152770,6964.68,112.66,FALSE,NA,3d602e_2025-12-19 14:41:30,2025-12-19,2025-12-19
3d602e,6.1361,47.5908,1766152950,7627.62,115.24,FALSE,NA,3d602e_2025-12-19 14:41:30,2025-12-19,2025-12-19
3d602e,6.1358,47.7794,1766153130,8244.84,119.87,FALSE,NA,3d602e_2025-12-19 14:41:30,2025-12-19,2025-12-19
3d602e,6.1352,47.9778,1766153310,8793.48,119.35,FALSE,NA,3d602e_2025-12-19 14:41:30,2025-12-19,2025-12-19
3d602e,6.1346,48.1662,1766153490,9151.62,128.1,FALSE,NA,3d602e_2025-12-19 14:41:30,2025-12-19,2025-12-19
3d602e,6.134,48.381,1766153670,9304.02,139.93,FALSE,NA,3d602e_2025-12-19 14:41:30,2025-12-19,2025-12-19
3d602e,6.1333,48.6107,1766153850,9296.4,146.62,FALSE,NA,3d602e_2025-12-19 14:41:30,2025-12-19,2025-12-19
3d602e,6.1328,48.8539,1766154030,9296.4,147.13,FALSE,NA,3d602e_2025-12-19 14:41:30,2025-12-19,2025-12-19
3d602e,6.132,49.0949,1766154210,9296.4,147.13,FALSE,NA,3d602e_2025-12-19 14:41:30,2025-12-19,2025-12-19
3d602e,6.1312,49.3389,1766154390,9288.78,149.7,FALSE,NA,3d602e_2025-12-19 14:41:30,2025-12-19,2025-12-19
3d602e,6.1661,49.582,1766154570,9288.78,151.74,FALSE,NA,3d602e_2025-12-19 14:41:30,2025-12-19,2025-12-19
3d602e,6.2102,49.8272,1766154750,9281.16,153.34,FALSE,NA,3d602e_2025-12-19 14:41:30,2025-12-19,2025-12-19
3d602e,6.3064,50.0694,1766154930,9281.16,157.5,FALSE,NA,3d602e_2025-12-19 14:41:30,2025-12-19,2025-12-19
3d602e,6.4273,50.3136,1766155110,9273.54,160.42,FALSE,NA,3d602e_2025-12-19 14:41:30,2025-12-19,2025-12-19
3d602e,6.5507,50.5604,1766155290,9265.92,160.91,FALSE,NA,3d602e_2025-12-19 14:41:30,2025-12-19,2025-12-19
3d602e,6.6748,50.8058,1766155470,9265.92,159.44,FALSE,NA,3d602e_2025-12-19 14:41:30,2025-12-19,2025-12-19
3d602e,6.8005,51.0518,1766155650,9265.92,160.08,FALSE,NA,3d602e_2025-12-19 14:41:30,2025-12-19,2025-12-19
3d602e,6.9283,51.299,1766155830,9258.3,161.71,FALSE,NA,3d602e_2025-12-19 14:41:30,2025-12-19,2025-12-19
3d602e,7.0588,51.5484,1766156010,9250.68,163.5,FALSE,NA,3d602e_2025-12-19 14:41:30,2025-12-19,2025-12-19
3d602e,7.1926,51.8013,1766156190,9243.06,166.26,FALSE,NA,3d602e_2025-12-19 14:41:30,2025-12-19,2025-12-19
3d602e,7.3301,52.058,1766156370,9235.44,167.07,FALSE,NA,3d602e_2025-12-19 14:41:30,2025-12-19,2025-12-19
3d602e,7.4694,52.3152,1766156550,9227.82,168.05,FALSE,NA,3d602e_2025-12-19 14:41:30,2025-12-19,2025-12-19
3d602e,7.596,52.5744,1766156730,9227.82,168.53,FALSE,NA,3d602e_2025-12-19 14:41:30,2025-12-19,2025-12-19
3d602e,7.7237,52.8375,1766156910,9220.2,171.63,FALSE,NA,3d602e_2025-12-19 14:41:30,2025-12-19,2025-12-19
3d602e,7.8746,53.102,1766157090,9212.58,174.24,FALSE,NA,3d602e_2025-12-19 14:41:30,2025-12-19,2025-12-19
3d602e,8.0291,53.3676,1766157270,9204.96,174.9,FALSE,NA,3d602e_2025-12-19 14:41:30,2025-12-19,2025-12-19
3d602e,8.1837,53.635,1766157450,9197.34,173.06,FALSE,NA,3d602e_2025-12-19 14:41:30,2025-12-19,2025-12-19
3d602e,8.2917,53.906,1766157630,9182.1,171.82,FALSE,NA,3d602e_2025-12-19 14:41:30,2025-12-19,2025-12-19
3d602e,8.4083,54.1777,1766157810,9113.52,180.58,FALSE,NA,3d602e_2025-12-19 14:41:30,2025-12-19,2025-12-19
3d602e,8.5922,54.4508,1766157990,8153.4,181.41,FALSE,NA,3d602e_2025-12-19 14:41:30,2025-12-19,2025-12-19
3d602e,8.7815,54.725,1766158170,6614.16,181.51,FALSE,NA,3d602e_2025-12-19 14:41:30,2025-12-19,2025-12-19
3d602e,8.97,54.9953,1766158350,5128.26,176.06,FALSE,NA,3d602e_2025-12-19 14:41:30,2025-12-19,2025-12-19
3d602e,9.1507,55.2505,1766158530,3794.76,159.92,FALSE,NA,3d602e_2025-12-19 14:41:30,2025-12-19,2025-12-19
3d602e,9.3126,55.4754,1766158710,2491.74,142.54,FALSE,NA,3d602e_2025-12-19 14:41:30,2025-12-19,2025-12-19
3d602e,9.4626,55.682,1766158890,1356.36,134.03,FALSE,NA,3d602e_2025-12-19 14:41:30,2025-12-19,2025-12-19
3d602e,9.2949,55.7448,1766159070,518.16,61.77,FALSE,NA,3d602e_2025-12-19 14:41:30,2025-12-19,2025-12-19
4b28b1,6.6169,46.5474,1766153424,NA,NA,FALSE,NA,4b28b1_2025-12-19 15:10:24,2025-12-19,2025-12-19
4b28b1,6.6329,46.4873,1766153604,1394.46,52.53,FALSE,NA,4b28b1_2025-12-19 15:10:24,2025-12-19,2025-12-19
4b28b1,6.7773,46.4676,1766153784,1234.44,63.89,FALSE,NA,4b28b1_2025-12-19 15:10:24,2025-12-19,2025-12-19
4b28b1,6.8478,46.4432,1766153964,1257.3,44.27,FALSE,NA,4b28b1_2025-12-19 15:10:24,2025-12-19,2025-12-19
4b28b1,6.7592,46.4795,1766154144,1325.88,62.64,FALSE,NA,4b28b1_2025-12-19 15:10:24,2025-12-19,2025-12-19
4b28b1,6.712,46.5352,1766154324,1257.3,61.13,FALSE,NA,4b28b1_2025-12-19 15:10:24,2025-12-19,2025-12-19
4b28b1,6.5734,46.5488,1766154504,1005.84,57.53,FALSE,NA,4b28b1_2025-12-19 15:10:24,2025-12-19,2025-12-19
4b28b1,6.614,46.5019,1766154684,982.98,46.43,FALSE,NA,4b28b1_2025-12-19 15:10:24,2025-12-19,2025-12-19
4b28b1,6.6073,46.5555,1766154864,830.58,41.2,FALSE,NA,4b28b1_2025-12-19 15:10:24,2025-12-19,2025-12-19
4b28b1,6.616,46.5388,1766155044,685.8,32.48,FALSE,NA,4b28b1_2025-12-19 15:10:24,2025-12-19,2025-12-19
4b28b1,6.6016,46.5259,1766155224,876.3,39.1,FALSE,NA,4b28b1_2025-12-19 15:10:24,2025-12-19,2025-12-19
4b28b1,6.5855,46.5477,1766155404,868.68,57.43,FALSE,NA,4b28b1_2025-12-19 15:10:24,2025-12-19,2025-12-19
4b28b1,6.6174,46.5511,1766155584,731.52,37.13,FALSE,NA,4b28b1_2025-12-19 15:10:24,2025-12-19,2025-12-19
4b28b1,6.5728,46.5984,1766155764,1135.38,55.8,FALSE,NA,4b28b1_2025-12-19 15:10:24,2025-12-19,2025-12-19
4b28b1,6.57,46.5125,1766155944,1021.08,64.39,FALSE,NA,4b28b1_2025-12-19 15:10:24,2025-12-19,2025-12-19
4b28b1,6.6148,46.5264,1766156124,830.58,38.67,FALSE,NA,4b28b1_2025-12-19 15:10:24,2025-12-19,2025-12-19
4b44a3,NA,NA,1766158703,NA,22.64,FALSE,NA,4b44a3_2025-12-19 16:38:23,2025-12-19,2025-12-19
4b44a3,6.6745,46.5754,1766158883,1150.62,61.33,FALSE,NA,4b44a3_2025-12-19 16:38:23,2025-12-19,2025-12-19
4b44a3,6.796,46.5738,1766159063,1089.66,58.24,FALSE,NA,4b44a3_2025-12-19 16:38:23,2025-12-19,2025-12-19
4b44a3,6.9551,46.5764,1766159243,1478.28,60.37,FALSE,NA,4b44a3_2025-12-19 16:38:23,2025-12-19,2025-12-19
4b44a3,7.099,46.5982,1766159423,1539.24,59.54,FALSE,NA,4b44a3_2025-12-19 16:38:23,2025-12-19,2025-12-19
4b3303,6.6181,46.547,1766164303,NA,NA,FALSE,NA,4b3303_2025-12-19 18:11:43,2025-12-19,2025-12-19
4b3303,6.6511,46.5742,1766164483,1165.86,38.52,FALSE,NA,4b3303_2025-12-19 18:11:43,2025-12-19,2025-12-19
4b3303,6.6938,46.5829,1766164663,982.98,12.05,FALSE,NA,4b3303_2025-12-19 18:11:43,2025-12-19,2025-12-19
4b3303,6.6907,46.5812,1766164843,990.6,8.48,FALSE,NA,4b3303_2025-12-19 18:11:43,2025-12-19,2025-12-19
4b3303,6.6907,46.579,1766165023,952.5,4.6,FALSE,NA,4b3303_2025-12-19 18:11:43,2025-12-19,2025-12-19
4b3303,6.685,46.5789,1766165203,960.12,12.23,FALSE,NA,4b3303_2025-12-19 18:11:43,2025-12-19,2025-12-19
4b3303,6.6914,46.582,1766165383,944.88,0,FALSE,NA,4b3303_2025-12-19 18:11:43,2025-12-19,2025-12-19
4b3303,6.6914,46.5819,1766165563,944.88,1.03,FALSE,NA,4b3303_2025-12-19 18:11:43,2025-12-19,2025-12-19
4b3303,6.679,46.5915,1766165743,891.54,11.5,FALSE,NA,4b3303_2025-12-19 18:11:43,2025-12-19,2025-12-19
4b3303,6.6458,46.5881,1766165923,1173.48,46.28,FALSE,NA,4b3303_2025-12-19 18:11:43,2025-12-19,2025-12-19
4b3e2d,NA,NA,1766174747,NA,1.15,FALSE,NA,4b3e2d_2025-12-19 21:05:47,2025-12-19,2025-12-19
4b3e2d,6.7051,46.4655,1766174927,807.72,60.4,FALSE,NA,4b3e2d_2025-12-19 21:05:47,2025-12-19,2025-12-19
4b3e2d,6.8194,46.4025,1766175107,937.26,62.35,FALSE,NA,4b3e2d_2025-12-19 21:05:47,2025-12-19,2025-12-19
4b3e2d,6.9068,46.3307,1766175287,838.2,61.5,FALSE,NA,4b3e2d_2025-12-19 21:05:47,2025-12-19,2025-12-19
4b3303,NA,NA,1766222198,NA,1.63,FALSE,NA,4b3303_2025-12-20 10:16:38,2025-12-20,2025-12-20
4b3303,6.7153,46.5755,1766222378,1264.92,64.21,FALSE,NA,4b3303_2025-12-20 10:16:38,2025-12-20,2025-12-20
4b3303,6.8411,46.6419,1766222558,1264.92,67.5,FALSE,NA,4b3303_2025-12-20 10:16:38,2025-12-20,2025-12-20
4b3303,6.9645,46.7071,1766222738,1257.3,66.06,FALSE,NA,4b3303_2025-12-20 10:16:38,2025-12-20,2025-12-20
4b3303,7.0893,46.773,1766222918,1264.92,65.65,FALSE,NA,4b3303_2025-12-20 10:16:38,2025-12-20,2025-12-20
4b3303,7.2117000000000004,46.8372,1766223098,1264.92,66.06,FALSE,NA,4b3303_2025-12-20 10:16:38,2025-12-20,2025-12-20
4b3303,7.3356,46.9018,1766223278,1112.52,64.62,FALSE,NA,4b3303_2025-12-20 10:16:38,2025-12-20,2025-12-20
4b28b1,6.6165,46.5439,1766231749,670.56,32.99,FALSE,NA,4b28b1_2025-12-20 12:55:49,2025-12-20,2025-12-20
4b28b1,6.627,46.6108,1766231929,1280.16,49.32,FALSE,NA,4b28b1_2025-12-20 12:55:49,2025-12-20,2025-12-20
4b28b1,6.7545,46.6359,1766232109,1402.08,55.34,FALSE,NA,4b28b1_2025-12-20 12:55:49,2025-12-20,2025-12-20
4b28b1,6.8801,46.663,1766232289,1402.08,55.19,FALSE,NA,4b28b1_2025-12-20 12:55:49,2025-12-20,2025-12-20
4b28b1,7.003,46.6899,1766232469,1386.84,55.45,FALSE,NA,4b28b1_2025-12-20 12:55:49,2025-12-20,2025-12-20
4b28b1,7.101,46.734,1766232649,1051.56,44.76,FALSE,NA,4b28b1_2025-12-20 12:55:49,2025-12-20,2025-12-20
4d02bd,6.6167,46.5449,1766235023,NA,NA,FALSE,NA,4d02bd_2025-12-20 13:50:23,2025-12-20,2025-12-20
4d02bd,6.4979,46.5394,1766235203,1463.04,91.99,FALSE,NA,4d02bd_2025-12-20 13:50:23,2025-12-20,2025-12-20
4d02bd,6.3016,46.6344,1766235383,2659.38,101.25,FALSE,NA,4d02bd_2025-12-20 13:50:23,2025-12-20,2025-12-20
4d02bd,6.1156,46.7343,1766235563,4122.42,101.88,FALSE,NA,4d02bd_2025-12-20 13:50:23,2025-12-20,2025-12-20
4d02bd,5.8989,46.8501,1766235743,4838.7,113.3,FALSE,NA,4d02bd_2025-12-20 13:50:23,2025-12-20,2025-12-20
4d02bd,5.6847,46.9638,1766235923,5570.22,131.3,FALSE,NA,4d02bd_2025-12-20 13:50:23,2025-12-20,2025-12-20
4d02bd,5.4213,47.1023,1766236103,5570.22,143.85,FALSE,NA,4d02bd_2025-12-20 13:50:23,2025-12-20,2025-12-20
4d02bd,5.1515,47.2428,1766236283,5562.6,141.78,FALSE,NA,4d02bd_2025-12-20 13:50:23,2025-12-20,2025-12-20
4d02bd,4.9238,47.4239,1766236463,5554.98,150.34,FALSE,NA,4d02bd_2025-12-20 13:50:23,2025-12-20,2025-12-20
4d02bd,4.6978,47.6142,1766236643,5547.36,150.71,FALSE,NA,4d02bd_2025-12-20 13:50:23,2025-12-20,2025-12-20
4d02bd,4.4671,47.7964,1766236823,5547.36,146.31,FALSE,NA,4d02bd_2025-12-20 13:50:23,2025-12-20,2025-12-20
4d02bd,4.2398,47.9743,1766237003,5539.74,144.07,FALSE,NA,4d02bd_2025-12-20 13:50:23,2025-12-20,2025-12-20
4d02bd,4.0125,48.1508,1766237183,5532.12,144.41,FALSE,NA,4d02bd_2025-12-20 13:50:23,2025-12-20,2025-12-20
4d02bd,3.7766,48.3317,1766237363,4351.02,150.22,FALSE,NA,4d02bd_2025-12-20 13:50:23,2025-12-20,2025-12-20
4d02bd,3.55,48.5045,1766237543,2811.78,134.15,FALSE,NA,4d02bd_2025-12-20 13:50:23,2025-12-20,2025-12-20
4d02bd,3.3272,48.6382,1766237723,2164.08,120.61,FALSE,NA,4d02bd_2025-12-20 13:50:23,2025-12-20,2025-12-20
4d02bd,3.0475,48.7085,1766237903,1577.34,122.89,FALSE,NA,4d02bd_2025-12-20 13:50:23,2025-12-20,2025-12-20
4d02bd,2.7722,48.7764,1766238083,1569.72,121.27,FALSE,NA,4d02bd_2025-12-20 13:50:23,2025-12-20,2025-12-20
4d02bd,2.4915,48.8164,1766238263,1562.1,115.65,FALSE,NA,4d02bd_2025-12-20 13:50:23,2025-12-20,2025-12-20
4d02bd,2.2254,48.8318,1766238443,1539.24,101.14,FALSE,NA,4d02bd_2025-12-20 13:50:23,2025-12-20,2025-12-20
4d02bd,2.2335,48.9135,1766238623,899.16,88.09,FALSE,NA,4d02bd_2025-12-20 13:50:23,2025-12-20,2025-12-20
4d02bd,2.384,48.9541,1766238803,274.32,53.98,FALSE,NA,4d02bd_2025-12-20 13:50:23,2025-12-20,2025-12-20
4b1bdd,6.6171,46.5487,1766240428,708.66,36.66,FALSE,NA,4b1bdd_2025-12-20 15:20:28,2025-12-20,2025-12-20
4b1bdd,6.6505,46.5912,1766240608,1249.68,53.88,FALSE,NA,4b1bdd_2025-12-20 15:20:28,2025-12-20,2025-12-20
4b1bdd,6.7369,46.5357,1766240788,1379.22,54.77,FALSE,NA,4b1bdd_2025-12-20 15:20:28,2025-12-20,2025-12-20
4b1bdd,6.7212,46.5271,1766240968,1181.1,55.77,FALSE,NA,4b1bdd_2025-12-20 15:20:28,2025-12-20,2025-12-20
4b1bdd,6.5998,46.5467,1766241148,906.78,54.91,FALSE,NA,4b1bdd_2025-12-20 15:20:28,2025-12-20,2025-12-20
4b1bdd,6.6169,46.5473,1766241328,739.14,40.18,FALSE,NA,4b1bdd_2025-12-20 15:20:28,2025-12-20,2025-12-20
4b1bdd,6.6075,46.5246,1766241508,853.44,41.18,FALSE,NA,4b1bdd_2025-12-20 15:20:28,2025-12-20,2025-12-20
4b1bdd,6.6168,46.5464,1766243620,NA,NA,FALSE,NA,4b1bdd_2025-12-20 16:13:40,2025-12-20,2025-12-20
4b1bdd,6.6583,46.5783,1766243800,1219.2,54.84,FALSE,NA,4b1bdd_2025-12-20 16:13:40,2025-12-20,2025-12-20
4b1bdd,6.7601,46.5219,1766243980,1203.96,56.13,FALSE,NA,4b1bdd_2025-12-20 16:13:40,2025-12-20,2025-12-20
4b1bdd,6.6788,46.5297,1766244160,1112.52,47.9,FALSE,NA,4b1bdd_2025-12-20 16:13:40,2025-12-20,2025-12-20
4b1bdd,6.5884,46.5311,1766244340,868.68,45.51,FALSE,NA,4b1bdd_2025-12-20 16:13:40,2025-12-20,2025-12-20
49d5e2,6.6163,46.5419,1766314563,670.56,52.08,FALSE,NA,49d5e2_2025-12-21 11:56:03,2025-12-21,2025-12-21
49d5e2,6.5781,46.4376,1766314743,2369.82,76.34,FALSE,NA,49d5e2_2025-12-21 11:56:03,2025-12-21,2025-12-21
49d5e2,6.5714,46.3455,1766314923,4130.04,73.41,FALSE,NA,49d5e2_2025-12-21 11:56:03,2025-12-21,2025-12-21
49d5e2,6.7269,46.2717,1766315103,5509.26,82.42,FALSE,NA,49d5e2_2025-12-21 11:56:03,2025-12-21,2025-12-21
49d5e2,6.9237,46.1612,1766315283,5852.16,134.54,FALSE,NA,49d5e2_2025-12-21 11:56:03,2025-12-21,2025-12-21
49d5e2,7.1544,46.0309,1766315463,6461.76,120.29,FALSE,NA,49d5e2_2025-12-21 11:56:03,2025-12-21,2025-12-21
49d5e2,7.3934,45.8904,1766315643,6469.38,139.84,FALSE,NA,49d5e2_2025-12-21 11:56:03,2025-12-21,2025-12-21
49d5e2,7.6376,45.7459,1766315823,6469.38,140.9,FALSE,NA,49d5e2_2025-12-21 11:56:03,2025-12-21,2025-12-21
49d5e2,7.8898,45.602,1766316003,6469.38,140.92,FALSE,NA,49d5e2_2025-12-21 11:56:03,2025-12-21,2025-12-21
49d5e2,8.1414,45.459,1766316183,6469.38,140.2,FALSE,NA,49d5e2_2025-12-21 11:56:03,2025-12-21,2025-12-21
49d5e2,8.3956,45.3153,1766316363,6164.58,141.12,FALSE,NA,49d5e2_2025-12-21 11:56:03,2025-12-21,2025-12-21
49d5e2,8.72,45.3165,1766316543,4297.68,135.3,FALSE,NA,49d5e2_2025-12-21 11:56:03,2025-12-21,2025-12-21
49d5e2,8.8973,45.4781,1766316723,1828.8,121.72,FALSE,NA,49d5e2_2025-12-21 11:56:03,2025-12-21,2025-12-21
49d5e2,9.0114,45.6221,1766316903,647.7,79.42,FALSE,NA,49d5e2_2025-12-21 11:56:03,2025-12-21,2025-12-21
49d5e2,9.17,45.6211,1766317083,640.08,79.61,FALSE,NA,49d5e2_2025-12-21 11:56:03,2025-12-21,2025-12-21
4b3303,6.6181,46.547,1766322696,NA,0,FALSE,NA,4b3303_2025-12-21 14:11:36,2025-12-21,2025-12-21
4b3303,6.6598,46.5045,1766322876,1112.52,61.62,FALSE,NA,4b3303_2025-12-21 14:11:36,2025-12-21,2025-12-21
4b3303,6.7824,46.4554,1766323056,1424.94,60.44,FALSE,NA,4b3303_2025-12-21 14:11:36,2025-12-21,2025-12-21
4b3303,6.896,46.4086,1766323236,1729.74,57.44,FALSE,NA,4b3303_2025-12-21 14:11:36,2025-12-21,2025-12-21
4b3305,NA,NA,1766346974,NA,NA,FALSE,NA,4b3305_2025-12-21 20:56:14,2025-12-21,2025-12-21
4b3305,6.6585,46.4703,1766347154,1264.92,45.8,FALSE,NA,4b3305_2025-12-21 20:56:14,2025-12-21,2025-12-21
4b3305,6.7668,46.4528,1766347334,1257.3,46.58,FALSE,NA,4b3305_2025-12-21 20:56:14,2025-12-21,2025-12-21
4b3305,6.8615,46.4144,1766347514,1089.66,48.62,FALSE,NA,4b3305_2025-12-21 20:56:14,2025-12-21,2025-12-21
4b3305,6.9377,46.3608,1766347694,1333.5,47.16,FALSE,NA,4b3305_2025-12-21 20:56:14,2025-12-21,2025-12-21
4b3305,6.9961,46.3394,1766347874,1813.56,49.49,FALSE,NA,4b3305_2025-12-21 20:56:14,2025-12-21,2025-12-21
4b1bdd,6.6171,46.5493,1766395930,693.42,37.1,FALSE,NA,4b1bdd_2025-12-22 10:32:10,2025-12-22,2025-12-22
4b1bdd,6.5426,46.5946,1766396110,861.06,63.63,FALSE,NA,4b1bdd_2025-12-22 10:32:10,2025-12-22,2025-12-22
4b1bdd,6.6317,46.6395,1766396290,1059.18,50.95,FALSE,NA,4b1bdd_2025-12-22 10:32:10,2025-12-22,2025-12-22
4b1bdd,6.7396,46.6454,1766396470,1310.64,51.41,FALSE,NA,4b1bdd_2025-12-22 10:32:10,2025-12-22,2025-12-22
4b1bdd,6.8582,46.6364,1766396650,1493.52,50.67,FALSE,NA,4b1bdd_2025-12-22 10:32:10,2025-12-22,2025-12-22
4b1bdd,6.9519,46.5896,1766396830,1821.18,44.47,FALSE,NA,4b1bdd_2025-12-22 10:32:10,2025-12-22,2025-12-22
4b1bdd,7.0151,46.553,1766397010,2141.22,53.47,FALSE,NA,4b1bdd_2025-12-22 10:32:10,2025-12-22,2025-12-22
4b1bdd,7.0463,46.4841,1766397190,2346.96,47.67,FALSE,NA,4b1bdd_2025-12-22 10:32:10,2025-12-22,2025-12-22
4b1bdd,7.1081,46.4281,1766397370,2712.72,39.65,FALSE,NA,4b1bdd_2025-12-22 10:32:10,2025-12-22,2025-12-22
4b1bdd,7.1564,46.3729,1766397550,2956.56,41.85,FALSE,NA,4b1bdd_2025-12-22 10:32:10,2025-12-22,2025-12-22
4b1bdd,7.1912,46.3577,1766397730,3048,67.32,FALSE,NA,4b1bdd_2025-12-22 10:32:10,2025-12-22,2025-12-22
4b1bdd,7.0725,46.3248,1766397910,2590.8,59.78,FALSE,NA,4b1bdd_2025-12-22 10:32:10,2025-12-22,2025-12-22
4b1bdd,6.9879,46.4068,1766398090,2232.66,61.64,FALSE,NA,4b1bdd_2025-12-22 10:32:10,2025-12-22,2025-12-22
4b1bdd,6.8659,46.4168,1766398270,1638.3,76.29,FALSE,NA,4b1bdd_2025-12-22 10:32:10,2025-12-22,2025-12-22
4b1bdd,6.7027,46.4443,1766398450,1409.7,68.01,FALSE,NA,4b1bdd_2025-12-22 10:32:10,2025-12-22,2025-12-22
4b1bdd,6.6109,46.4883,1766398630,1097.28,43.73,FALSE,NA,4b1bdd_2025-12-22 10:32:10,2025-12-22,2025-12-22
46316e,6.6166,46.544,1766407239,670.56,46.92,FALSE,NA,46316e_2025-12-22 13:40:39,2025-12-22,2025-12-22
46316e,6.4996,46.551,1766407419,2270.76,86.63,FALSE,NA,46316e_2025-12-22 13:40:39,2025-12-22,2025-12-22
46316e,6.3318,46.639,1766407599,3817.62,97.24,FALSE,NA,46316e_2025-12-22 13:40:39,2025-12-22,2025-12-22
46316e,6.1434,46.7373,1766407779,5074.92,102.48,FALSE,NA,46316e_2025-12-22 13:40:39,2025-12-22,2025-12-22
46316e,5.9408,46.8718,1766407959,5516.88,141.19,FALSE,NA,46316e_2025-12-22 13:40:39,2025-12-22,2025-12-22
46316e,5.701,47.0451,1766408139,5516.88,150.29,FALSE,NA,46316e_2025-12-22 13:40:39,2025-12-22,2025-12-22
46316e,5.455,47.2207,1766408319,5516.88,151.73,FALSE,NA,46316e_2025-12-22 13:40:39,2025-12-22,2025-12-22
46316e,5.2046,47.398,1766408499,5516.88,151.71,FALSE,NA,46316e_2025-12-22 13:40:39,2025-12-22,2025-12-22
46316e,4.9555,47.5725,1766408679,5509.26,147.71,FALSE,NA,46316e_2025-12-22 13:40:39,2025-12-22,2025-12-22
46316e,4.7106,47.7426,1766408859,5509.26,145.51,FALSE,NA,46316e_2025-12-22 13:40:39,2025-12-22,2025-12-22
46316e,4.4627,47.9106,1766409039,5509.26,146.6,FALSE,NA,46316e_2025-12-22 13:40:39,2025-12-22,2025-12-22
46316e,4.2041,48.0836,1766409219,4808.22,157.15,FALSE,NA,46316e_2025-12-22 13:40:39,2025-12-22,2025-12-22
46316e,3.9308,48.265,1766409399,3893.82,155.69,FALSE,NA,46316e_2025-12-22 13:40:39,2025-12-22,2025-12-22
46316e,3.6725,48.4344,1766409579,2964.18,146.61,FALSE,NA,46316e_2025-12-22 13:40:39,2025-12-22,2025-12-22
46316e,3.4178,48.5948,1766409759,2141.22,140.83,FALSE,NA,46316e_2025-12-22 13:40:39,2025-12-22,2025-12-22
46316e,3.1728,48.7468,1766409939,1859.28,132.86,FALSE,NA,46316e_2025-12-22 13:40:39,2025-12-22,2025-12-22
46316e,2.918,48.8397,1766410119,1569.72,121.8,FALSE,NA,46316e_2025-12-22 13:40:39,2025-12-22,2025-12-22
46316e,2.6185,48.8234,1766410299,1569.72,123.89,FALSE,NA,46316e_2025-12-22 13:40:39,2025-12-22,2025-12-22
46316e,2.3148,48.8062,1766410479,1569.72,125.01,FALSE,NA,46316e_2025-12-22 13:40:39,2025-12-22,2025-12-22
46316e,2.0627,48.8346,1766410659,1188.72,97.46,FALSE,NA,46316e_2025-12-22 13:40:39,2025-12-22,2025-12-22
46316e,2.217,48.9092,1766410839,937.26,82.83,FALSE,NA,46316e_2025-12-22 13:40:39,2025-12-22,2025-12-22
46316e,2.379,48.9527,1766411019,289.56,49.58,FALSE,NA,46316e_2025-12-22 13:40:39,2025-12-22,2025-12-22
4b28b1,6.6168,46.5467,1766408823,670.56,31.96,FALSE,NA,4b28b1_2025-12-22 14:07:03,2025-12-22,2025-12-22
4b28b1,6.5905,46.5638,1766409003,891.54,43.22,FALSE,NA,4b28b1_2025-12-22 14:07:03,2025-12-22,2025-12-22
4b28b1,6.6153,46.5307,1766409183,815.34,40.72,FALSE,NA,4b28b1_2025-12-22 14:07:03,2025-12-22,2025-12-22
4b28b1,6.6014,46.5696,1766409363,868.68,41.16,FALSE,NA,4b28b1_2025-12-22 14:07:03,2025-12-22,2025-12-22
4b28b1,6.5997,46.5218,1766409543,853.44,60.82,FALSE,NA,4b28b1_2025-12-22 14:07:03,2025-12-22,2025-12-22
4b28b1,6.6199,46.5655,1766409723,815.34,43.41,FALSE,NA,4b28b1_2025-12-22 14:07:03,2025-12-22,2025-12-22
4b28b1,6.5815,46.5344,1766409903,822.96,59.63,FALSE,NA,4b28b1_2025-12-22 14:07:03,2025-12-22,2025-12-22
4b28b1,6.6172,46.5501,1766410083,685.8,34.61,FALSE,NA,4b28b1_2025-12-22 14:07:03,2025-12-22,2025-12-22
4b28b1,6.587,46.5599,1766410263,861.06,46.94,FALSE,NA,4b28b1_2025-12-22 14:07:03,2025-12-22,2025-12-22
4b39c9,6.616,46.5399,1766410354,693.42,63.53,FALSE,NA,4b39c9_2025-12-22 14:32:34,2025-12-22,2025-12-22
4b39c9,6.4519,46.4497,1766410534,2926.08,97.87,FALSE,NA,4b39c9_2025-12-22 14:32:34,2025-12-22,2025-12-22
4b39c9,6.4377,46.2926,1766410714,5090.16,102.15,FALSE,NA,4b39c9_2025-12-22 14:32:34,2025-12-22,2025-12-22
4b39c9,6.417,46.1108,1766410894,6423.66,140.74,FALSE,NA,4b39c9_2025-12-22 14:32:34,2025-12-22,2025-12-22
4b39c9,6.6472,45.9095,1766411074,6423.66,161.25,FALSE,NA,4b39c9_2025-12-22 14:32:34,2025-12-22,2025-12-22
4b39c9,6.8775,45.7134,1766411254,6423.66,161.71,FALSE,NA,4b39c9_2025-12-22 14:32:34,2025-12-22,2025-12-22
4b39c9,7.1292,45.5156,1766411434,6431.28,162.9,FALSE,NA,4b39c9_2025-12-22 14:32:34,2025-12-22,2025-12-22
4b39c9,7.373,45.321,1766411614,6423.66,161.83,FALSE,NA,4b39c9_2025-12-22 14:32:34,2025-12-22,2025-12-22
4b39c9,7.6164,45.125,1766411794,6423.66,159.7,FALSE,NA,4b39c9_2025-12-22 14:32:34,2025-12-22,2025-12-22
4b39c9,7.8548,44.9313,1766411974,6423.66,157.86,FALSE,NA,4b39c9_2025-12-22 14:32:34,2025-12-22,2025-12-22
4b39c9,8.187,44.8965,1766412154,6423.66,170.97,FALSE,NA,4b39c9_2025-12-22 14:32:34,2025-12-22,2025-12-22
4b39c9,8.5651,44.9587,1766412334,6118.86,159.48,FALSE,NA,4b39c9_2025-12-22 14:32:34,2025-12-22,2025-12-22
4b39c9,8.9166,45.0153,1766412514,4899.66,158.14,FALSE,NA,4b39c9_2025-12-22 14:32:34,2025-12-22,2025-12-22
4b39c9,9.2618,45.0698,1766412694,3977.64,151.16,FALSE,NA,4b39c9_2025-12-22 14:32:34,2025-12-22,2025-12-22
4b39c9,9.4466,45.2307,1766412874,2461.26,130.98,FALSE,NA,4b39c9_2025-12-22 14:32:34,2025-12-22,2025-12-22
4b39c9,9.7413,45.2957,1766413054,2461.26,138.47,FALSE,NA,4b39c9_2025-12-22 14:32:34,2025-12-22,2025-12-22
4b39c9,10.0295,45.308,1766413234,1851.66,116.03,FALSE,NA,4b39c9_2025-12-22 14:32:34,2025-12-22,2025-12-22
4b39c9,9.9692,45.4887,1766413414,1851.66,122.18,FALSE,NA,4b39c9_2025-12-22 14:32:34,2025-12-22,2025-12-22
4b39c9,9.9048,45.6315,1766413594,1074.42,89.96,FALSE,NA,4b39c9_2025-12-22 14:32:34,2025-12-22,2025-12-22
4b3e2d,NA,NA,1766437388,NA,0,FALSE,NA,4b3e2d_2025-12-22 22:03:08,2025-12-22,2025-12-22
4b3e2d,6.6982,46.4912,1766437568,609.6,60.97,FALSE,NA,4b3e2d_2025-12-22 22:03:08,2025-12-22,2025-12-22
4b3e2d,6.8271,46.4187,1766437748,601.98,64.08,FALSE,NA,4b3e2d_2025-12-22 22:03:08,2025-12-22,2025-12-22
4b3e2d,6.9114,46.3299,1766437928,784.86,51.44,FALSE,NA,4b3e2d_2025-12-22 22:03:08,2025-12-22,2025-12-22
461553,6.6167,46.5453,1766475285,670.56,43.29,FALSE,NA,461553_2025-12-23 08:34:45,2025-12-23,2025-12-23
461553,6.5078,46.5334,1766475465,2217.42,84.21,FALSE,NA,461553_2025-12-23 08:34:45,2025-12-23,2025-12-23
461553,6.353,46.4386,1766475645,3901.44,92.97,FALSE,NA,461553_2025-12-23 08:34:45,2025-12-23,2025-12-23
461553,6.1938,46.3409,1766475825,5394.96,94.37,FALSE,NA,461553_2025-12-23 08:34:45,2025-12-23,2025-12-23
461553,5.9909,46.2156,1766476005,5821.68,141.03,FALSE,NA,461553_2025-12-23 08:34:45,2025-12-23,2025-12-23
461553,5.7613,46.0475,1766476185,5821.68,143.4,FALSE,NA,461553_2025-12-23 08:34:45,2025-12-23,2025-12-23
461553,5.5794,45.8556,1766476365,5814.06,140.97,FALSE,NA,461553_2025-12-23 08:34:45,2025-12-23,2025-12-23
461553,5.4,45.6646,1766476545,5806.44,141.69,FALSE,NA,461553_2025-12-23 08:34:45,2025-12-23,2025-12-23
461553,5.304,45.4838,1766476725,6873.24,109.19,FALSE,NA,461553_2025-12-23 08:34:45,2025-12-23,2025-12-23
461553,5.2304,45.289,1766476905,7010.4,135.27,FALSE,NA,461553_2025-12-23 08:34:45,2025-12-23,2025-12-23
461553,5.1489,45.0727,1766477085,7002.78,140.51,FALSE,NA,461553_2025-12-23 08:34:45,2025-12-23,2025-12-23
461553,5.0677,44.8554,1766477265,7033.26,130.04,FALSE,NA,461553_2025-12-23 08:34:45,2025-12-23,2025-12-23
461553,5.0029,44.6801,1766477445,7856.22,104.69,FALSE,NA,461553_2025-12-23 08:34:45,2025-12-23,2025-12-23
461553,4.9416,44.5144,1766477625,8526.78,101.07,FALSE,NA,461553_2025-12-23 08:34:45,2025-12-23,2025-12-23
461553,4.88,44.3454,1766477805,8770.62,118.54,FALSE,NA,461553_2025-12-23 08:34:45,2025-12-23,2025-12-23
461553,4.8102,44.154,1766477985,8763,124.9,FALSE,NA,461553_2025-12-23 08:34:45,2025-12-23,2025-12-23
461553,4.7401,43.9595,1766478165,8755.38,123.28,FALSE,NA,461553_2025-12-23 08:34:45,2025-12-23,2025-12-23
461553,4.671,43.7673,1766478345,8755.38,122.78,FALSE,NA,461553_2025-12-23 08:34:45,2025-12-23,2025-12-23
461553,4.602,43.5738,1766478525,8747.76,123.78,FALSE,NA,461553_2025-12-23 08:34:45,2025-12-23,2025-12-23
461553,4.5341,43.3819,1766478705,8740.14,122.28,FALSE,NA,461553_2025-12-23 08:34:45,2025-12-23,2025-12-23
461553,4.466,43.1886,1766478885,8732.52,123.78,FALSE,NA,461553_2025-12-23 08:34:45,2025-12-23,2025-12-23
461553,4.3975,42.9926,1766479065,8724.9,129.14,FALSE,NA,461553_2025-12-23 08:34:45,2025-12-23,2025-12-23
461553,4.326,42.7871,1766479245,8724.9,133.76,FALSE,NA,461553_2025-12-23 08:34:45,2025-12-23,2025-12-23
461553,4.3091,42.5812,1766479425,8709.66,127.3,FALSE,NA,461553_2025-12-23 08:34:45,2025-12-23,2025-12-23
461553,4.2219,42.3758,1766479605,8702.04,136.81,FALSE,NA,461553_2025-12-23 08:34:45,2025-12-23,2025-12-23
461553,4.1115,42.1633,1766479785,8694.42,139.29,FALSE,NA,461553_2025-12-23 08:34:45,2025-12-23,2025-12-23
461553,4.0119,41.9501,1766479965,8679.18,138.29,FALSE,NA,461553_2025-12-23 08:34:45,2025-12-23,2025-12-23
461553,3.9166,41.7422,1766480145,8671.56,134.23,FALSE,NA,461553_2025-12-23 08:34:45,2025-12-23,2025-12-23
461553,3.82,41.5297,1766480325,8663.94,140.07,FALSE,NA,461553_2025-12-23 08:34:45,2025-12-23,2025-12-23
461553,3.7266,41.322,1766480505,8663.94,132.75,FALSE,NA,461553_2025-12-23 08:34:45,2025-12-23,2025-12-23
461553,3.6342,41.1152,1766480685,8656.32,138.93,FALSE,NA,461553_2025-12-23 08:34:45,2025-12-23,2025-12-23
461553,3.5387,40.9001,1766480865,8656.32,142.84,FALSE,NA,461553_2025-12-23 08:34:45,2025-12-23,2025-12-23
461553,3.4403,40.6768,1766481045,8648.7,148.69,FALSE,NA,461553_2025-12-23 08:34:45,2025-12-23,2025-12-23
461553,3.3384,40.4438,1766481225,8641.08,152.92,FALSE,NA,461553_2025-12-23 08:34:45,2025-12-23,2025-12-23
461553,3.2344,40.2047,1766481405,8633.46,159.27,FALSE,NA,461553_2025-12-23 08:34:45,2025-12-23,2025-12-23
461553,3.1299,39.9623,1766481585,8641.08,156.01,FALSE,NA,461553_2025-12-23 08:34:45,2025-12-23,2025-12-23
461553,2.975,39.7354,1766481765,8641.08,159.15,FALSE,NA,461553_2025-12-23 08:34:45,2025-12-23,2025-12-23
461553,2.8134,39.5119,1766481945,7863.84,154.05,FALSE,NA,461553_2025-12-23 08:34:45,2025-12-23,2025-12-23
461553,2.6013,39.3361,1766482125,6492.24,146.23,FALSE,NA,461553_2025-12-23 08:34:45,2025-12-23,2025-12-23
461553,2.3418,39.226,1766482305,4792.98,139.02,FALSE,NA,461553_2025-12-23 08:34:45,2025-12-23,2025-12-23
461553,2.0865,39.1412,1766482485,3436.62,127.2,FALSE,NA,461553_2025-12-23 08:34:45,2025-12-23,2025-12-23
461553,1.8504,39.0624,1766482665,2415.54,119.63,FALSE,NA,461553_2025-12-23 08:34:45,2025-12-23,2025-12-23
4b3305,6.6409,46.5247,1766475452,655.32,10.91,FALSE,NA,4b3305_2025-12-23 08:37:32,2025-12-23,2025-12-23
4b3305,6.6182,46.547,1766475632,NA,0,FALSE,NA,4b3305_2025-12-23 08:37:32,2025-12-23,2025-12-23
4b3305,6.6182,46.547,1766475812,NA,0,FALSE,NA,4b3305_2025-12-23 08:37:32,2025-12-23,2025-12-23
4b3305,6.633,46.5446,1766475992,853.44,38.41,FALSE,NA,4b3305_2025-12-23 08:37:32,2025-12-23,2025-12-23
4b3305,6.7326,46.5045,1766476172,1325.88,48.8,FALSE,NA,4b3305_2025-12-23 08:37:32,2025-12-23,2025-12-23
4b3305,6.8265,46.4597,1766476352,1790.7,49.1,FALSE,NA,4b3305_2025-12-23 08:37:32,2025-12-23,2025-12-23
4b3305,6.9308,46.4101,1766476532,2202.18,62.93,FALSE,NA,4b3305_2025-12-23 08:37:32,2025-12-23,2025-12-23
4b3305,7.0227,46.3624,1766476712,2293.62,62.33,FALSE,NA,4b3305_2025-12-23 08:37:32,2025-12-23,2025-12-23
4b3305,7.1513,46.3013,1766476892,2651.76,42.99,FALSE,NA,4b3305_2025-12-23 08:37:32,2025-12-23,2025-12-23
4b27c0,6.6165,46.5438,1766501035,662.94,31.96,FALSE,NA,4b27c0_2025-12-23 15:43:55,2025-12-23,2025-12-23
4b27c0,6.5277,46.5284,1766501215,1371.6,54.99,FALSE,NA,4b27c0_2025-12-23 15:43:55,2025-12-23,2025-12-23
4b27c0,6.43,46.4663,1766501395,1996.44,60.05,FALSE,NA,4b27c0_2025-12-23 15:43:55,2025-12-23,2025-12-23
4b27c0,6.2983,46.5101,1766501575,2407.92,73.92,FALSE,NA,4b27c0_2025-12-23 15:43:55,2025-12-23,2025-12-23
4b27c0,6.1625,46.5975,1766501755,2392.68,81.51,FALSE,NA,4b27c0_2025-12-23 15:43:55,2025-12-23,2025-12-23
4b27c0,6.0237,46.6867,1766501935,2392.68,80.08,FALSE,NA,4b27c0_2025-12-23 15:43:55,2025-12-23,2025-12-23
4b27c0,5.8895,46.7774,1766502115,2392.68,78.94,FALSE,NA,4b27c0_2025-12-23 15:43:55,2025-12-23,2025-12-23
4b27c0,5.7786,46.8813,1766502295,2392.68,79.96,FALSE,NA,4b27c0_2025-12-23 15:43:55,2025-12-23,2025-12-23
4b27c0,5.6673,46.9859,1766502475,2392.68,79.13,FALSE,NA,4b27c0_2025-12-23 15:43:55,2025-12-23,2025-12-23
4b27c0,5.5562,47.0897,1766502655,2392.68,79.24,FALSE,NA,4b27c0_2025-12-23 15:43:55,2025-12-23,2025-12-23
4b27c0,5.4452,47.1929,1766502835,2392.68,79.96,FALSE,NA,4b27c0_2025-12-23 15:43:55,2025-12-23,2025-12-23
4b27c0,5.333,47.2966,1766503015,2400.3,79.74,FALSE,NA,4b27c0_2025-12-23 15:43:55,2025-12-23,2025-12-23
4b27c0,5.2199,47.4008,1766503195,2400.3,80.26,FALSE,NA,4b27c0_2025-12-23 15:43:55,2025-12-23,2025-12-23
4b27c0,5.1061,47.5051,1766503375,2400.3,80.26,FALSE,NA,4b27c0_2025-12-23 15:43:55,2025-12-23,2025-12-23
4b27c0,4.9913,47.6097,1766503555,2400.3,80.15,FALSE,NA,4b27c0_2025-12-23 15:43:55,2025-12-23,2025-12-23
4b27c0,4.8638,47.7079,1766503735,2400.3,81.8,FALSE,NA,4b27c0_2025-12-23 15:43:55,2025-12-23,2025-12-23
4b27c0,4.7076,47.789,1766503915,2308.86,88.8,FALSE,NA,4b27c0_2025-12-23 15:43:55,2025-12-23,2025-12-23
4b3303,6.6182,46.5472,1766571778,670.56,0,FALSE,NA,4b3303_2025-12-24 11:22:58,2025-12-24,2025-12-24
4b3303,6.6158,46.5892,1766571958,853.44,47.89,FALSE,NA,4b3303_2025-12-24 11:22:58,2025-12-24,2025-12-24
4b3303,6.6376,46.6635,1766572138,853.44,47.02,FALSE,NA,4b3303_2025-12-24 11:22:58,2025-12-24,2025-12-24
4b3303,6.6907,46.7291,1766572318,861.06,49.97,FALSE,NA,4b3303_2025-12-24 11:22:58,2025-12-24,2025-12-24
4b3303,6.7447,46.7957,1766572498,739.14,42.82,FALSE,NA,4b3303_2025-12-24 11:22:58,2025-12-24,2025-12-24
4b3303,6.8081,46.8453,1766572678,556.26,40.77,FALSE,NA,4b3303_2025-12-24 11:22:58,2025-12-24,2025-12-24
4b3303,6.8678,46.88,1766572858,556.26,28.96,FALSE,NA,4b3303_2025-12-24 11:22:58,2025-12-24,2025-12-24
4b3303,6.8297,46.8522,1766573038,556.26,30.59,FALSE,NA,4b3303_2025-12-24 11:22:58,2025-12-24,2025-12-24
4b3303,6.8047,46.8384,1766573218,548.64,34.39,FALSE,NA,4b3303_2025-12-24 11:22:58,2025-12-24,2025-12-24
4b3303,6.7967,46.8451,1766573398,548.64,17.92,FALSE,NA,4b3303_2025-12-24 11:22:58,2025-12-24,2025-12-24
4b3303,6.8345,46.8659,1766573578,556.26,22.34,FALSE,NA,4b3303_2025-12-24 11:22:58,2025-12-24,2025-12-24
4b3303,6.8201,46.864,1766573758,548.64,23.67,FALSE,NA,4b3303_2025-12-24 11:22:58,2025-12-24,2025-12-24
4b3303,6.7999,46.8553,1766573938,541.02,30.69,FALSE,NA,4b3303_2025-12-24 11:22:58,2025-12-24,2025-12-24
4b3e2d,6.6409,46.5246,1766629786,NA,NA,FALSE,NA,4b3e2d_2025-12-25 03:29:46,2025-12-25,2025-12-25
4b3e2d,6.6826,46.5022,1766629966,929.64,55.47,FALSE,NA,4b3e2d_2025-12-25 03:29:46,2025-12-25,2025-12-25
4b3e2d,6.8014,46.4592,1766630146,937.26,57.59,FALSE,NA,4b3e2d_2025-12-25 03:29:46,2025-12-25,2025-12-25
4b3e2d,6.8763,46.376,1766630326,982.98,61.07,FALSE,NA,4b3e2d_2025-12-25 03:29:46,2025-12-25,2025-12-25
4b3e2d,6.9397,46.2841,1766630506,1120.14,59.66,FALSE,NA,4b3e2d_2025-12-25 03:29:46,2025-12-25,2025-12-25
4b3303,6.6181,46.547,1766668480,NA,0,FALSE,NA,4b3303_2025-12-25 14:14:40,2025-12-25,2025-12-25
4b3303,6.6914,46.5266,1766668660,990.6,55.69,FALSE,NA,4b3303_2025-12-25 14:14:40,2025-12-25,2025-12-25
4b3303,6.778,46.4889,1766668840,982.98,57.62,FALSE,NA,4b3303_2025-12-25 14:14:40,2025-12-25,2025-12-25
4b3303,6.778,46.4889,1766669020,982.98,57.62,FALSE,NA,4b3303_2025-12-25 14:14:40,2025-12-25,2025-12-25
4b3303,6.9141,46.3513,1766669200,1280.16,47.98,FALSE,NA,4b3303_2025-12-25 14:14:40,2025-12-25,2025-12-25
4b3d0a,NA,NA,1766679212,NA,14.33,FALSE,NA,4b3d0a_2025-12-25 17:13:32,2025-12-25,2025-12-25
4b3d0a,6.7381,46.4561,1766679392,609.6,69.37,FALSE,NA,4b3d0a_2025-12-25 17:13:32,2025-12-25,2025-12-25
4b3d0a,6.8649,46.3802,1766679572,647.7,71.69,FALSE,NA,4b3d0a_2025-12-25 17:13:32,2025-12-25,2025-12-25
4b3d0a,6.954,46.285,1766679752,708.66,71.47,FALSE,NA,4b3d0a_2025-12-25 17:13:32,2025-12-25,2025-12-25
4b3d0a,7.0016,46.2173,1766679932,1783.08,48.75,FALSE,NA,4b3d0a_2025-12-25 17:13:32,2025-12-25,2025-12-25
461fbd,6.6167,46.5461,1766734715,NA,NA,FALSE,NA,461fbd_2025-12-26 08:38:35,2025-12-26,2025-12-26
461fbd,6.495,46.5841,1766734895,1737.36,102.22,FALSE,NA,461fbd_2025-12-26 08:38:35,2025-12-26,2025-12-26
461fbd,6.3149,46.49,1766735075,3512.82,94.92,FALSE,NA,461fbd_2025-12-26 08:38:35,2025-12-26,2025-12-26
461fbd,6.1471,46.3823,1766735255,4663.44,116.79,FALSE,NA,461fbd_2025-12-26 08:38:35,2025-12-26,2025-12-26
461fbd,5.9461,46.2201,1766735435,4914.9,130.25,FALSE,NA,461fbd_2025-12-26 08:38:35,2025-12-26,2025-12-26
461fbd,5.7302,46.0655,1766735615,5364.48,135.69,FALSE,NA,461fbd_2025-12-26 08:38:35,2025-12-26,2025-12-26
461fbd,5.5059,45.9182,1766735795,5867.4,134.85,FALSE,NA,461fbd_2025-12-26 08:38:35,2025-12-26,2025-12-26
461fbd,5.3703,45.7175,1766735975,6073.14,131.65,FALSE,NA,461fbd_2025-12-26 08:38:35,2025-12-26,2025-12-26
461fbd,5.3047,45.5185,1766736155,6469.38,135.32,FALSE,NA,461fbd_2025-12-26 08:38:35,2025-12-26,2025-12-26
461fbd,5.311,45.2944,1766736335,6469.38,139.44,FALSE,NA,461fbd_2025-12-26 08:38:35,2025-12-26,2025-12-26
461fbd,5.3172,45.0681,1766736515,6469.38,139.44,FALSE,NA,461fbd_2025-12-26 08:38:35,2025-12-26,2025-12-26
461fbd,5.3234,44.8426,1766736695,6469.38,138.92,FALSE,NA,461fbd_2025-12-26 08:38:35,2025-12-26,2025-12-26
461fbd,5.3294,44.62,1766736875,6469.38,136.35,FALSE,NA,461fbd_2025-12-26 08:38:35,2025-12-26,2025-12-26
461fbd,5.3353,44.3986,1766737055,6469.38,136.36,FALSE,NA,461fbd_2025-12-26 08:38:35,2025-12-26,2025-12-26
461fbd,5.4418,44.1994,1766737235,6469.38,133.91,FALSE,NA,461fbd_2025-12-26 08:38:35,2025-12-26,2025-12-26
461fbd,5.581,44.0064,1766737415,6347.46,137.82,FALSE,NA,461fbd_2025-12-26 08:38:35,2025-12-26,2025-12-26
461fbd,5.6788,43.7916,1766737595,5181.6,141.67,FALSE,NA,461fbd_2025-12-26 08:38:35,2025-12-26,2025-12-26
461fbd,5.7427,43.5799,1766737775,3886.2,129.85,FALSE,NA,461fbd_2025-12-26 08:38:35,2025-12-26,2025-12-26
461fbd,5.7948,43.3796,1766737955,3733.8,125.21,FALSE,NA,461fbd_2025-12-26 08:38:35,2025-12-26,2025-12-26
461fbd,5.9444,43.2251,1766738135,2735.58,112.8,FALSE,NA,461fbd_2025-12-26 08:38:35,2025-12-26,2025-12-26
46316e,6.6167,46.5459,1766740662,670.56,42.78,FALSE,NA,46316e_2025-12-26 10:17:42,2025-12-26,2025-12-26
46316e,6.7014,46.6111,1766740842,1897.38,83.48,FALSE,NA,46316e_2025-12-26 10:17:42,2025-12-26,2025-12-26
46316e,6.8798,46.5602,1766741022,3230.88,85.91,FALSE,NA,46316e_2025-12-26 10:17:42,2025-12-26,2025-12-26
46316e,7.0514,46.6509,1766741202,4457.7,94.4,FALSE,NA,46316e_2025-12-26 10:17:42,2025-12-26,2025-12-26
46316e,7.2274,46.7481,1766741382,5524.5,96.97,FALSE,NA,46316e_2025-12-26 10:17:42,2025-12-26,2025-12-26
46316e,7.4293,46.8587,1766741562,5913.12,131.04,FALSE,NA,46316e_2025-12-26 10:17:42,2025-12-26,2025-12-26
46316e,7.6795,46.9949,1766741742,5913.12,136.99,FALSE,NA,46316e_2025-12-26 10:17:42,2025-12-26,2025-12-26
46316e,7.9338,47.1313,1766741922,5920.74,134.69,FALSE,NA,46316e_2025-12-26 10:17:42,2025-12-26,2025-12-26
46316e,8.173,47.2743,1766742102,5920.74,138.08,FALSE,NA,46316e_2025-12-26 10:17:42,2025-12-26,2025-12-26
46316e,8.3704,47.4521,1766742282,5920.74,136.54,FALSE,NA,46316e_2025-12-26 10:17:42,2025-12-26,2025-12-26
46316e,8.5686,47.6287,1766742462,5928.36,137.26,FALSE,NA,46316e_2025-12-26 10:17:42,2025-12-26,2025-12-26
46316e,8.7043,47.8287,1766742642,5935.98,147.36,FALSE,NA,46316e_2025-12-26 10:17:42,2025-12-26,2025-12-26
46316e,8.7218,48.0678,1766742822,5935.98,148.85,FALSE,NA,46316e_2025-12-26 10:17:42,2025-12-26,2025-12-26
46316e,8.7392,48.308,1766743002,5943.6,147.82,FALSE,NA,46316e_2025-12-26 10:17:42,2025-12-26,2025-12-26
46316e,8.7566,48.5456,1766743182,5951.22,146.79,FALSE,NA,46316e_2025-12-26 10:17:42,2025-12-26,2025-12-26
46316e,8.7744,48.7835,1766743362,5852.16,148.85,FALSE,NA,46316e_2025-12-26 10:17:42,2025-12-26,2025-12-26
46316e,8.7917,49.0178,1766743542,4808.22,142.14,FALSE,NA,46316e_2025-12-26 10:17:42,2025-12-26,2025-12-26
46316e,8.8093,49.2485,1766743722,3779.52,140.63,FALSE,NA,46316e_2025-12-26 10:17:42,2025-12-26,2025-12-26
46316e,8.8257,49.4661,1766743902,2682.24,118.46,FALSE,NA,46316e_2025-12-26 10:17:42,2025-12-26,2025-12-26
46316e,8.8387,49.6657,1766744082,1607.82,119.88,FALSE,NA,46316e_2025-12-26 10:17:42,2025-12-26,2025-12-26
46316e,8.7424,49.8082,1766744262,678.18,88.91,FALSE,NA,46316e_2025-12-26 10:17:42,2025-12-26,2025-12-26
46316e,8.6062,49.8773,1766744442,464.82,55.45,FALSE,NA,46316e_2025-12-26 10:17:42,2025-12-26,2025-12-26
46316e,8.6131,49.9591,1766744622,274.32,43.05,FALSE,NA,46316e_2025-12-26 10:17:42,2025-12-26,2025-12-26
4b3303,NA,NA,1766744514,NA,0,FALSE,NA,4b3303_2025-12-26 11:21:54,2025-12-26,2025-12-26
4b3303,6.6195,46.6047,1766744694,1356.36,64.82,FALSE,NA,4b3303_2025-12-26 11:21:54,2025-12-26,2025-12-26
4b3303,6.6234,46.7206,1766744874,1539.24,70.49,FALSE,NA,4b3303_2025-12-26 11:21:54,2025-12-26,2025-12-26
4b3303,6.6268,46.8317,1766745054,1607.82,68.95,FALSE,NA,4b3303_2025-12-26 11:21:54,2025-12-26,2025-12-26
461fbd,6.6166,46.5443,1766750715,NA,NA,FALSE,NA,461fbd_2025-12-26 13:05:15,2025-12-26,2025-12-26
461fbd,6.5663,46.5575,1766750895,2118.36,86.72,FALSE,NA,461fbd_2025-12-26 13:05:15,2025-12-26,2025-12-26
461fbd,6.5428,46.4046,1766751075,3756.66,98.45,FALSE,NA,461fbd_2025-12-26 13:05:15,2025-12-26,2025-12-26
461fbd,6.61,46.2333,1766751255,4930.14,97.16,FALSE,NA,461fbd_2025-12-26 13:05:15,2025-12-26,2025-12-26
461fbd,6.6944,46.0981,1766751435,6477,87.03,FALSE,NA,461fbd_2025-12-26 13:05:15,2025-12-26,2025-12-26
461fbd,6.7709,45.9379,1766751615,7101.84,129.01,FALSE,NA,461fbd_2025-12-26 13:05:15,2025-12-26,2025-12-26
461fbd,6.8684,45.7307,1766751795,7101.84,135.35,FALSE,NA,461fbd_2025-12-26 13:05:15,2025-12-26,2025-12-26
461fbd,6.9673,45.5192,1766751975,7101.84,140.72,FALSE,NA,461fbd_2025-12-26 13:05:15,2025-12-26,2025-12-26
461fbd,7.1135,45.3267,1766752155,7101.84,133.72,FALSE,NA,461fbd_2025-12-26 13:05:15,2025-12-26,2025-12-26
461fbd,7.3702,45.212,1766752335,7101.84,133.88,FALSE,NA,461fbd_2025-12-26 13:05:15,2025-12-26,2025-12-26
461fbd,7.6332,45.0937,1766752515,7101.84,136.72,FALSE,NA,461fbd_2025-12-26 13:05:15,2025-12-26,2025-12-26
461fbd,7.8942,44.9752,1766752695,7094.22,135.14,FALSE,NA,461fbd_2025-12-26 13:05:15,2025-12-26,2025-12-26
461fbd,8.1511,44.8576,1766752875,7094.22,133.13,FALSE,NA,461fbd_2025-12-26 13:05:15,2025-12-26,2025-12-26
461fbd,8.4047,44.7404,1766753055,7094.22,134.27,FALSE,NA,461fbd_2025-12-26 13:05:15,2025-12-26,2025-12-26
461fbd,8.6624,44.6203,1766753235,7094.22,134.84,FALSE,NA,461fbd_2025-12-26 13:05:15,2025-12-26,2025-12-26
461fbd,8.9183,44.5,1766753415,7094.22,135.83,FALSE,NA,461fbd_2025-12-26 13:05:15,2025-12-26,2025-12-26
461fbd,9.175,44.3781,1766753595,7086.6,136.26,FALSE,NA,461fbd_2025-12-26 13:05:15,2025-12-26,2025-12-26
461fbd,9.4313,44.2554,1766753775,7086.6,137.55,FALSE,NA,461fbd_2025-12-26 13:05:15,2025-12-26,2025-12-26
461fbd,9.6882,44.1313,1766753955,7086.6,138.97,FALSE,NA,461fbd_2025-12-26 13:05:15,2025-12-26,2025-12-26
461fbd,9.9477,44.0048,1766754135,7086.6,139.98,FALSE,NA,461fbd_2025-12-26 13:05:15,2025-12-26,2025-12-26
461fbd,10.2085,43.8766,1766754315,7086.6,141.41,FALSE,NA,461fbd_2025-12-26 13:05:15,2025-12-26,2025-12-26
461fbd,10.4721,43.7458,1766754495,7086.6,144.27,FALSE,NA,461fbd_2025-12-26 13:05:15,2025-12-26,2025-12-26
461fbd,10.7372,43.6131,1766754675,7086.6,145.27,FALSE,NA,461fbd_2025-12-26 13:05:15,2025-12-26,2025-12-26
461fbd,11.0033,43.4787,1766754855,7078.98,146.71,FALSE,NA,461fbd_2025-12-26 13:05:15,2025-12-26,2025-12-26
461fbd,11.271,43.3423,1766755035,6591.3,148.43,FALSE,NA,461fbd_2025-12-26 13:05:15,2025-12-26,2025-12-26
461fbd,11.5409,43.2032,1766755215,5692.14,148.73,FALSE,NA,461fbd_2025-12-26 13:05:15,2025-12-26,2025-12-26
461fbd,11.8077,43.0649,1766755395,4678.68,141.73,FALSE,NA,461fbd_2025-12-26 13:05:15,2025-12-26,2025-12-26
461fbd,12.0563,42.9346,1766755575,3550.92,135.33,FALSE,NA,461fbd_2025-12-26 13:05:15,2025-12-26,2025-12-26
461fbd,12.296,42.93,1766755755,2887.98,124.94,FALSE,NA,461fbd_2025-12-26 13:05:15,2025-12-26,2025-12-26
461fbd,12.5028,43.0168,1766755935,1348.74,81.53,FALSE,NA,461fbd_2025-12-26 13:05:15,2025-12-26,2025-12-26
461fbd,12.4978,43.0521,1766756115,579.12,52.79,FALSE,NA,461fbd_2025-12-26 13:05:15,2025-12-26,2025-12-26
461553,6.6167,46.546,1766756170,670.56,45.86,FALSE,NA,461553_2025-12-26 14:36:10,2025-12-26,2025-12-26
461553,6.5319,46.5597,1766756350,1584.96,114.08,FALSE,NA,461553_2025-12-26 14:36:10,2025-12-26,2025-12-26
461553,6.4865,46.3975,1766756530,2552.7,124.5,FALSE,NA,461553_2025-12-26 14:36:10,2025-12-26,2025-12-26
461553,6.2989,46.2438,1766756710,2865.12,126.98,FALSE,NA,461553_2025-12-26 14:36:10,2025-12-26,2025-12-26
461553,6.0868,46.0888,1766756890,2651.76,135.39,FALSE,NA,461553_2025-12-26 14:36:10,2025-12-26,2025-12-26
461553,5.8819,45.9596,1766757070,2019.3,86.69,FALSE,NA,461553_2025-12-26 14:36:10,2025-12-26,2025-12-26
461553,5.8654,45.8174,1766757250,1859.28,95.37,FALSE,NA,461553_2025-12-26 14:36:10,2025-12-26,2025-12-26
4b3303,6.6181,46.547,1766756800,NA,0,FALSE,NA,4b3303_2025-12-26 14:46:40,2025-12-26,2025-12-26
4b3303,6.7025,46.5104,1766756980,1280.16,55.51,FALSE,NA,4b3303_2025-12-26 14:46:40,2025-12-26,2025-12-26
4b3303,6.8223,46.4631,1766757160,1554.48,63.62,FALSE,NA,4b3303_2025-12-26 14:46:40,2025-12-26,2025-12-26
4b3303,6.947,46.4134,1766757340,1775.46,62.21,FALSE,NA,4b3303_2025-12-26 14:46:40,2025-12-26,2025-12-26
4b32fe,NA,NA,1766765891,NA,4.15,FALSE,NA,4b32fe_2025-12-26 17:18:11,2025-12-26,2025-12-26
4b32fe,6.6184,46.547,1766766071,NA,0,FALSE,NA,4b32fe_2025-12-26 17:18:11,2025-12-26,2025-12-26
4b32fe,6.6144,46.5364,1766766251,822.96,47.91,FALSE,NA,4b32fe_2025-12-26 17:18:11,2025-12-26,2025-12-26
4b32fe,6.5061,46.4681,1766766431,655.32,64.31,FALSE,NA,4b32fe_2025-12-26 17:18:11,2025-12-26,2025-12-26
4b32fe,6.3575,46.4465,1766766611,670.56,66.21,FALSE,NA,4b32fe_2025-12-26 17:18:11,2025-12-26,2025-12-26
4b32fe,6.2311,46.3873,1766766791,708.66,64.83,FALSE,NA,4b32fe_2025-12-26 17:18:11,2025-12-26,2025-12-26
4b32fe,6.1124,46.3252,1766766971,746.76,65.51,FALSE,NA,4b32fe_2025-12-26 17:18:11,2025-12-26,2025-12-26
4b32fe,6.0588,46.2571,1766767151,701.04,51.65,FALSE,NA,4b32fe_2025-12-26 17:18:11,2025-12-26,2025-12-26
4b32fe,6.6411,46.5266,1766765906,739.14,24.46,FALSE,NA,4b32fe_2025-12-26 17:18:26,2025-12-26,2025-12-26
4b32fe,6.6184,46.547,1766766086,NA,0,FALSE,NA,4b32fe_2025-12-26 17:18:26,2025-12-26,2025-12-26
4b32fe,6.613,46.5297,1766766266,822.96,54.26,FALSE,NA,4b32fe_2025-12-26 17:18:26,2025-12-26,2025-12-26
4b32fe,6.4948,46.4665,1766766446,662.94,63.27,FALSE,NA,4b32fe_2025-12-26 17:18:26,2025-12-26,2025-12-26
4b32fe,6.3455,46.443600000000004,1766766626,655.32,66.55,FALSE,NA,4b32fe_2025-12-26 17:18:26,2025-12-26,2025-12-26
4b32fe,6.221,46.3823,1766766806,708.66,64.78,FALSE,NA,4b32fe_2025-12-26 17:18:26,2025-12-26,2025-12-26
4b32fe,6.105,46.3203,1766766986,739.14,65.16,FALSE,NA,4b32fe_2025-12-26 17:18:26,2025-12-26,2025-12-26
4b32fe,6.0656,46.2517,1766767166,655.32,56,FALSE,NA,4b32fe_2025-12-26 17:18:26,2025-12-26,2025-12-26
461fbd,6.6169,46.5482,1766914624,701.04,48.97,FALSE,NA,461fbd_2025-12-28 10:37:04,2025-12-28,2025-12-28
461fbd,6.5424,46.5525,1766914804,1691.64,90.01,FALSE,NA,461fbd_2025-12-28 10:37:04,2025-12-28,2025-12-28
461fbd,6.5744,46.4176,1766914984,3474.72,84.35,FALSE,NA,461fbd_2025-12-28 10:37:04,2025-12-28,2025-12-28
461fbd,6.6156,46.2694,1766915164,4937.76,87.98,FALSE,NA,461fbd_2025-12-28 10:37:04,2025-12-28,2025-12-28
461fbd,6.6554,46.1257,1766915344,6271.26,92.72,FALSE,NA,461fbd_2025-12-28 10:37:04,2025-12-28,2025-12-28
461fbd,6.7054,45.9439,1766915524,6614.16,136.21,FALSE,NA,461fbd_2025-12-28 10:37:04,2025-12-28,2025-12-28
461fbd,6.7652,45.7245,1766915704,6614.16,139.33,FALSE,NA,461fbd_2025-12-28 10:37:04,2025-12-28,2025-12-28
461fbd,6.8258,45.5009,1766915884,6614.16,140.35,FALSE,NA,461fbd_2025-12-28 10:37:04,2025-12-28,2025-12-28
461fbd,6.8851,45.2798,1766916064,6606.54,137.72,FALSE,NA,461fbd_2025-12-28 10:37:04,2025-12-28,2025-12-28
461fbd,6.9434,45.0616,1766916244,6606.54,136.62,FALSE,NA,461fbd_2025-12-28 10:37:04,2025-12-28,2025-12-28
461fbd,7.0154,44.8508,1766916424,6598.92,133.76,FALSE,NA,461fbd_2025-12-28 10:37:04,2025-12-28,2025-12-28
461fbd,7.0908,44.6397,1766916604,6598.92,133.26,FALSE,NA,461fbd_2025-12-28 10:37:04,2025-12-28,2025-12-28
461fbd,7.165,44.4308,1766916784,6598.92,134.25,FALSE,NA,461fbd_2025-12-28 10:37:04,2025-12-28,2025-12-28
461fbd,7.2405,44.2168,1766916964,6286.5,137,FALSE,NA,461fbd_2025-12-28 10:37:04,2025-12-28,2025-12-28
461fbd,7.3149,44.0041,1766917144,5486.4,131.01,FALSE,NA,461fbd_2025-12-28 10:37:04,2025-12-28,2025-12-28
461fbd,7.3855,43.8028,1766917324,4084.32,126.52,FALSE,NA,461fbd_2025-12-28 10:37:04,2025-12-28,2025-12-28
461fbd,7.4584,43.6042,1766917504,3505.2,130.04,FALSE,NA,461fbd_2025-12-28 10:37:04,2025-12-28,2025-12-28
461fbd,7.5333,43.4005,1766917684,3505.2,131.03,FALSE,NA,461fbd_2025-12-28 10:37:04,2025-12-28,2025-12-28
461fbd,7.4169,43.2459,1766917864,3276.6,135.6,FALSE,NA,461fbd_2025-12-28 10:37:04,2025-12-28,2025-12-28
461fbd,7.1503,43.2521,1766918044,2156.46,105.73,FALSE,NA,461fbd_2025-12-28 10:37:04,2025-12-28,2025-12-28
461fbd,6.9476,43.272,1766918224,952.5,82.89,FALSE,NA,461fbd_2025-12-28 10:37:04,2025-12-28,2025-12-28
461fbd,6.9874,43.3677,1766918404,662.94,91.51,FALSE,NA,461fbd_2025-12-28 10:37:04,2025-12-28,2025-12-28
461fbd,6.9693,43.4807,1766918584,655.32,58.82,FALSE,NA,461fbd_2025-12-28 10:37:04,2025-12-28,2025-12-28
4b2964,6.6169,46.5492,1766916042,693.42,51.06,FALSE,NA,4b2964_2025-12-28 11:00:42,2025-12-28,2025-12-28
4b2964,6.4858,46.5009,1766916222,1851.66,85.64,FALSE,NA,4b2964_2025-12-28 11:00:42,2025-12-28,2025-12-28
4b2964,6.2908,46.4467,1766916402,3086.1,87.61,FALSE,NA,4b2964_2025-12-28 11:00:42,2025-12-28,2025-12-28
4b2964,6.1853,46.3333,1766916582,4191,88.69,FALSE,NA,4b2964_2025-12-28 11:00:42,2025-12-28,2025-12-28
4b2964,6.0585,46.2094,1766916762,5173.98,98.54,FALSE,NA,4b2964_2025-12-28 11:00:42,2025-12-28,2025-12-28
4b2964,5.8743,46.1037,1766916942,6225.54,101.78,FALSE,NA,4b2964_2025-12-28 11:00:42,2025-12-28,2025-12-28
4b2964,5.6835,45.979,1766917122,6576.06,126.8,FALSE,NA,4b2964_2025-12-28 11:00:42,2025-12-28,2025-12-28
4b2964,5.5354,45.8049,1766917302,6568.44,124.43,FALSE,NA,4b2964_2025-12-28 11:00:42,2025-12-28,2025-12-28
4b2964,5.4208,45.619,1766917482,6568.44,126.72,FALSE,NA,4b2964_2025-12-28 11:00:42,2025-12-28,2025-12-28
4b2964,5.3054,45.4304,1766917662,6560.82,126.05,FALSE,NA,4b2964_2025-12-28 11:00:42,2025-12-28,2025-12-28
4b2964,5.1924,45.2447,1766917842,6560.82,124.22,FALSE,NA,4b2964_2025-12-28 11:00:42,2025-12-28,2025-12-28
4b2964,5.0814,45.061,1766918022,6560.82,123.55,FALSE,NA,4b2964_2025-12-28 11:00:42,2025-12-28,2025-12-28
4b2964,4.9711,44.877,1766918202,6553.2,122.87,FALSE,NA,4b2964_2025-12-28 11:00:42,2025-12-28,2025-12-28
4b2964,4.8621,44.694,1766918382,6545.58,123.35,FALSE,NA,4b2964_2025-12-28 11:00:42,2025-12-28,2025-12-28
4b2964,4.7888,44.5103,1766918562,6545.58,113.21,FALSE,NA,4b2964_2025-12-28 11:00:42,2025-12-28,2025-12-28
4b2964,4.8266,44.338,1766918742,5867.4,100.84,FALSE,NA,4b2964_2025-12-28 11:00:42,2025-12-28,2025-12-28
4b2964,4.9367,44.1963,1766918922,5135.88,101.33,FALSE,NA,4b2964_2025-12-28 11:00:42,2025-12-28,2025-12-28
4b2964,5.0421,44.0508,1766919102,4396.74,100.61,FALSE,NA,4b2964_2025-12-28 11:00:42,2025-12-28,2025-12-28
4b2964,5.1342,43.907,1766919282,3649.98,94.6,FALSE,NA,4b2964_2025-12-28 11:00:42,2025-12-28,2025-12-28
4b2964,5.2251,43.7643,1766919462,2895.6,99.67,FALSE,NA,4b2964_2025-12-28 11:00:42,2025-12-28,2025-12-28
4b2964,5.3166,43.6202,1766919642,2369.82,94.6,FALSE,NA,4b2964_2025-12-28 11:00:42,2025-12-28,2025-12-28
4b2964,5.4069,43.4771,1766919822,1813.56,93.67,FALSE,NA,4b2964_2025-12-28 11:00:42,2025-12-28,2025-12-28
4b2964,5.4891,43.3479,1766920002,1577.34,88.3,FALSE,NA,4b2964_2025-12-28 11:00:42,2025-12-28,2025-12-28
4b2964,5.644,43.2991,1766920182,1280.16,61.43,FALSE,NA,4b2964_2025-12-28 11:00:42,2025-12-28,2025-12-28
4b3303,6.6181,46.547,1766923212,678.18,0,FALSE,NA,4b3303_2025-12-28 13:00:12,2025-12-28,2025-12-28
4b3303,6.6942,46.5119,1766923392,1257.3,54.84,FALSE,NA,4b3303_2025-12-28 13:00:12,2025-12-28,2025-12-28
4b3303,6.7951,46.4614,1766923572,1478.28,55.68,FALSE,NA,4b3303_2025-12-28 13:00:12,2025-12-28,2025-12-28
4b3303,6.9024,46.4077,1766923752,1684.02,58.55,FALSE,NA,4b3303_2025-12-28 13:00:12,2025-12-28,2025-12-28
4b3303,NA,NA,1766927628,NA,22,FALSE,NA,4b3303_2025-12-28 14:13:48,2025-12-28,2025-12-28
4b3303,6.7322,46.5152,1766927808,1242.06,61.57,FALSE,NA,4b3303_2025-12-28 14:13:48,2025-12-28,2025-12-28
4b3303,6.8476,46.5018,1766927988,1379.22,60.56,FALSE,NA,4b3303_2025-12-28 14:13:48,2025-12-28,2025-12-28
4b3303,7.0007,46.4843,1766928168,1836.42,55.74,FALSE,NA,4b3303_2025-12-28 14:13:48,2025-12-28,2025-12-28
4b3302,6.64,46.5241,1766941621,693.42,15.02,FALSE,NA,4b3302_2025-12-28 18:07:01,2025-12-28,2025-12-28
4b3302,6.542,46.4616,1766941801,739.14,61.88,FALSE,NA,4b3302_2025-12-28 18:07:01,2025-12-28,2025-12-28
4b3302,6.4313,46.391,1766941981,769.62,65.16,FALSE,NA,4b3302_2025-12-28 18:07:01,2025-12-28,2025-12-28
4b3302,6.319,46.3165,1766942161,777.24,68.03,FALSE,NA,4b3302_2025-12-28 18:07:01,2025-12-28,2025-12-28
4b3302,6.2067,46.2435,1766942341,815.34,66.95,FALSE,NA,4b3302_2025-12-28 18:07:01,2025-12-28,2025-12-28
4b3302,6.104,46.2373,1766942521,548.64,38.56,FALSE,NA,4b3302_2025-12-28 18:07:01,2025-12-28,2025-12-28
46316e,6.6166,46.5442,1767006288,662.94,51.51,FALSE,NA,46316e_2025-12-29 12:04:48,2025-12-29,2025-12-29
46316e,6.6117,46.4135,1767006468,1790.7,102.89,FALSE,NA,46316e_2025-12-29 12:04:48,2025-12-29,2025-12-29
46316e,6.6153,46.2534,1767006648,3162.3,100.32,FALSE,NA,46316e_2025-12-29 12:04:48,2025-12-29,2025-12-29
46316e,6.6505,46.0888,1767006828,4587.24,107.68,FALSE,NA,46316e_2025-12-29 12:04:48,2025-12-29,2025-12-29
46316e,6.7098,45.9215,1767007008,5783.58,108.18,FALSE,NA,46316e_2025-12-29 12:04:48,2025-12-29,2025-12-29
46316e,6.771,45.7482,1767007188,6690.36,111.8,FALSE,NA,46316e_2025-12-29 12:04:48,2025-12-29,2025-12-29
46316e,6.8342,45.5683,1767007368,7170.42,125.52,FALSE,NA,46316e_2025-12-29 12:04:48,2025-12-29,2025-12-29
46316e,6.9064,45.3613,1767007548,7170.42,133.51,FALSE,NA,46316e_2025-12-29 12:04:48,2025-12-29,2025-12-29
46316e,6.9581,45.1486,1767007728,7170.42,134.07,FALSE,NA,46316e_2025-12-29 12:04:48,2025-12-29,2025-12-29
46316e,6.9918,44.933,1767007908,7162.8,133.56,FALSE,NA,46316e_2025-12-29 12:04:48,2025-12-29,2025-12-29
46316e,7.0316,44.7199,1767008088,7162.8,133.04,FALSE,NA,46316e_2025-12-29 12:04:48,2025-12-29,2025-12-29
46316e,7.0819,44.5083,1767008268,7162.8,132.53,FALSE,NA,46316e_2025-12-29 12:04:48,2025-12-29,2025-12-29
46316e,7.1325,44.2944,1767008448,6758.94,138.79,FALSE,NA,46316e_2025-12-29 12:04:48,2025-12-29,2025-12-29
46316e,7.2277,44.084,1767008628,5943.6,137.4,FALSE,NA,46316e_2025-12-29 12:04:48,2025-12-29,2025-12-29
46316e,7.3508,43.8733,1767008808,4846.32,142.74,FALSE,NA,46316e_2025-12-29 12:04:48,2025-12-29,2025-12-29
46316e,7.5368,43.6873,1767008988,3505.2,135,FALSE,NA,46316e_2025-12-29 12:04:48,2025-12-29,2025-12-29
46316e,7.684,43.5115,1767009168,2186.94,122.87,FALSE,NA,46316e_2025-12-29 12:04:48,2025-12-29,2025-12-29
46316e,7.709,43.3542,1767009348,1356.36,123.95,FALSE,NA,46316e_2025-12-29 12:04:48,2025-12-29,2025-12-29
46316e,7.4397,43.3122,1767009528,960.12,122.65,FALSE,NA,46316e_2025-12-29 12:04:48,2025-12-29,2025-12-29
46316e,7.2501,43.4154,1767009708,960.12,96.72,FALSE,NA,46316e_2025-12-29 12:04:48,2025-12-29,2025-12-29
46316e,7.1579,43.521,1767009888,906.78,85.07,FALSE,NA,46316e_2025-12-29 12:04:48,2025-12-29,2025-12-29
46316e,7.1804,43.631,1767010068,220.98,55.66,FALSE,NA,46316e_2025-12-29 12:04:48,2025-12-29,2025-12-29
4b3303,6.6407,46.5248,1767006300,701.04,12.98,FALSE,NA,4b3303_2025-12-29 12:05:00,2025-12-29,2025-12-29
4b3303,6.5537,46.582,1767006480,723.9,59.34,FALSE,NA,4b3303_2025-12-29 12:05:00,2025-12-29,2025-12-29
4b3303,6.5774,46.6718,1767006660,800.1,59.47,FALSE,NA,4b3303_2025-12-29 12:05:00,2025-12-29,2025-12-29
4b3303,6.6557,46.7498,1767006840,762,56.6,FALSE,NA,4b3303_2025-12-29 12:05:00,2025-12-29,2025-12-29
4b3303,6.7205,46.8333,1767007020,655.32,61.15,FALSE,NA,4b3303_2025-12-29 12:05:00,2025-12-29,2025-12-29
4b3303,6.8158,46.9037,1767007200,662.94,60.78,FALSE,NA,4b3303_2025-12-29 12:05:00,2025-12-29,2025-12-29
4b3303,6.9191,46.9796,1767007380,662.94,60.42,FALSE,NA,4b3303_2025-12-29 12:05:00,2025-12-29,2025-12-29
4b3302,6.6183,46.547,1767008821,662.94,0,FALSE,NA,4b3302_2025-12-29 12:47:01,2025-12-29,2025-12-29
4b3302,6.6162,46.6062,1767009001,807.72,52.41,FALSE,NA,4b3302_2025-12-29 12:47:01,2025-12-29,2025-12-29
4b3302,6.683,46.6775,1767009181,838.2,52.95,FALSE,NA,4b3302_2025-12-29 12:47:01,2025-12-29,2025-12-29
4b3302,6.7352,46.7506,1767009361,777.24,45.39,FALSE,NA,4b3302_2025-12-29 12:47:01,2025-12-29,2025-12-29
4b3302,6.7939,46.8206,1767009541,769.62,57.98,FALSE,NA,4b3302_2025-12-29 12:47:01,2025-12-29,2025-12-29
4b3302,6.9163,46.809,1767009721,708.66,51.61,FALSE,NA,4b3302_2025-12-29 12:47:01,2025-12-29,2025-12-29
4b39c9,6.6175,46.5518,1767017043,739.14,61.13,FALSE,NA,4b39c9_2025-12-29 15:04:03,2025-12-29,2025-12-29
4b39c9,6.5452,46.4939,1767017223,2872.74,97.06,FALSE,NA,4b39c9_2025-12-29 15:04:03,2025-12-29,2025-12-29
4b39c9,6.3495,46.3867,1767017403,4869.18,110.95,FALSE,NA,4b39c9_2025-12-29 15:04:03,2025-12-29,2025-12-29
4b39c9,6.1358,46.2695,1767017583,6644.64,120.11,FALSE,NA,4b39c9_2025-12-29 15:04:03,2025-12-29,2025-12-29
4b39c9,5.8895,46.1337,1767017763,7444.74,163.09,FALSE,NA,4b39c9_2025-12-29 15:04:03,2025-12-29,2025-12-29
4b39c9,5.6045,46.0213,1767017943,9067.8,139.87,FALSE,NA,4b39c9_2025-12-29 15:04:03,2025-12-29,2025-12-29
4b39c9,5.3145,45.9059,1767018123,10180.32,142.31,FALSE,NA,4b39c9_2025-12-29 15:04:03,2025-12-29,2025-12-29
4b39c9,5.027,45.7961,1767018303,11155.68,134.61,FALSE,NA,4b39c9_2025-12-29 15:04:03,2025-12-29,2025-12-29
4b39c9,4.7511,45.6924,1767018483,11750.04,136.81,FALSE,NA,4b39c9_2025-12-29 15:04:03,2025-12-29,2025-12-29
4b39c9,4.4631,45.5793,1767018663,11932.92,155.25,FALSE,NA,4b39c9_2025-12-29 15:04:03,2025-12-29,2025-12-29
4b39c9,4.1336,45.4498,1767018843,11925.3,170.39,FALSE,NA,4b39c9_2025-12-29 15:04:03,2025-12-29,2025-12-29
4b39c9,3.7854,45.3142,1767019023,11917.68,175.6,FALSE,NA,4b39c9_2025-12-29 15:04:03,2025-12-29,2025-12-29
4b39c9,3.4339,45.1708,1767019203,11917.68,178.86,FALSE,NA,4b39c9_2025-12-29 15:04:03,2025-12-29,2025-12-29
4b39c9,3.0815,45.0256,1767019383,11910.06,177.52,FALSE,NA,4b39c9_2025-12-29 15:04:03,2025-12-29,2025-12-29
4b39c9,2.7332,44.88,1767019563,11902.44,178.05,FALSE,NA,4b39c9_2025-12-29 15:04:03,2025-12-29,2025-12-29
4b39c9,2.3832,44.7321,1767019743,11894.82,180.42,FALSE,NA,4b39c9_2025-12-29 15:04:03,2025-12-29,2025-12-29
4b39c9,2.0319,44.5816,1767019923,11887.2,180.69,FALSE,NA,4b39c9_2025-12-29 15:04:03,2025-12-29,2025-12-29
4b39c9,1.6816,44.4299,1767020103,11879.58,182.37,FALSE,NA,4b39c9_2025-12-29 15:04:03,2025-12-29,2025-12-29
4b39c9,1.3309,44.276,1767020283,11879.58,181.76,FALSE,NA,4b39c9_2025-12-29 15:04:03,2025-12-29,2025-12-29
4b39c9,0.986,44.1229,1767020463,11871.96,178.59,FALSE,NA,4b39c9_2025-12-29 15:04:03,2025-12-29,2025-12-29
4b39c9,0.648,43.9709,1767020643,11871.96,176.57,FALSE,NA,4b39c9_2025-12-29 15:04:03,2025-12-29,2025-12-29
4b39c9,0.3139,43.8191,1767020823,11864.34,176.41,FALSE,NA,4b39c9_2025-12-29 15:04:03,2025-12-29,2025-12-29
4b39c9,-0.0168,43.6669,1767021003,11864.34,175.54,FALSE,NA,4b39c9_2025-12-29 15:04:03,2025-12-29,2025-12-29
4b39c9,-0.3359,43.5032,1767021183,11864.34,174.71,FALSE,NA,4b39c9_2025-12-29 15:04:03,2025-12-29,2025-12-29
4b39c9,-0.6401,43.3317,1767021363,11864.34,172.99,FALSE,NA,4b39c9_2025-12-29 15:04:03,2025-12-29,2025-12-29
4b39c9,-0.9428,43.157,1767021543,11864.34,174.75,FALSE,NA,4b39c9_2025-12-29 15:04:03,2025-12-29,2025-12-29
4b39c9,-1.2662,43.0026,1767021723,11856.72,177.71,FALSE,NA,4b39c9_2025-12-29 15:04:03,2025-12-29,2025-12-29
4b39c9,-1.6228,42.8838,1767021903,11856.72,177.5,FALSE,NA,4b39c9_2025-12-29 15:04:03,2025-12-29,2025-12-29
4b39c9,-1.9785,42.764,1767022083,11856.72,178.86,FALSE,NA,4b39c9_2025-12-29 15:04:03,2025-12-29,2025-12-29
4b39c9,-2.335,42.6426,1767022263,11856.72,179.29,FALSE,NA,4b39c9_2025-12-29 15:04:03,2025-12-29,2025-12-29
4b39c9,-2.6896,42.52,1767022443,11856.72,179.04,FALSE,NA,4b39c9_2025-12-29 15:04:03,2025-12-29,2025-12-29
4b39c9,-3.0423,42.3983,1767022623,11856.72,177.03,FALSE,NA,4b39c9_2025-12-29 15:04:03,2025-12-29,2025-12-29
4b39c9,-3.391,42.2787,1767022803,11864.34,174.69,FALSE,NA,4b39c9_2025-12-29 15:04:03,2025-12-29,2025-12-29
4b39c9,-3.7337,42.1598,1767022983,11864.34,173.3,FALSE,NA,4b39c9_2025-12-29 15:04:03,2025-12-29,2025-12-29
4b39c9,-4.0723,42.0407,1767023163,11864.34,172.58,FALSE,NA,4b39c9_2025-12-29 15:04:03,2025-12-29,2025-12-29
4b39c9,-4.4173,41.9344,1767023343,11864.34,170.54,FALSE,NA,4b39c9_2025-12-29 15:04:03,2025-12-29,2025-12-29
4b39c9,-4.7696,41.8521,1767023523,11864.34,170.51,FALSE,NA,4b39c9_2025-12-29 15:04:03,2025-12-29,2025-12-29
4b39c9,-5.121,41.7683,1767023703,11864.34,170.67,FALSE,NA,4b39c9_2025-12-29 15:04:03,2025-12-29,2025-12-29
4b39c9,-5.4713,41.6836,1767023883,11871.96,169.84,FALSE,NA,4b39c9_2025-12-29 15:04:03,2025-12-29,2025-12-29
4b39c9,-5.8232,41.5972,1767024063,11254.74,171.3,FALSE,NA,4b39c9_2025-12-29 15:04:03,2025-12-29,2025-12-29
4b39c9,-6.1758,41.5093,1767024243,10218.42,171.3,FALSE,NA,4b39c9_2025-12-29 15:04:03,2025-12-29,2025-12-29
4b39c9,-6.5171,41.4401,1767024423,9547.86,171.06,FALSE,NA,4b39c9_2025-12-29 15:04:03,2025-12-29,2025-12-29
4b39c9,-6.8481,41.3792,1767024603,8001,168.44,FALSE,NA,4b39c9_2025-12-29 15:04:03,2025-12-29,2025-12-29
4b39c9,-7.1998,41.3133,1767024783,6393.18,161.7,FALSE,NA,4b39c9_2025-12-29 15:04:03,2025-12-29,2025-12-29
4b39c9,-7.5186,41.2525,1767024963,4762.5,150.23,FALSE,NA,4b39c9_2025-12-29 15:04:03,2025-12-29,2025-12-29
4b39c9,-7.8223,41.1937,1767025143,3444.24,145.61,FALSE,NA,4b39c9_2025-12-29 15:04:03,2025-12-29,2025-12-29
4b39c9,-8.1044,41.1061,1767025323,3063.24,139.95,FALSE,NA,4b39c9_2025-12-29 15:04:03,2025-12-29,2025-12-29
4b39c9,-8.3743,41.021,1767025503,1958.34,133.38,FALSE,NA,4b39c9_2025-12-29 15:04:03,2025-12-29,2025-12-29
4b39c9,-8.6215,41.0258,1767025683,1135.38,110.25,FALSE,NA,4b39c9_2025-12-29 15:04:03,2025-12-29,2025-12-29
4b39c9,-8.668,41.1975,1767025863,365.76,79.7,FALSE,NA,4b39c9_2025-12-29 15:04:03,2025-12-29,2025-12-29
4b3303,6.6181,46.547,1767018120,670.56,0,FALSE,NA,4b3303_2025-12-29 15:22:00,2025-12-29,2025-12-29
4b3303,6.7019,46.5229,1767018300,1363.98,58.21,FALSE,NA,4b3303_2025-12-29 15:22:00,2025-12-29,2025-12-29
4b3303,6.8305,46.4789,1767018480,1760.22,61.43,FALSE,NA,4b3303_2025-12-29 15:22:00,2025-12-29,2025-12-29
4b3303,6.9585,46.4353,1767018660,2156.46,60.74,FALSE,NA,4b3303_2025-12-29 15:22:00,2025-12-29,2025-12-29
4b3303,7.0939,46.3892,1767018840,2369.82,64.88,FALSE,NA,4b3303_2025-12-29 15:22:00,2025-12-29,2025-12-29
440daa,6.6168,46.5465,1767018900,NA,NA,FALSE,NA,440daa_2025-12-29 15:35:00,2025-12-29,2025-12-29
440daa,6.6865,46.4519,1767019080,2278.38,90.61,FALSE,NA,440daa_2025-12-29 15:35:00,2025-12-29,2025-12-29
440daa,6.8467,46.5371,1767019260,4023.36,88.22,FALSE,NA,440daa_2025-12-29 15:35:00,2025-12-29,2025-12-29
440daa,7.017,46.6319,1767019440,5402.58,97.7,FALSE,NA,440daa_2025-12-29 15:35:00,2025-12-29,2025-12-29
440daa,7.2046,46.7355,1767019620,6477,105.41,FALSE,NA,440daa_2025-12-29 15:35:00,2025-12-29,2025-12-29
440daa,7.443,46.8334,1767019800,6842.76,137.85,FALSE,NA,440daa_2025-12-29 15:35:00,2025-12-29,2025-12-29
440daa,7.7537,46.9178,1767019980,6842.76,143.68,FALSE,NA,440daa_2025-12-29 15:35:00,2025-12-29,2025-12-29
440daa,8.0705,47.0024,1767020160,6842.76,144.64,FALSE,NA,440daa_2025-12-29 15:35:00,2025-12-29,2025-12-29
440daa,8.3909,47.087,1767020340,6842.76,145.41,FALSE,NA,440daa_2025-12-29 15:35:00,2025-12-29,2025-12-29
440daa,8.714,47.1655,1767020520,7040.88,137.21,FALSE,NA,440daa_2025-12-29 15:35:00,2025-12-29,2025-12-29
440daa,9.0179,47.1981,1767020700,7741.92,131.18,FALSE,NA,440daa_2025-12-29 15:35:00,2025-12-29,2025-12-29
440daa,9.3519,47.2328,1767020880,7741.92,147.18,FALSE,NA,440daa_2025-12-29 15:35:00,2025-12-29,2025-12-29
440daa,9.6981,47.2676,1767021060,7741.92,147.77,FALSE,NA,440daa_2025-12-29 15:35:00,2025-12-29,2025-12-29
440daa,10.0337,47.3309,1767021240,7741.92,146.56,FALSE,NA,440daa_2025-12-29 15:35:00,2025-12-29,2025-12-29
440daa,10.371,47.3948,1767021420,7734.3,147.63,FALSE,NA,440daa_2025-12-29 15:35:00,2025-12-29,2025-12-29
440daa,10.7094,47.456,1767021600,7734.3,145.87,FALSE,NA,440daa_2025-12-29 15:35:00,2025-12-29,2025-12-29
440daa,11.0468,47.516,1767021780,7726.68,146.74,FALSE,NA,440daa_2025-12-29 15:35:00,2025-12-29,2025-12-29
440daa,11.3853,47.575,1767021960,7726.68,145.48,FALSE,NA,440daa_2025-12-29 15:35:00,2025-12-29,2025-12-29
440daa,11.7258,47.6332,1767022140,7719.06,147.98,FALSE,NA,440daa_2025-12-29 15:35:00,2025-12-29,2025-12-29
440daa,12.0703,47.6909,1767022320,7711.44,148.85,FALSE,NA,440daa_2025-12-29 15:35:00,2025-12-29,2025-12-29
440daa,12.4163,47.7478,1767022500,7711.44,148.73,FALSE,NA,440daa_2025-12-29 15:35:00,2025-12-29,2025-12-29
440daa,12.7652,47.8027,1767022680,7703.82,150.97,FALSE,NA,440daa_2025-12-29 15:35:00,2025-12-29,2025-12-29
440daa,13.1293,47.8164,1767022860,7703.82,153.9,FALSE,NA,440daa_2025-12-29 15:35:00,2025-12-29,2025-12-29
440daa,13.4973,47.824,1767023040,7696.2,152.86,FALSE,NA,440daa_2025-12-29 15:35:00,2025-12-29,2025-12-29
440daa,13.8659,47.8305,1767023220,7696.2,153.36,FALSE,NA,440daa_2025-12-29 15:35:00,2025-12-29,2025-12-29
440daa,14.2349,47.8358,1767023400,7688.58,153.33,FALSE,NA,440daa_2025-12-29 15:35:00,2025-12-29,2025-12-29
440daa,14.61,47.8399,1767023580,6682.74,154.35,FALSE,NA,440daa_2025-12-29 15:35:00,2025-12-29,2025-12-29
440daa,14.9907,47.843,1767023760,5181.6,159.48,FALSE,NA,440daa_2025-12-29 15:35:00,2025-12-29,2025-12-29
440daa,15.3756,47.844,1767023940,3505.2,152.3,FALSE,NA,440daa_2025-12-29 15:35:00,2025-12-29,2025-12-29
440daa,15.7348,47.8472,1767024120,2750.82,145.6,FALSE,NA,440daa_2025-12-29 15:35:00,2025-12-29,2025-12-29
440daa,16.0595,47.8533,1767024300,1234.44,107.52,FALSE,NA,440daa_2025-12-29 15:35:00,2025-12-29,2025-12-29
440daa,16.2245,47.8465,1767024480,472.44,41.03,FALSE,NA,440daa_2025-12-29 15:35:00,2025-12-29,2025-12-29
4b3305,6.6409,46.5247,1767022776,NA,0,FALSE,NA,4b3305_2025-12-29 16:39:36,2025-12-29,2025-12-29
4b3305,6.726,46.5026,1767022956,1447.8,68.94,FALSE,NA,4b3305_2025-12-29 16:39:36,2025-12-29,2025-12-29
4b3305,6.8868,46.5012,1767023136,1859.28,71.52,FALSE,NA,4b3305_2025-12-29 16:39:36,2025-12-29,2025-12-29
4b3305,7.0468,46.4958,1767023316,1882.14,63.1,FALSE,NA,4b3305_2025-12-29 16:39:36,2025-12-29,2025-12-29
4b169a,6.5417,46.5294,1767031416,2804.16,137.21,FALSE,NA,4b169a_2025-12-29 19:03:36,2025-12-29,2025-12-29
4b32fd,NA,NA,1767085366,NA,3.25,FALSE,NA,4b32fd_2025-12-30 10:02:46,2025-12-30,2025-12-30
4b32fd,6.6399,46.5937,1767085546,952.5,49.41,FALSE,NA,4b32fd_2025-12-30 10:02:46,2025-12-30,2025-12-30
4b32fd,6.6666,46.6759,1767085726,906.78,52,FALSE,NA,4b32fd_2025-12-30 10:02:46,2025-12-30,2025-12-30
4b32fd,6.7175,46.7521,1767085906,861.06,50.47,FALSE,NA,4b32fd_2025-12-30 10:02:46,2025-12-30,2025-12-30
4b32fd,6.7771,46.8224,1767086086,800.1,50.39,FALSE,NA,4b32fd_2025-12-30 10:02:46,2025-12-30,2025-12-30
4b32fd,6.8413,46.8924,1767086266,807.72,51.53,FALSE,NA,4b32fd_2025-12-30 10:02:46,2025-12-30,2025-12-30
4b32fd,6.9071,46.9638,1767086446,807.72,49.52,FALSE,NA,4b32fd_2025-12-30 10:02:46,2025-12-30,2025-12-30
46316e,6.6168,46.5466,1767088821,670.56,48.46,FALSE,NA,46316e_2025-12-30 11:00:21,2025-12-30,2025-12-30
46316e,6.5089,46.6181,1767089001,2209.8,96.99,FALSE,NA,46316e_2025-12-30 11:00:21,2025-12-30,2025-12-30
46316e,6.3131,46.6815,1767089181,3802.38,93.23,FALSE,NA,46316e_2025-12-30 11:00:21,2025-12-30,2025-12-30
46316e,6.1323,46.7709,1767089361,5143.5,97.36,FALSE,NA,46316e_2025-12-30 11:00:21,2025-12-30,2025-12-30
46316e,5.9214,46.8741,1767089541,5570.22,126.9,FALSE,NA,46316e_2025-12-30 11:00:21,2025-12-30,2025-12-30
46316e,5.6706,46.9963,1767089721,5570.22,131.75,FALSE,NA,46316e_2025-12-30 11:00:21,2025-12-30,2025-12-30
46316e,5.4165,47.1186,1767089901,5577.84,131.03,FALSE,NA,46316e_2025-12-30 11:00:21,2025-12-30,2025-12-30
46316e,5.1628,47.2397,1767090081,5577.84,130.44,FALSE,NA,46316e_2025-12-30 11:00:21,2025-12-30,2025-12-30
46316e,4.9598,47.3921,1767090261,5577.84,127.28,FALSE,NA,46316e_2025-12-30 11:00:21,2025-12-30,2025-12-30
46316e,4.7744,47.5538,1767090441,5577.84,128.01,FALSE,NA,46316e_2025-12-30 11:00:21,2025-12-30,2025-12-30
46316e,4.5762,47.7107,1767090621,5577.84,127.33,FALSE,NA,46316e_2025-12-30 11:00:21,2025-12-30,2025-12-30
46316e,4.377,47.8672,1767090801,5577.84,127.67,FALSE,NA,46316e_2025-12-30 11:00:21,2025-12-30,2025-12-30
46316e,4.172,48.0272,1767090981,4983.48,133.86,FALSE,NA,46316e_2025-12-30 11:00:21,2025-12-30,2025-12-30
46316e,3.9595,48.1916,1767091161,4000.5,133.47,FALSE,NA,46316e_2025-12-30 11:00:21,2025-12-30,2025-12-30
46316e,3.7513,48.3515,1767091341,3276.6,130.91,FALSE,NA,46316e_2025-12-30 11:00:21,2025-12-30,2025-12-30
46316e,3.5447,48.5083,1767091521,2339.34,127.23,FALSE,NA,46316e_2025-12-30 11:00:21,2025-12-30,2025-12-30
46316e,3.3263,48.6517,1767091701,2240.28,124.11,FALSE,NA,46316e_2025-12-30 11:00:21,2025-12-30,2025-12-30
46316e,3.0293,48.7305,1767091881,1592.58,131.63,FALSE,NA,46316e_2025-12-30 11:00:21,2025-12-30,2025-12-30
46316e,2.7246,48.7935,1767092061,1508.76,129.2,FALSE,NA,46316e_2025-12-30 11:00:21,2025-12-30,2025-12-30
46316e,2.4058,48.8127,1767092241,1508.76,132.03,FALSE,NA,46316e_2025-12-30 11:00:21,2025-12-30,2025-12-30
46316e,2.1528,48.8787,1767092421,1051.56,110.16,FALSE,NA,46316e_2025-12-30 11:00:21,2025-12-30,2025-12-30
46316e,2.3422,48.9428,1767092601,449.58,74.32,FALSE,NA,46316e_2025-12-30 11:00:21,2025-12-30,2025-12-30
4b2919,6.6167,46.5458,1767097899,701.04,35.04,FALSE,NA,4b2919_2025-12-30 13:31:39,2025-12-30,2025-12-30
4b2919,6.6126,46.6194,1767098079,975.36,48.69,FALSE,NA,4b2919_2025-12-30 13:31:39,2025-12-30,2025-12-30
4b2919,6.5997,46.6998,1767098259,944.88,53.03,FALSE,NA,4b2919_2025-12-30 13:31:39,2025-12-30,2025-12-30
4b2919,6.5959,46.7799,1767098439,998.22,47.62,FALSE,NA,4b2919_2025-12-30 13:31:39,2025-12-30,2025-12-30
4b2919,6.6688,46.8347,1767098619,998.22,47.49,FALSE,NA,4b2919_2025-12-30 13:31:39,2025-12-30,2025-12-30
4b2919,6.7554,46.8861,1767098799,960.12,50.93,FALSE,NA,4b2919_2025-12-30 13:31:39,2025-12-30,2025-12-30
4b2919,6.8195,46.9274,1767098979,693.42,28.01,FALSE,NA,4b2919_2025-12-30 13:31:39,2025-12-30,2025-12-30
4b3303,6.6409,46.5247,1767102310,NA,0,FALSE,NA,4b3303_2025-12-30 14:45:10,2025-12-30,2025-12-30
4b3303,6.6181,46.547,1767102490,NA,0,FALSE,NA,4b3303_2025-12-30 14:45:10,2025-12-30,2025-12-30
4b3303,6.6181,46.547,1767102670,NA,0,FALSE,NA,4b3303_2025-12-30 14:45:10,2025-12-30,2025-12-30
4b3303,6.643,46.5404,1767102850,1257.3,33.1,FALSE,NA,4b3303_2025-12-30 14:45:10,2025-12-30,2025-12-30
4b3303,6.7332,46.5016,1767103030,1920.24,58.79,FALSE,NA,4b3303_2025-12-30 14:45:10,2025-12-30,2025-12-30
4b3303,6.8522,46.4487,1767103210,2034.54,63.64,FALSE,NA,4b3303_2025-12-30 14:45:10,2025-12-30,2025-12-30
4b3303,6.9747,46.3943,1767103390,2148.84,59.22,FALSE,NA,4b3303_2025-12-30 14:45:10,2025-12-30,2025-12-30
4b3305,NA,NA,1767102939,NA,1.15,FALSE,NA,4b3305_2025-12-30 14:55:39,2025-12-30,2025-12-30
4b3305,6.7154,46.4739,1767103119,1005.84,54.3,FALSE,NA,4b3305_2025-12-30 14:55:39,2025-12-30,2025-12-30
4b3305,6.8158,46.4111,1767103299,990.6,60.8,FALSE,NA,4b3305_2025-12-30 14:55:39,2025-12-30,2025-12-30
4b3305,6.9019,46.3333,1767103479,990.6,58.5,FALSE,NA,4b3305_2025-12-30 14:55:39,2025-12-30,2025-12-30
4b3e2d,NA,NA,1767155256,NA,1.03,FALSE,NA,4b3e2d_2025-12-31 05:27:36,2025-12-31,2025-12-31
4b3e2d,6.713,46.4836,1767155436,1021.08,61.12,FALSE,NA,4b3e2d_2025-12-31 05:27:36,2025-12-31,2025-12-31
4b3e2d,6.8244,46.4173,1767155616,990.6,63.31,FALSE,NA,4b3e2d_2025-12-31 05:27:36,2025-12-31,2025-12-31
4b3e2d,6.9078,46.3397,1767155796,1203.96,57.93,FALSE,NA,4b3e2d_2025-12-31 05:27:36,2025-12-31,2025-12-31
4b3e2d,6.9752,46.2581,1767155976,1074.42,61.67,FALSE,NA,4b3e2d_2025-12-31 05:27:36,2025-12-31,2025-12-31
4b1bdd,6.6169,46.5493,1767167854,708.66,35.02,FALSE,NA,4b1bdd_2025-12-31 08:57:34,2025-12-31,2025-12-31
4b1bdd,6.6217,46.5904,1767168034,1325.88,43.12,FALSE,NA,4b1bdd_2025-12-31 08:57:34,2025-12-31,2025-12-31
4b1bdd,6.7019,46.5486,1767168214,1805.94,43.47,FALSE,NA,4b1bdd_2025-12-31 08:57:34,2025-12-31,2025-12-31
4b1bdd,6.7819,46.4877,1767168394,2019.3,55.8,FALSE,NA,4b1bdd_2025-12-31 08:57:34,2025-12-31,2025-12-31
4b1bdd,6.8565,46.429,1767168574,2407.92,47.24,FALSE,NA,4b1bdd_2025-12-31 08:57:34,2025-12-31,2025-12-31
4b1bdd,6.956,46.4018,1767168754,2583.18,50.51,FALSE,NA,4b1bdd_2025-12-31 08:57:34,2025-12-31,2025-12-31
4b1bdd,7.0498,46.3522,1767168934,2712.72,62.05,FALSE,NA,4b1bdd_2025-12-31 08:57:34,2025-12-31,2025-12-31
4b1bdd,7.0314,46.3352,1767169114,2659.38,65.44,FALSE,NA,4b1bdd_2025-12-31 08:57:34,2025-12-31,2025-12-31
4b1bdd,7.0275,46.3101,1767169294,2781.3,41.87,FALSE,NA,4b1bdd_2025-12-31 08:57:34,2025-12-31,2025-12-31
4b1bdd,7.0409,46.3074,1767169474,2971.8,46.28,FALSE,NA,4b1bdd_2025-12-31 08:57:34,2025-12-31,2025-12-31
4b1bdd,7.0906,46.311,1767169654,3009.9,48.64,FALSE,NA,4b1bdd_2025-12-31 08:57:34,2025-12-31,2025-12-31
4b1bdd,7.2066,46.3218,1767169834,2994.66,56.6,FALSE,NA,4b1bdd_2025-12-31 08:57:34,2025-12-31,2025-12-31
4b1bdd,7.2902,46.3362,1767170014,3055.62,52.32,FALSE,NA,4b1bdd_2025-12-31 08:57:34,2025-12-31,2025-12-31
4b1bdd,7.2656,46.4202,1767170194,2895.6,54.32,FALSE,NA,4b1bdd_2025-12-31 08:57:34,2025-12-31,2025-12-31
4b1bdd,7.2463,46.5015,1767170374,2804.16,55.41,FALSE,NA,4b1bdd_2025-12-31 08:57:34,2025-12-31,2025-12-31
4b1bdd,7.2325,46.5768,1767170554,2598.42,65.4,FALSE,NA,4b1bdd_2025-12-31 08:57:34,2025-12-31,2025-12-31
4b1bdd,7.0735,46.5592,1767170734,2400.3,73.71,FALSE,NA,4b1bdd_2025-12-31 08:57:34,2025-12-31,2025-12-31
4b1bdd,6.9163,46.5151,1767170914,2133.6,72.84,FALSE,NA,4b1bdd_2025-12-31 08:57:34,2025-12-31,2025-12-31
4b1bdd,6.7423,46.5207,1767171094,1485.9,77.29,FALSE,NA,4b1bdd_2025-12-31 08:57:34,2025-12-31,2025-12-31
4b1bdd,6.5943,46.5471,1767171274,883.92,51.88,FALSE,NA,4b1bdd_2025-12-31 08:57:34,2025-12-31,2025-12-31
4b1af2,6.6167,46.5451,1767172703,670.56,34.05,FALSE,NA,4b1af2_2025-12-31 10:18:23,2025-12-31,2025-12-31
4b1af2,6.5635,46.5885,1767172883,1531.62,65.54,FALSE,NA,4b1af2_2025-12-31 10:18:23,2025-12-31,2025-12-31
4b1af2,6.5064,46.4967,1767173063,1493.52,76.53,FALSE,NA,4b1af2_2025-12-31 10:18:23,2025-12-31,2025-12-31
4b1af2,6.5157,46.4895,1767173243,1455.42,69.77,FALSE,NA,4b1af2_2025-12-31 10:18:23,2025-12-31,2025-12-31
4b1af2,6.593,46.4751,1767173423,1562.1,44.25,FALSE,NA,4b1af2_2025-12-31 10:18:23,2025-12-31,2025-12-31
4b1af2,6.6786,46.5079,1767173603,1432.56,46.53,FALSE,NA,4b1af2_2025-12-31 10:18:23,2025-12-31,2025-12-31
4b1af2,6.6936,46.553,1767173783,1379.22,51.32,FALSE,NA,4b1af2_2025-12-31 10:18:23,2025-12-31,2025-12-31
4b1af2,6.7198,46.534,1767173963,1470.66,52.97,FALSE,NA,4b1af2_2025-12-31 10:18:23,2025-12-31,2025-12-31
4b1af2,6.6846,46.6095,1767174143,1485.9,66.54,FALSE,NA,4b1af2_2025-12-31 10:18:23,2025-12-31,2025-12-31
4b1af2,6.5893,46.6706,1767174323,1623.06,56.73,FALSE,NA,4b1af2_2025-12-31 10:18:23,2025-12-31,2025-12-31
4b1af2,6.5593,46.748,1767174503,1501.14,47.43,FALSE,NA,4b1af2_2025-12-31 10:18:23,2025-12-31,2025-12-31
4b1af2,6.6299,46.8043,1767174683,1325.88,45.39,FALSE,NA,4b1af2_2025-12-31 10:18:23,2025-12-31,2025-12-31
4b1af2,6.5931,46.7819,1767174863,1348.74,76.25,FALSE,NA,4b1af2_2025-12-31 10:18:23,2025-12-31,2025-12-31
4b1af2,6.5217,46.6821,1767175043,1386.84,70.03,FALSE,NA,4b1af2_2025-12-31 10:18:23,2025-12-31,2025-12-31
4b1af2,6.4879,46.5685,1767175223,1363.98,69.88,FALSE,NA,4b1af2_2025-12-31 10:18:23,2025-12-31,2025-12-31
4b1af2,6.5566,46.4958,1767175403,1074.42,52.02,FALSE,NA,4b1af2_2025-12-31 10:18:23,2025-12-31,2025-12-31
4b1af2,6.6161,46.5398,1767175583,670.56,32,FALSE,NA,4b1af2_2025-12-31 10:18:23,2025-12-31,2025-12-31
4b28b1,6.6164,46.5423,1767176224,662.94,21.66,FALSE,NA,4b28b1_2025-12-31 11:17:04,2025-12-31,2025-12-31
4b28b1,6.586,46.5893,1767176404,1539.24,47.7,FALSE,NA,4b28b1_2025-12-31 11:17:04,2025-12-31,2025-12-31
4b28b1,6.4778,46.6075,1767176584,2308.86,48.66,FALSE,NA,4b28b1_2025-12-31 11:17:04,2025-12-31,2025-12-31
4b28b1,6.3652,46.6477,1767176764,2491.74,54.88,FALSE,NA,4b28b1_2025-12-31 11:17:04,2025-12-31,2025-12-31
4b28b1,6.2461,46.6978,1767176944,2484.12,60.26,FALSE,NA,4b28b1_2025-12-31 11:17:04,2025-12-31,2025-12-31
4b28b1,6.128,46.7462,1767177124,2484.12,57.88,FALSE,NA,4b28b1_2025-12-31 11:17:04,2025-12-31,2025-12-31
4b28b1,5.9911,46.7747,1767177304,2491.74,63.95,FALSE,NA,4b28b1_2025-12-31 11:17:04,2025-12-31,2025-12-31
4b28b1,5.8457,46.7886,1767177484,2499.36,61.77,FALSE,NA,4b28b1_2025-12-31 11:17:04,2025-12-31,2025-12-31
4b28b1,5.6885,46.8036,1767177664,2186.94,68.61,FALSE,NA,4b28b1_2025-12-31 11:17:04,2025-12-31,2025-12-31
4b28b1,5.5252,46.8192,1767177844,1798.32,73.26,FALSE,NA,4b28b1_2025-12-31 11:17:04,2025-12-31,2025-12-31
4b28b1,5.3572,46.8346,1767178024,1303.02,72.68,FALSE,NA,4b28b1_2025-12-31 11:17:04,2025-12-31,2025-12-31
4b28b1,5.2075,46.8663,1767178204,1021.08,62.67,FALSE,NA,4b28b1_2025-12-31 11:17:04,2025-12-31,2025-12-31
4b28b1,5.2059,46.9299,1767178384,899.16,46.71,FALSE,NA,4b28b1_2025-12-31 11:17:04,2025-12-31,2025-12-31
4b28b1,5.2923,46.9721,1767178564,868.68,48.53,FALSE,NA,4b28b1_2025-12-31 11:17:04,2025-12-31,2025-12-31
4b28b1,5.3785,47.0153,1767178744,434.34,34.57,FALSE,NA,4b28b1_2025-12-31 11:17:04,2025-12-31,2025-12-31
4b3303,6.6181,46.547,1767178385,685.8,0,FALSE,NA,4b3303_2025-12-31 11:53:05,2025-12-31,2025-12-31
4b3303,6.6924,46.5135,1767178565,1417.32,58.67,FALSE,NA,4b3303_2025-12-31 11:53:05,2025-12-31,2025-12-31
4b3303,6.8064,46.4563,1767178745,1455.42,60.29,FALSE,NA,4b3303_2025-12-31 11:53:05,2025-12-31,2025-12-31
4b3303,6.9218,46.3981,1767178925,1714.5,59.57,FALSE,NA,4b3303_2025-12-31 11:53:05,2025-12-31,2025-12-31
4b08c3,6.6164,46.5428,1767179014,NA,NA,FALSE,NA,4b08c3_2025-12-31 12:03:34,2025-12-31,2025-12-31
4b08c3,6.6179,46.6045,1767179194,1424.94,42.3,FALSE,NA,4b08c3_2025-12-31 12:03:34,2025-12-31,2025-12-31
4b08c3,6.7104,46.631100000000004,1767179374,1973.58,59.89,FALSE,NA,4b08c3_2025-12-31 12:03:34,2025-12-31,2025-12-31
4b08c3,6.8617,46.6576,1767179554,1973.58,64.07,FALSE,NA,4b08c3_2025-12-31 12:03:34,2025-12-31,2025-12-31
4b08c3,7.0134,46.6828,1767179734,1973.58,68.9,FALSE,NA,4b08c3_2025-12-31 12:03:34,2025-12-31,2025-12-31
4b08c3,7.168,46.7201,1767179914,2049.78,62.04,FALSE,NA,4b08c3_2025-12-31 12:03:34,2025-12-31,2025-12-31
4b08c3,7.3242,46.7549,1767180094,1958.34,71.94,FALSE,NA,4b08c3_2025-12-31 12:03:34,2025-12-31,2025-12-31
4b08c3,7.4765,46.8029,1767180274,1958.34,71.33,FALSE,NA,4b08c3_2025-12-31 12:03:34,2025-12-31,2025-12-31
4b08c3,7.6271,46.8579,1767180454,1958.34,73.9,FALSE,NA,4b08c3_2025-12-31 12:03:34,2025-12-31,2025-12-31
4b08c3,7.7775,46.9178,1767180634,1958.34,73.91,FALSE,NA,4b08c3_2025-12-31 12:03:34,2025-12-31,2025-12-31
4b08c3,7.9208,46.9876,1767180814,1958.34,75.12,FALSE,NA,4b08c3_2025-12-31 12:03:34,2025-12-31,2025-12-31
4b08c3,8.0611,47.0593,1767180994,1943.1,76.14,FALSE,NA,4b08c3_2025-12-31 12:03:34,2025-12-31,2025-12-31
4b08c3,8.2209,47.1237,1767181174,1691.64,77.56,FALSE,NA,4b08c3_2025-12-31 12:03:34,2025-12-31,2025-12-31
4b08c3,8.3903,47.1691,1767181354,1440.18,78.01,FALSE,NA,4b08c3_2025-12-31 12:03:34,2025-12-31,2025-12-31
4b08c3,8.5683,47.1808,1767181534,1348.74,73.92,FALSE,NA,4b08c3_2025-12-31 12:03:34,2025-12-31,2025-12-31
4b08c3,8.7421,47.191,1767181714,1318.26,75.25,FALSE,NA,4b08c3_2025-12-31 12:03:34,2025-12-31,2025-12-31
4b08c3,8.8778,47.2125,1767181894,800.1,63.87,FALSE,NA,4b08c3_2025-12-31 12:03:34,2025-12-31,2025-12-31
4b08c3,8.8647,47.2045,1767182074,NA,13.53,FALSE,NA,4b08c3_2025-12-31 12:03:34,2025-12-31,2025-12-31
4b08c3,8.9163,47.2135,1767182254,822.96,47.55,FALSE,NA,4b08c3_2025-12-31 12:03:34,2025-12-31,2025-12-31
4b08c3,8.9267,47.1715,1767182434,1082.04,73.57,FALSE,NA,4b08c3_2025-12-31 12:03:34,2025-12-31,2025-12-31
4b08c3,8.9079,47.2116,1767182614,662.94,41.18,FALSE,NA,4b08c3_2025-12-31 12:03:34,2025-12-31,2025-12-31
4b1c63,6.6163,46.5416,1767179177,NA,NA,FALSE,NA,4b1c63_2025-12-31 12:06:17,2025-12-31,2025-12-31
4b1c63,6.6143,46.5974,1767179357,1417.32,43.37,FALSE,NA,4b1c63_2025-12-31 12:06:17,2025-12-31,2025-12-31
4b1c63,6.7021,46.6057,1767179537,1661.16,52.08,FALSE,NA,4b1c63_2025-12-31 12:06:17,2025-12-31,2025-12-31
4b1c63,6.8207,46.6054,1767179717,1661.16,49.9,FALSE,NA,4b1c63_2025-12-31 12:06:17,2025-12-31,2025-12-31
4b1c63,6.9316,46.6032,1767179897,1965.96,42.75,FALSE,NA,4b1c63_2025-12-31 12:06:17,2025-12-31,2025-12-31
4b1c63,7.0442,46.6068,1767180077,2255.52,55.68,FALSE,NA,4b1c63_2025-12-31 12:06:17,2025-12-31,2025-12-31
4b1c63,7.1756,46.5994,1767180257,2270.76,55.68,TRUE,NA,4b1c63_2025-12-31 12:06:17,2025-12-31,2025-12-31
4b1c63,7.3081,46.6009,1767180437,2263.14,57.89,TRUE,NA,4b1c63_2025-12-31 12:06:17,2025-12-31,2025-12-31
4b1c63,7.4316,46.6363,1767180617,2255.52,57.11,FALSE,NA,4b1c63_2025-12-31 12:06:17,2025-12-31,2025-12-31
4b1c63,7.5613,46.6544,1767180797,2247.9,58.15,FALSE,NA,4b1c63_2025-12-31 12:06:17,2025-12-31,2025-12-31
4b1c63,7.6947,46.6631,1767180977,2232.66,60.94,FALSE,NA,4b1c63_2025-12-31 12:06:17,2025-12-31,2025-12-31
4b1c63,7.8333,46.6669,1767181157,2240.28,59.15,FALSE,NA,4b1c63_2025-12-31 12:06:17,2025-12-31,2025-12-31
4b1c63,7.9577,46.7087,1767181337,2240.28,59.59,FALSE,NA,4b1c63_2025-12-31 12:06:17,2025-12-31,2025-12-31
4b1c63,8.0926,46.7398,1767181517,2232.66,60.51,FALSE,NA,4b1c63_2025-12-31 12:06:17,2025-12-31,2025-12-31
4b1c63,8.182,46.8093,1767181697,2225.04,59.59,FALSE,NA,4b1c63_2025-12-31 12:06:17,2025-12-31,2025-12-31
4b1c63,8.2671,46.8867,1767181877,2247.9,60.94,FALSE,NA,4b1c63_2025-12-31 12:06:17,2025-12-31,2025-12-31
4b1c63,8.3757,46.9483,1767182057,2270.76,60.71,FALSE,NA,4b1c63_2025-12-31 12:06:17,2025-12-31,2025-12-31
4b1c63,8.5178,46.9718,1767182237,2247.9,61.55,FALSE,NA,4b1c63_2025-12-31 12:06:17,2025-12-31,2025-12-31
4b1c63,8.6594,46.9935,1767182417,2232.66,62.9,FALSE,NA,4b1c63_2025-12-31 12:06:17,2025-12-31,2025-12-31
4b1c63,8.8009,46.9766,1767182597,2232.66,56.7,FALSE,NA,4b1c63_2025-12-31 12:06:17,2025-12-31,2025-12-31
4b2f91,6.6163,46.542,1767184010,NA,NA,FALSE,NA,4b2f91_2025-12-31 13:26:50,2025-12-31,2025-12-31
4b2f91,6.6451,46.5934,1767184190,1341.12,37.05,FALSE,NA,4b2f91_2025-12-31 13:26:50,2025-12-31,2025-12-31
4b2f91,6.73,46.5622,1767184370,1981.2,46.47,FALSE,NA,4b2f91_2025-12-31 13:26:50,2025-12-31,2025-12-31
4b2f91,6.8312,46.513,1767184550,2270.76,61.23,FALSE,NA,4b2f91_2025-12-31 13:26:50,2025-12-31,2025-12-31
4b2f91,6.9338,46.4583,1767184730,2567.94,57.72,FALSE,NA,4b2f91_2025-12-31 13:26:50,2025-12-31,2025-12-31
4b2f91,6.9914,46.5015,1767184910,2560.32,62.64,FALSE,NA,4b2f91_2025-12-31 13:26:50,2025-12-31,2025-12-31
4b2f91,6.9285,46.6,1767185090,2225.04,69.07,FALSE,NA,4b2f91_2025-12-31 13:26:50,2025-12-31,2025-12-31
4b2f91,6.867,46.7011,1767185270,1783.08,66.95,FALSE,NA,4b2f91_2025-12-31 13:26:50,2025-12-31,2025-12-31
4b2f91,6.7985,46.7992,1767185450,1379.22,62.76,FALSE,NA,4b2f91_2025-12-31 13:26:50,2025-12-31,2025-12-31
4b2f91,6.7844,46.8896,1767185630,1143,52.84,FALSE,NA,4b2f91_2025-12-31 13:26:50,2025-12-31,2025-12-31
4b2f91,6.8355,46.9677,1767185810,1097.28,50.41,FALSE,NA,4b2f91_2025-12-31 13:26:50,2025-12-31,2025-12-31
4b2f91,6.8286,46.9357,1767185990,784.86,33.63,FALSE,NA,4b2f91_2025-12-31 13:26:50,2025-12-31,2025-12-31
4b28b1,6.6163,46.5416,1767186527,NA,NA,FALSE,NA,4b28b1_2025-12-31 14:08:47,2025-12-31,2025-12-31
4b28b1,6.6511,46.595,1767186707,1287.78,49.8,FALSE,NA,4b28b1_2025-12-31 14:08:47,2025-12-31,2025-12-31
4b28b1,6.7602,46.5926,1767186887,1531.62,46.33,FALSE,NA,4b28b1_2025-12-31 14:08:47,2025-12-31,2025-12-31
4b28b1,6.8629,46.5803,1767187067,1752.6,49.59,FALSE,NA,4b28b1_2025-12-31 14:08:47,2025-12-31,2025-12-31
4b28b1,6.956,46.5927,1767187247,1905,62.02,FALSE,NA,4b28b1_2025-12-31 14:08:47,2025-12-31,2025-12-31
4b28b1,6.9331,46.5035,1767187427,2301.24,57.14,FALSE,NA,4b28b1_2025-12-31 14:08:47,2025-12-31,2025-12-31
4b28b1,6.9451,46.4092,1767187607,2659.38,61.77,FALSE,NA,4b28b1_2025-12-31 14:08:47,2025-12-31,2025-12-31
4b28b1,7.0086,46.3731,1767187787,2743.2,58.93,FALSE,NA,4b28b1_2025-12-31 14:08:47,2025-12-31,2025-12-31
4b28b1,7.0622,46.3144,1767187967,2849.88,54.15,FALSE,NA,4b28b1_2025-12-31 14:08:47,2025-12-31,2025-12-31
4b28b1,7.067,46.3888,1767188147,2712.72,60.68,FALSE,NA,4b28b1_2025-12-31 14:08:47,2025-12-31,2025-12-31
4b28b1,7.0093,46.4698,1767188327,2438.4,56.45,FALSE,NA,4b28b1_2025-12-31 14:08:47,2025-12-31,2025-12-31
4b28b1,7.0604,46.5498,1767188507,2423.16,52.65,FALSE,NA,4b28b1_2025-12-31 14:08:47,2025-12-31,2025-12-31
4b28b1,7.0635,46.6114,1767188687,2369.82,64.62,FALSE,NA,4b28b1_2025-12-31 14:08:47,2025-12-31,2025-12-31
4b28b1,6.9147,46.5679,1767188867,1844.04,69.49,FALSE,NA,4b28b1_2025-12-31 14:08:47,2025-12-31,2025-12-31
4b28b1,6.7762,46.5081,1767189047,1394.46,68.22,FALSE,NA,4b28b1_2025-12-31 14:08:47,2025-12-31,2025-12-31
4b28b1,6.6449,46.4919,1767189227,1059.18,45.84,FALSE,NA,4b28b1_2025-12-31 14:08:47,2025-12-31,2025-12-31
4b28b1,6.6154,46.5328,1767189407,739.14,32.04,FALSE,NA,4b28b1_2025-12-31 14:08:47,2025-12-31,2025-12-31
4b1bdd,6.6167,46.5455,1767187041,NA,NA,FALSE,NA,4b1bdd_2025-12-31 14:17:21,2025-12-31,2025-12-31
4b1bdd,6.6035,46.5235,1767187221,883.92,33.44,FALSE,NA,4b1bdd_2025-12-31 14:17:21,2025-12-31,2025-12-31
4b1bdd,6.5897,46.5608,1767187401,937.26,49.26,FALSE,NA,4b1bdd_2025-12-31 14:17:21,2025-12-31,2025-12-31
4b1bdd,6.6158,46.5358,1767187581,701.04,29.88,FALSE,NA,4b1bdd_2025-12-31 14:17:21,2025-12-31,2025-12-31
4b1bdd,6.6194,46.5904,1767187761,1219.2,39.1,FALSE,NA,4b1bdd_2025-12-31 14:17:21,2025-12-31,2025-12-31
4b1bdd,6.6966,46.5808,1767187941,1516.38,56.1,FALSE,NA,4b1bdd_2025-12-31 14:17:21,2025-12-31,2025-12-31
4b1bdd,6.7658,46.4972,1767188121,1615.44,62.5,FALSE,NA,4b1bdd_2025-12-31 14:17:21,2025-12-31,2025-12-31
4b1bdd,6.7621,46.4658,1767188301,1287.78,64.28,FALSE,NA,4b1bdd_2025-12-31 14:17:21,2025-12-31,2025-12-31
4b1bdd,6.6189,46.4846,1767188481,1028.7,60.19,FALSE,NA,4b1bdd_2025-12-31 14:17:21,2025-12-31,2025-12-31
4b25ea,6.6165,46.5441,1767187833,662.94,30.88,FALSE,NA,4b25ea_2025-12-31 14:30:33,2025-12-31,2025-12-31
4b25ea,6.6171,46.599,1767188013,1379.22,31.95,FALSE,NA,4b25ea_2025-12-31 14:30:33,2025-12-31,2025-12-31
4b25ea,6.6975,46.615,1767188193,1531.62,39.13,FALSE,NA,4b25ea_2025-12-31 14:30:33,2025-12-31,2025-12-31
4b25ea,6.7891,46.6275,1767188373,1569.72,41,FALSE,NA,4b25ea_2025-12-31 14:30:33,2025-12-31,2025-12-31
4b25ea,6.8732,46.665,1767188553,1371.6,45.52,FALSE,NA,4b25ea_2025-12-31 14:30:33,2025-12-31,2025-12-31
4b25ea,6.9415,46.7105,1767188733,1280.16,45.27,FALSE,NA,4b25ea_2025-12-31 14:30:33,2025-12-31,2025-12-31
4b25ea,7.0015,46.7639,1767188913,1196.34,47.24,FALSE,NA,4b25ea_2025-12-31 14:30:33,2025-12-31,2025-12-31
4b25ea,7.0452,46.7749,1767189093,1013.46,52.52,FALSE,NA,4b25ea_2025-12-31 14:30:33,2025-12-31,2025-12-31
4b1af2,6.6166,46.5443,1767188013,NA,NA,FALSE,NA,4b1af2_2025-12-31 14:33:33,2025-12-31,2025-12-31
4b1af2,6.6185,46.603,1767188193,1424.94,34.05,FALSE,NA,4b1af2_2025-12-31 14:33:33,2025-12-31,2025-12-31
4b1af2,6.7054,46.597,1767188373,1958.34,48.43,FALSE,NA,4b1af2_2025-12-31 14:33:33,2025-12-31,2025-12-31
4b1af2,6.8244,46.5913,1767188553,2103.12,50.93,FALSE,NA,4b1af2_2025-12-31 14:33:33,2025-12-31,2025-12-31
4b1af2,6.9456,46.5791,1767188733,2240.28,53.65,FALSE,NA,4b1af2_2025-12-31 14:33:33,2025-12-31,2025-12-31
4b1af2,7.044,46.5318,1767188913,2354.58,59.46,FALSE,NA,4b1af2_2025-12-31 14:33:33,2025-12-31,2025-12-31
4b1af2,7.0676,46.4443,1767189093,2423.16,59.04,FALSE,NA,4b1af2_2025-12-31 14:33:33,2025-12-31,2025-12-31
4b1af2,7.1666,46.4013,1767189273,2903.22,46.07,FALSE,NA,4b1af2_2025-12-31 14:33:33,2025-12-31,2025-12-31
4b1af2,7.2368,46.3333,1767189453,3208.02,62.38,FALSE,NA,4b1af2_2025-12-31 14:33:33,2025-12-31,2025-12-31
4b1af2,7.1952,46.248,1767189633,3192.78,66.46,FALSE,NA,4b1af2_2025-12-31 14:33:33,2025-12-31,2025-12-31
4b1af2,7.0819,46.1806,1767189813,3192.78,61.77,FALSE,NA,4b1af2_2025-12-31 14:33:33,2025-12-31,2025-12-31
4b1af2,6.9622,46.131,1767189993,3329.94,51.22,FALSE,NA,4b1af2_2025-12-31 14:33:33,2025-12-31,2025-12-31
4b1af2,6.9089,46.1671,1767190173,3200.4,51.8,FALSE,NA,4b1af2_2025-12-31 14:33:33,2025-12-31,2025-12-31
4b1af2,6.9391,46.1254,1767190353,3223.26,61.66,FALSE,NA,4b1af2_2025-12-31 14:33:33,2025-12-31,2025-12-31
4b1af2,6.9127,46.1644,1767190533,3162.3,46.21,FALSE,NA,4b1af2_2025-12-31 14:33:33,2025-12-31,2025-12-31
4b1af2,6.8537,46.1762,1767190713,2895.6,67.39,FALSE,NA,4b1af2_2025-12-31 14:33:33,2025-12-31,2025-12-31
4b1af2,6.8333,46.243,1767190893,2514.6,57.49,FALSE,NA,4b1af2_2025-12-31 14:33:33,2025-12-31,2025-12-31
4b1af2,6.8911,46.3095,1767191073,1920.24,57.53,FALSE,NA,4b1af2_2025-12-31 14:33:33,2025-12-31,2025-12-31
4b1af2,6.8722,46.3528,1767191253,1737.36,56.92,FALSE,NA,4b1af2_2025-12-31 14:33:33,2025-12-31,2025-12-31
4b1af2,6.9315,46.3233,1767191433,1051.56,53.65,FALSE,NA,4b1af2_2025-12-31 14:33:33,2025-12-31,2025-12-31
4b1af2,6.9154,46.3803,1767191613,1150.62,57.25,FALSE,NA,4b1af2_2025-12-31 14:33:33,2025-12-31,2025-12-31
4b1af2,6.8076,46.4618,1767191793,1188.72,59.13,FALSE,NA,4b1af2_2025-12-31 14:33:33,2025-12-31,2025-12-31
4b1af2,6.6753,46.4783,1767191973,1104.9,52.72,FALSE,NA,4b1af2_2025-12-31 14:33:33,2025-12-31,2025-12-31
4b1af2,6.6149,46.5271,1767192153,792.48,36.62,FALSE,NA,4b1af2_2025-12-31 14:33:33,2025-12-31,2025-12-31
4b1af2,6.5872,46.53,1767192333,883.92,53.03,FALSE,NA,4b1af2_2025-12-31 14:33:33,2025-12-31,2025-12-31
4b1af2,6.593,46.555,1767192513,883.92,50.94,FALSE,NA,4b1af2_2025-12-31 14:33:33,2025-12-31,2025-12-31
4b0618,6.6164,46.5428,1767191341,NA,0,FALSE,NA,4b0618_2025-12-31 15:29:01,2025-12-31,2025-12-31
4b0618,6.6165,46.5953,1767191521,1348.74,32.49,FALSE,NA,4b0618_2025-12-31 15:29:01,2025-12-31,2025-12-31
4b0618,6.673,46.6129,1767191701,1882.14,42.9,FALSE,NA,4b0618_2025-12-31 15:29:01,2025-12-31,2025-12-31
4b0618,6.7429,46.6549,1767191881,2301.24,48.23,FALSE,NA,4b0618_2025-12-31 15:29:01,2025-12-31,2025-12-31
4b0618,6.8485,46.6895,1767192061,2278.38,49.16,FALSE,NA,4b0618_2025-12-31 15:29:01,2025-12-31,2025-12-31
4b0618,6.9618,46.719,1767192241,2263.14,50.99,FALSE,NA,4b0618_2025-12-31 15:29:01,2025-12-31,2025-12-31
4b0618,7.0702,46.748,1767192421,2255.52,50.45,FALSE,NA,4b0618_2025-12-31 15:29:01,2025-12-31,2025-12-31
4b0618,7.1858,46.7726,1767192601,2263.14,51.41,FALSE,NA,4b0618_2025-12-31 15:29:01,2025-12-31,2025-12-31
4b0618,7.2892,46.8106,1767192781,2263.14,49.94,FALSE,NA,4b0618_2025-12-31 15:29:01,2025-12-31,2025-12-31
4b0618,7.3783,46.8656,1767192961,2255.52,51.01,FALSE,NA,4b0618_2025-12-31 15:29:01,2025-12-31,2025-12-31
4b0618,7.4684,46.92,1767193141,2255.52,49.52,FALSE,NA,4b0618_2025-12-31 15:29:01,2025-12-31,2025-12-31
4b0618,7.5582,46.9733,1767193321,2255.52,49.52,FALSE,NA,4b0618_2025-12-31 15:29:01,2025-12-31,2025-12-31
4b0618,7.6506,47.0286,1767193501,2263.14,51.11,FALSE,NA,4b0618_2025-12-31 15:29:01,2025-12-31,2025-12-31
4b0618,7.7501,47.0807,1767193681,1920.24,54.64,FALSE,NA,4b0618_2025-12-31 15:29:01,2025-12-31,2025-12-31
4b0618,7.7675,47.1494,1767193861,1196.34,52.07,FALSE,NA,4b0618_2025-12-31 15:29:01,2025-12-31,2025-12-31
4b0618,7.739,47.1885,1767194041,777.24,38.83,FALSE,NA,4b0618_2025-12-31 15:29:01,2025-12-31,2025-12-31
4b3302,6.6182,46.547,1767193991,NA,0,FALSE,NA,4b3302_2025-12-31 16:13:11,2025-12-31,2025-12-31
4b3302,6.695,46.51,1767194171,960.12,53.94,FALSE,NA,4b3302_2025-12-31 16:13:11,2025-12-31,2025-12-31
4b3302,6.7942,46.4545,1767194351,1203.96,56.44,FALSE,NA,4b3302_2025-12-31 16:13:11,2025-12-31,2025-12-31
4b3302,6.8955,46.3988,1767194531,1485.9,49.68,FALSE,NA,4b3302_2025-12-31 16:13:11,2025-12-31,2025-12-31
4b3302,6.9924,46.3529,1767194711,1950.72,52.12,FALSE,NA,4b3302_2025-12-31 16:13:11,2025-12-31,2025-12-31
4b3302,6.6409,46.5247,1767202442,662.94,2.62,FALSE,NA,4b3302_2025-12-31 18:34:02,2025-12-31,2025-12-31
4b3302,6.5492,46.4676,1767202622,1082.04,63.33,FALSE,NA,4b3302_2025-12-31 18:34:02,2025-12-31,2025-12-31
4b3302,6.4409,46.3977,1767202802,1082.04,62.96,FALSE,NA,4b3302_2025-12-31 18:34:02,2025-12-31,2025-12-31
4b3302,6.3316,46.327,1767202982,1082.04,65.8,FALSE,NA,4b3302_2025-12-31 18:34:02,2025-12-31,2025-12-31
4b3302,6.227,46.2516,1767203162,1082.04,64.41,FALSE,NA,4b3302_2025-12-31 18:34:02,2025-12-31,2025-12-31
4b3305,6.6182,46.547,1767205464,NA,NA,FALSE,NA,4b3305_2025-12-31 19:24:24,2025-12-31,2025-12-31
4b3305,6.6408,46.5245,1767205644,647.7,1.85,FALSE,NA,4b3305_2025-12-31 19:24:24,2025-12-31,2025-12-31
4b3305,6.6814,46.5068,1767205824,998.22,47.94,FALSE,NA,4b3305_2025-12-31 19:24:24,2025-12-31,2025-12-31
4b3305,6.79,46.4585,1767206004,1333.5,59.93,FALSE,NA,4b3305_2025-12-31 19:24:24,2025-12-31,2025-12-31
4b3305,6.8945,46.4065,1767206184,1623.06,57.53,FALSE,NA,4b3305_2025-12-31 19:24:24,2025-12-31,2025-12-31
4b3305,7.0012,46.3481,1767206364,2087.88,57.72,FALSE,NA,4b3305_2025-12-31 19:24:24,2025-12-31,2025-12-31
4b3303,6.6181,46.547,1767231132,708.66,3.25,FALSE,NA,4b3303_2026-01-01 02:32:12,2026-01-01,2026-01-01
4b3303,6.7029,46.5342,1767231312,1394.46,54.07,FALSE,NA,4b3303_2026-01-01 02:32:12,2026-01-01,2026-01-01
4b3303,6.8219,46.5006,1767231492,1379.22,52.55,FALSE,NA,4b3303_2026-01-01 02:32:12,2026-01-01,2026-01-01
4b3303,6.9353,46.4671,1767231672,1744.98,51.88,FALSE,NA,4b3303_2026-01-01 02:32:12,2026-01-01,2026-01-01
4b3303,7.0533,46.4324,1767231852,2270.76,58.77,FALSE,NA,4b3303_2026-01-01 02:32:12,2026-01-01,2026-01-01
4b3303,7.1839,46.3938,1767232032,2552.7,61.54,FALSE,NA,4b3303_2026-01-01 02:32:12,2026-01-01,2026-01-01
4b3303,7.3073,46.357,1767232212,3078.48,49.31,FALSE,NA,4b3303_2026-01-01 02:32:12,2026-01-01,2026-01-01
4b3305,NA,NA,1767237425,NA,2.62,FALSE,NA,4b3305_2026-01-01 04:17:05,2026-01-01,2026-01-01
4b3305,6.7199,46.4831,1767237605,1562.1,58.08,FALSE,NA,4b3305_2026-01-01 04:17:05,2026-01-01,2026-01-01
4b3305,6.8504,46.4328,1767237785,1790.7,64.67,FALSE,NA,4b3305_2026-01-01 04:17:05,2026-01-01,2026-01-01
4b3305,6.9809,46.3849,1767237965,2125.98,58.92,FALSE,NA,4b3305_2026-01-01 04:17:05,2026-01-01,2026-01-01
4b3305,7.1129,46.3421,1767238145,2659.38,65.8,FALSE,NA,4b3305_2026-01-01 04:17:05,2026-01-01,2026-01-01
4b3e2d,6.6185,46.5468,1767242293,NA,0,FALSE,NA,4b3e2d_2026-01-01 05:38:13,2026-01-01,2026-01-01
4b3e2d,6.6341,46.507,1767242473,792.48,61.32,FALSE,NA,4b3e2d_2026-01-01 05:38:13,2026-01-01,2026-01-01
4b3e2d,6.7679,46.4717,1767242653,883.92,63.72,FALSE,NA,4b3e2d_2026-01-01 05:38:13,2026-01-01,2026-01-01
4b3e2d,6.8762,46.4118,1767242833,914.4,59.93,FALSE,NA,4b3e2d_2026-01-01 05:38:13,2026-01-01,2026-01-01
4b3e2d,6.9505,46.3456,1767243013,1501.14,49.48,FALSE,NA,4b3e2d_2026-01-01 05:38:13,2026-01-01,2026-01-01
4b3e2d,7.0568,46.3051,1767243193,2247.9,58.46,FALSE,NA,4b3e2d_2026-01-01 05:38:13,2026-01-01,2026-01-01
4b3305,6.6182,46.547,1767244140,670.56,0,FALSE,NA,4b3305_2026-01-01 06:09:00,2026-01-01,2026-01-01
4b3305,6.6408,46.5245,1767244320,670.56,2.77,FALSE,NA,4b3305_2026-01-01 06:09:00,2026-01-01,2026-01-01
4b3305,6.6905,46.508,1767244500,1272.54,38.72,FALSE,NA,4b3305_2026-01-01 06:09:00,2026-01-01,2026-01-01
4b3305,6.8152,46.4767,1767244680,1798.32,61.36,FALSE,NA,4b3305_2026-01-01 06:09:00,2026-01-01,2026-01-01
4b3305,6.9519,46.4424,1767244860,2263.14,63.47,FALSE,NA,4b3305_2026-01-01 06:09:00,2026-01-01,2026-01-01
4b3305,7.1009,46.4051,1767245040,2537.46,70.63,FALSE,NA,4b3305_2026-01-01 06:09:00,2026-01-01,2026-01-01
4b3305,7.2512,46.367,1767245220,2819.4,68.52,FALSE,NA,4b3305_2026-01-01 06:09:00,2026-01-01,2026-01-01
4b3302,6.6179,46.547,1767244292,NA,NA,FALSE,NA,4b3302_2026-01-01 06:11:32,2026-01-01,2026-01-01
4b3302,6.6409,46.5247,1767244472,647.7,4.12,FALSE,NA,4b3302_2026-01-01 06:11:32,2026-01-01,2026-01-01
4b3302,6.6903,46.4986,1767244652,944.88,51.54,FALSE,NA,4b3302_2026-01-01 06:11:32,2026-01-01,2026-01-01
4b3302,6.7885,46.4448,1767244832,1043.94,51.29,FALSE,NA,4b3302_2026-01-01 06:11:32,2026-01-01,2026-01-01
4b3302,6.8892,46.3977,1767245012,1394.46,46.27,FALSE,NA,4b3302_2026-01-01 06:11:32,2026-01-01,2026-01-01
4b3302,6.9706,46.3536,1767245192,1912.62,51.58,FALSE,NA,4b3302_2026-01-01 06:11:32,2026-01-01,2026-01-01
4b3302,7.0753,46.3131,1767245372,2385.06,60.05,FALSE,NA,4b3302_2026-01-01 06:11:32,2026-01-01,2026-01-01
4b3d0a,6.6407,46.5244,1767246721,655.32,11.88,FALSE,NA,4b3d0a_2026-01-01 06:52:01,2026-01-01,2026-01-01
4b3d0a,6.7606,46.4778,1767246901,922.02,66.4,FALSE,NA,4b3d0a_2026-01-01 06:52:01,2026-01-01,2026-01-01
4b3d0a,6.8868,46.429,1767247081,1760.22,61.64,FALSE,NA,4b3d0a_2026-01-01 06:52:01,2026-01-01,2026-01-01
4b3d0a,7.0111,46.3735,1767247261,2606.04,63.7,FALSE,NA,4b3d0a_2026-01-01 06:52:01,2026-01-01,2026-01-01
4b3d0a,7.1452,46.3142,1767247441,3070.86,71.73,FALSE,NA,4b3d0a_2026-01-01 06:52:01,2026-01-01,2026-01-01
4b3e2d,6.641,46.5245,1767252030,655.32,1.15,FALSE,NA,4b3e2d_2026-01-01 08:20:30,2026-01-01,2026-01-01
4b3e2d,6.7111,46.4858,1767252210,1318.26,55.45,FALSE,NA,4b3e2d_2026-01-01 08:20:30,2026-01-01,2026-01-01
4b3e2d,6.8341,46.4302,1767252390,1257.3,60.15,FALSE,NA,4b3e2d_2026-01-01 08:20:30,2026-01-01,2026-01-01
4b3e2d,6.9207,46.3764,1767252570,1341.12,51.75,FALSE,NA,4b3e2d_2026-01-01 08:20:30,2026-01-01,2026-01-01
4b3e2d,7.0387,46.3252,1767252750,2080.26,57.62,FALSE,NA,4b3e2d_2026-01-01 08:20:30,2026-01-01,2026-01-01
4b0544,6.6201,46.5084,1767252105,NA,NA,FALSE,NA,4b0544_2026-01-01 08:21:45,2026-01-01,2026-01-01
4b0544,6.627,46.508,1767252285,NA,NA,FALSE,NA,4b0544_2026-01-01 08:21:45,2026-01-01,2026-01-01
4b0544,6.6318,46.5119,1767252465,NA,NA,FALSE,NA,4b0544_2026-01-01 08:21:45,2026-01-01,2026-01-01
4b0544,6.6398,46.5193,1767252645,NA,NA,FALSE,NA,4b0544_2026-01-01 08:21:45,2026-01-01,2026-01-01
4b0544,6.6573,46.53,1767252825,NA,NA,FALSE,NA,4b0544_2026-01-01 08:21:45,2026-01-01,2026-01-01
4b0544,6.681,46.5453,1767253005,NA,NA,FALSE,NA,4b0544_2026-01-01 08:21:45,2026-01-01,2026-01-01
4b0544,6.6933,46.5587,1767253185,NA,NA,FALSE,NA,4b0544_2026-01-01 08:21:45,2026-01-01,2026-01-01
4b0544,6.7087,46.5662,1767253365,NA,NA,FALSE,NA,4b0544_2026-01-01 08:21:45,2026-01-01,2026-01-01
4b0544,6.721,46.5695,1767253545,NA,NA,FALSE,NA,4b0544_2026-01-01 08:21:45,2026-01-01,2026-01-01
4b0544,6.7368,46.5745,1767253725,NA,NA,FALSE,NA,4b0544_2026-01-01 08:21:45,2026-01-01,2026-01-01
4b0544,6.7521,46.5789,1767253905,NA,NA,FALSE,NA,4b0544_2026-01-01 08:21:45,2026-01-01,2026-01-01
4b0544,6.7652,46.5825,1767254085,NA,NA,FALSE,NA,4b0544_2026-01-01 08:21:45,2026-01-01,2026-01-01
4b0544,6.7782,46.586,1767254265,NA,NA,FALSE,NA,4b0544_2026-01-01 08:21:45,2026-01-01,2026-01-01
4b0544,6.7921,46.5892,1767254445,NA,NA,FALSE,NA,4b0544_2026-01-01 08:21:45,2026-01-01,2026-01-01
4b0544,6.8058,46.5925,1767254625,NA,NA,FALSE,NA,4b0544_2026-01-01 08:21:45,2026-01-01,2026-01-01
4b0544,6.82,46.5964,1767254805,NA,NA,FALSE,NA,4b0544_2026-01-01 08:21:45,2026-01-01,2026-01-01
4b0544,6.835,46.6006,1767254985,NA,NA,FALSE,NA,4b0544_2026-01-01 08:21:45,2026-01-01,2026-01-01
4b0544,6.8566,46.6068,1767255165,NA,NA,FALSE,NA,4b0544_2026-01-01 08:21:45,2026-01-01,2026-01-01
4b0544,6.8787,46.612,1767255345,NA,NA,FALSE,NA,4b0544_2026-01-01 08:21:45,2026-01-01,2026-01-01
4b0544,6.9031,46.6166,1767255525,NA,NA,FALSE,NA,4b0544_2026-01-01 08:21:45,2026-01-01,2026-01-01
4b0544,6.9261,46.6222,1767255705,NA,NA,FALSE,NA,4b0544_2026-01-01 08:21:45,2026-01-01,2026-01-01
4b0544,6.9485,46.628,1767255885,NA,NA,FALSE,NA,4b0544_2026-01-01 08:21:45,2026-01-01,2026-01-01
4b0544,6.9718,46.6353,1767256065,NA,NA,FALSE,NA,4b0544_2026-01-01 08:21:45,2026-01-01,2026-01-01
4b0544,6.9949,46.6437,1767256245,NA,NA,FALSE,NA,4b0544_2026-01-01 08:21:45,2026-01-01,2026-01-01
4b0544,7.0152,46.6514,1767256425,NA,NA,FALSE,NA,4b0544_2026-01-01 08:21:45,2026-01-01,2026-01-01
4b0544,7.0334,46.6582,1767256605,NA,NA,FALSE,NA,4b0544_2026-01-01 08:21:45,2026-01-01,2026-01-01
4b0544,7.0545,46.6667,1767256785,NA,NA,FALSE,NA,4b0544_2026-01-01 08:21:45,2026-01-01,2026-01-01
4b0544,7.071,46.6773,1767256965,NA,NA,FALSE,NA,4b0544_2026-01-01 08:21:45,2026-01-01,2026-01-01
4b0544,7.0868,46.688,1767257145,NA,NA,FALSE,NA,4b0544_2026-01-01 08:21:45,2026-01-01,2026-01-01
4b0544,7.1007,46.6983,1767257325,NA,NA,FALSE,NA,4b0544_2026-01-01 08:21:45,2026-01-01,2026-01-01
4b0544,7.1104,46.7086,1767257505,NA,NA,FALSE,NA,4b0544_2026-01-01 08:21:45,2026-01-01,2026-01-01
4b0544,7.1246,46.7195,1767257685,NA,NA,FALSE,NA,4b0544_2026-01-01 08:21:45,2026-01-01,2026-01-01
4b0544,7.147,46.7313,1767257865,NA,NA,FALSE,NA,4b0544_2026-01-01 08:21:45,2026-01-01,2026-01-01
4b0544,7.1715,46.7406,1767258045,NA,NA,FALSE,NA,4b0544_2026-01-01 08:21:45,2026-01-01,2026-01-01
4b0544,7.1946,46.7512,1767258225,NA,NA,FALSE,NA,4b0544_2026-01-01 08:21:45,2026-01-01,2026-01-01
4b0544,7.2128,46.7612,1767258405,NA,NA,FALSE,NA,4b0544_2026-01-01 08:21:45,2026-01-01,2026-01-01
4b0544,7.2329,46.7711,1767258585,NA,NA,FALSE,NA,4b0544_2026-01-01 08:21:45,2026-01-01,2026-01-01
4b3302,6.6411,46.5247,1767254072,NA,NA,FALSE,NA,4b3302_2026-01-01 08:54:32,2026-01-01,2026-01-01
4b3302,6.5643,46.4788,1767254252,1051.56,46.83,FALSE,NA,4b3302_2026-01-01 08:54:32,2026-01-01,2026-01-01
4b3302,6.4708,46.4223,1767254432,1074.42,53.19,FALSE,NA,4b3302_2026-01-01 08:54:32,2026-01-01,2026-01-01
4b3302,6.3817,46.3634,1767254612,1074.42,53.03,FALSE,NA,4b3302_2026-01-01 08:54:32,2026-01-01,2026-01-01
4b3302,6.2965,46.3005,1767254792,1074.42,54.57,FALSE,NA,4b3302_2026-01-01 08:54:32,2026-01-01,2026-01-01
4b3302,6.1887,46.251,1767254972,990.6,63.37,FALSE,NA,4b3302_2026-01-01 08:54:32,2026-01-01,2026-01-01
4b3303,6.6276,46.5444,1767283254,800.1,38.66,FALSE,NA,4b3303_2026-01-01 17:00:54,2026-01-01,2026-01-01
4b3303,6.7407,46.5002,1767283434,1143,65.29,FALSE,NA,4b3303_2026-01-01 17:00:54,2026-01-01,2026-01-01
4b3303,6.8018,46.475,1767283614,1143,66.7,FALSE,NA,4b3303_2026-01-01 17:00:54,2026-01-01,2026-01-01
4b3303,6.968,46.4069,1767283794,1546.86,36.18,FALSE,NA,4b3303_2026-01-01 17:00:54,2026-01-01,2026-01-01
4b3303,7.0652,46.357,1767283974,2415.54,56.02,FALSE,NA,4b3303_2026-01-01 17:00:54,2026-01-01,2026-01-01
4b3303,6.618,46.547,1767506236,647.7,6.45,FALSE,NA,4b3303_2026-01-04 06:57:16,2026-01-04,2026-01-04
4b3303,6.6117,46.614,1767506416,1112.52,50.42,FALSE,NA,4b3303_2026-01-04 06:57:16,2026-01-04,2026-01-04
4b3303,6.6103,46.7038,1767506596,1226.82,56.08,FALSE,NA,4b3303_2026-01-04 06:57:16,2026-01-04,2026-01-04
4b3303,6.6086,46.7956,1767506776,1325.88,57.63,FALSE,NA,4b3303_2026-01-04 06:57:16,2026-01-04,2026-01-04
4b27c0,6.6164,46.543,1767514525,655.32,28.88,FALSE,NA,4b27c0_2026-01-04 09:15:25,2026-01-04,2026-01-04
4b27c0,6.6256,46.6058,1767514705,1485.9,50.93,FALSE,NA,4b27c0_2026-01-04 09:15:25,2026-01-04,2026-01-04
4b27c0,6.7814,46.5768,1767514885,1607.82,74.76,FALSE,NA,4b27c0_2026-01-04 09:15:25,2026-01-04,2026-01-04
4b27c0,6.919,46.5873,1767515065,1600.2,73.88,FALSE,NA,4b27c0_2026-01-04 09:15:25,2026-01-04,2026-01-04
4b27c0,6.8915,46.5712,1767515245,1607.82,81.36,FALSE,NA,4b27c0_2026-01-04 09:15:25,2026-01-04,2026-01-04
4b27c0,6.8861,46.6099,1767515425,1607.82,72.26,FALSE,NA,4b27c0_2026-01-04 09:15:25,2026-01-04,2026-01-04
4b27c0,6.9719,46.7043,1767515605,1607.82,77.63,FALSE,NA,4b27c0_2026-01-04 09:15:25,2026-01-04,2026-01-04
4b27c0,6.9245,46.6528,1767515785,1600.2,71.66,FALSE,NA,4b27c0_2026-01-04 09:15:25,2026-01-04,2026-01-04
4b27c0,6.9125,46.6853,1767515965,1607.82,81.95,FALSE,NA,4b27c0_2026-01-04 09:15:25,2026-01-04,2026-01-04
4b27c0,6.9794,46.6893,1767516145,1600.2,74.27,FALSE,NA,4b27c0_2026-01-04 09:15:25,2026-01-04,2026-01-04
4b27c0,6.9182,46.6512,1767516325,1600.2,72.1,FALSE,NA,4b27c0_2026-01-04 09:15:25,2026-01-04,2026-01-04
4b27c0,6.913,46.6885,1767516505,1607.82,82.42,FALSE,NA,4b27c0_2026-01-04 09:15:25,2026-01-04,2026-01-04
4b27c0,6.7725,46.5922,1767516685,1363.98,85.49,FALSE,NA,4b27c0_2026-01-04 09:15:25,2026-01-04,2026-01-04
4b27c0,6.6475,46.4893,1767516865,1005.84,73.37,FALSE,NA,4b27c0_2026-01-04 09:15:25,2026-01-04,2026-01-04
4b27c0,6.6166,46.5444,1767517045,655.32,18.07,FALSE,NA,4b27c0_2026-01-04 09:15:25,2026-01-04,2026-01-04
4b1bdd,6.6169,46.5472,1767516309,693.42,34.53,FALSE,NA,4b1bdd_2026-01-04 09:45:09,2026-01-04,2026-01-04
4b1bdd,6.6114,46.6011,1767516489,1341.12,40.89,FALSE,NA,4b1bdd_2026-01-04 09:45:09,2026-01-04,2026-01-04
4b1bdd,6.5777,46.6733,1767516669,1783.08,46.81,FALSE,NA,4b1bdd_2026-01-04 09:45:09,2026-01-04,2026-01-04
4b1bdd,6.524,46.7535,1767516849,1905,56.96,FALSE,NA,4b1bdd_2026-01-04 09:45:09,2026-01-04,2026-01-04
4b1bdd,6.5355,46.8338,1767517029,1996.44,53.84,FALSE,NA,4b1bdd_2026-01-04 09:45:09,2026-01-04,2026-01-04
4b1bdd,6.6389,46.8841,1767517209,1958.34,55.41,FALSE,NA,4b1bdd_2026-01-04 09:45:09,2026-01-04,2026-01-04
4b1bdd,6.772,46.9248,1767517389,1402.08,69.34,FALSE,NA,4b1bdd_2026-01-04 09:45:09,2026-01-04,2026-01-04
4b1bdd,6.8718,46.9501,1767517569,922.02,57.52,FALSE,NA,4b1bdd_2026-01-04 09:45:09,2026-01-04,2026-01-04
4b1af2,6.6168,46.5464,1767517780,701.04,29.91,FALSE,NA,4b1af2_2026-01-04 10:09:40,2026-01-04,2026-01-04
4b1af2,6.6136,46.6115,1767517960,1295.4,50,FALSE,NA,4b1af2_2026-01-04 10:09:40,2026-01-04,2026-01-04
4b1af2,6.5795,46.6913,1767518140,1432.56,58.22,FALSE,NA,4b1af2_2026-01-04 10:09:40,2026-01-04,2026-01-04
4b1af2,6.5767,46.7651,1767518320,1386.84,52.9,FALSE,NA,4b1af2_2026-01-04 10:09:40,2026-01-04,2026-01-04
4b1af2,6.6717,46.8234,1767518500,1318.26,54.79,FALSE,NA,4b1af2_2026-01-04 10:09:40,2026-01-04,2026-01-04
4b1af2,6.7691,46.8758,1767518680,1104.9,55.46,FALSE,NA,4b1af2_2026-01-04 10:09:40,2026-01-04,2026-01-04
4b1af2,6.8282,46.9521,1767518860,1074.42,48.24,FALSE,NA,4b1af2_2026-01-04 10:09:40,2026-01-04,2026-01-04
4b1af2,6.8973,46.954,1767519040,784.86,40.55,FALSE,NA,4b1af2_2026-01-04 10:09:40,2026-01-04,2026-01-04
4b2964,6.6167,46.5467,1767518060,670.56,44.29,FALSE,NA,4b2964_2026-01-04 10:14:20,2026-01-04,2026-01-04
4b2964,6.5582,46.4834,1767518240,1958.34,81.84,FALSE,NA,4b2964_2026-01-04 10:14:20,2026-01-04,2026-01-04
4b2964,6.5322,46.3502,1767518420,3169.92,88.34,FALSE,NA,4b2964_2026-01-04 10:14:20,2026-01-04,2026-01-04
4b2964,6.5798,46.205,1767518600,4282.44,97.18,FALSE,NA,4b2964_2026-01-04 10:14:20,2026-01-04,2026-01-04
4b2964,6.6585,46.0579,1767518780,5433.06,97.18,FALSE,NA,4b2964_2026-01-04 10:14:20,2026-01-04,2026-01-04
4b2964,6.7402,45.9039,1767518960,6286.5,117.35,FALSE,NA,4b2964_2026-01-04 10:14:20,2026-01-04,2026-01-04
4b2964,6.8429,45.7106,1767519140,6286.5,129.88,FALSE,NA,4b2964_2026-01-04 10:14:20,2026-01-04,2026-01-04
4b2964,6.8932,45.5097,1767519320,6294.12,125.65,FALSE,NA,4b2964_2026-01-04 10:14:20,2026-01-04,2026-01-04
4b2964,6.9476,45.3154,1767519500,6294.12,134.64,FALSE,NA,4b2964_2026-01-04 10:14:20,2026-01-04,2026-01-04
4b2964,7.1651,45.1598,1767519680,6301.74,134.61,FALSE,NA,4b2964_2026-01-04 10:14:20,2026-01-04,2026-01-04
4b2964,7.3177,44.9826,1767519860,6301.74,128.53,FALSE,NA,4b2964_2026-01-04 10:14:20,2026-01-04,2026-01-04
4b2964,7.4075,44.7865,1767520040,6309.36,127.22,FALSE,NA,4b2964_2026-01-04 10:14:20,2026-01-04,2026-01-04
4b2964,7.4961,44.5922,1767520220,6309.36,126.08,FALSE,NA,4b2964_2026-01-04 10:14:20,2026-01-04,2026-01-04
4b2964,7.5838,44.3982,1767520400,6316.98,125.43,FALSE,NA,4b2964_2026-01-04 10:14:20,2026-01-04,2026-01-04
4b2964,7.5885,44.2111,1767520580,6316.98,116.82,FALSE,NA,4b2964_2026-01-04 10:14:20,2026-01-04,2026-01-04
4b2964,7.4479,44.0595,1767520760,6324.6,116.57,FALSE,NA,4b2964_2026-01-04 10:14:20,2026-01-04,2026-01-04
4b2964,7.2952,43.91,1767520940,6324.6,113.7,FALSE,NA,4b2964_2026-01-04 10:14:20,2026-01-04,2026-01-04
4b2964,7.1451,43.7622,1767521120,6332.22,112.98,FALSE,NA,4b2964_2026-01-04 10:14:20,2026-01-04,2026-01-04
4b2964,6.9517,43.659,1767521300,5638.8,108.78,FALSE,NA,4b2964_2026-01-04 10:14:20,2026-01-04,2026-01-04
4b2964,6.7542,43.5689,1767521480,4808.22,103.77,FALSE,NA,4b2964_2026-01-04 10:14:20,2026-01-04,2026-01-04
4b2964,6.5628,43.4812,1767521660,4511.04,99.19,FALSE,NA,4b2964_2026-01-04 10:14:20,2026-01-04,2026-01-04
4b2964,6.3744,43.3946,1767521840,4008.12,103.61,FALSE,NA,4b2964_2026-01-04 10:14:20,2026-01-04,2026-01-04
4b2964,6.1865,43.3075,1767522020,2910.84,96.9,FALSE,NA,4b2964_2026-01-04 10:14:20,2026-01-04,2026-01-04
4b2964,6.0082,43.2288,1767522200,2095.5,98.76,FALSE,NA,4b2964_2026-01-04 10:14:20,2026-01-04,2026-01-04
4b27c0,6.6164,46.5426,1767519280,NA,NA,FALSE,NA,4b27c0_2026-01-04 10:34:40,2026-01-04,2026-01-04
4b27c0,6.6202,46.602,1767519460,1257.3,51.66,FALSE,NA,4b27c0_2026-01-04 10:34:40,2026-01-04,2026-01-04
4b27c0,6.7057,46.5365,1767519640,1828.8,64.44,FALSE,NA,4b27c0_2026-01-04 10:34:40,2026-01-04,2026-01-04
4b27c0,6.8426,46.4699,1767519820,1790.7,72.97,FALSE,NA,4b27c0_2026-01-04 10:34:40,2026-01-04,2026-01-04
4b4488,6.6167,46.5454,1767522210,670.56,13.42,FALSE,NA,4b4488_2026-01-04 11:23:30,2026-01-04,2026-01-04
4b4488,6.6302,46.5753,1767522390,1097.28,25.72,FALSE,NA,4b4488_2026-01-04 11:23:30,2026-01-04,2026-01-04
4b4488,6.6952,46.5696,1767522570,1379.22,31.55,FALSE,NA,4b4488_2026-01-04 11:23:30,2026-01-04,2026-01-04
4b4488,6.7618,46.5433,1767522750,1516.38,33.88,FALSE,NA,4b4488_2026-01-04 11:23:30,2026-01-04,2026-01-04
4b4488,6.8445,46.5106,1767522930,1524,44.99,FALSE,NA,4b4488_2026-01-04 11:23:30,2026-01-04,2026-01-04
4b4488,6.8941,46.4471,1767523110,1440.18,43.95,FALSE,NA,4b4488_2026-01-04 11:23:30,2026-01-04,2026-01-04
4b4488,6.9059,46.3725,1767523290,1158.24,46.83,FALSE,NA,4b4488_2026-01-04 11:23:30,2026-01-04,2026-01-04
4b4488,6.9212,46.308,1767523470,937.26,41.52,FALSE,NA,4b4488_2026-01-04 11:23:30,2026-01-04,2026-01-04
4b25ea,6.6166,46.5445,1767528223,662.94,28.37,FALSE,NA,4b25ea_2026-01-04 13:03:43,2026-01-04,2026-01-04
4b25ea,6.6201,46.6041,1767528403,1150.62,39.31,FALSE,NA,4b25ea_2026-01-04 13:03:43,2026-01-04,2026-01-04
4b25ea,6.5598,46.5719,1767528583,1623.06,54.55,FALSE,NA,4b25ea_2026-01-04 13:03:43,2026-01-04,2026-01-04
4b25ea,6.5785,46.498,1767528763,1630.68,51.54,FALSE,NA,4b25ea_2026-01-04 13:03:43,2026-01-04,2026-01-04
4b25ea,6.6907,46.4713,1767528943,1630.68,49.05,FALSE,NA,4b25ea_2026-01-04 13:03:43,2026-01-04,2026-01-04
4b25ea,6.7865,46.4521,1767529123,1927.86,41.88,FALSE,NA,4b25ea_2026-01-04 13:03:43,2026-01-04,2026-01-04
4b25ea,6.8792,46.4915,1767529303,1927.86,51.35,FALSE,NA,4b25ea_2026-01-04 13:03:43,2026-01-04,2026-01-04
4b25ea,6.9589,46.5512,1767529483,1897.38,48.94,FALSE,NA,4b25ea_2026-01-04 13:03:43,2026-01-04,2026-01-04
4b25ea,7.0346,46.6115,1767529663,1927.86,51.14,FALSE,NA,4b25ea_2026-01-04 13:03:43,2026-01-04,2026-01-04
4b25ea,7.0803,46.6875,1767529843,1973.58,50.88,FALSE,NA,4b25ea_2026-01-04 13:03:43,2026-01-04,2026-01-04
4b25ea,7.1293,46.7639,1767530023,1943.1,52.52,FALSE,NA,4b25ea_2026-01-04 13:03:43,2026-01-04,2026-01-04
4b25ea,7.1408,46.8455,1767530203,1958.34,55.3,FALSE,NA,4b25ea_2026-01-04 13:03:43,2026-01-04,2026-01-04
4b25ea,7.0272,46.8989,1767530383,1927.86,56.03,FALSE,NA,4b25ea_2026-01-04 13:03:43,2026-01-04,2026-01-04
4b25ea,6.9037,46.928,1767530563,1958.34,62.67,FALSE,NA,4b25ea_2026-01-04 13:03:43,2026-01-04,2026-01-04
4b25ea,6.77,46.8817,1767530743,1638.3,66.97,FALSE,NA,4b25ea_2026-01-04 13:03:43,2026-01-04,2026-01-04
4b25ea,6.6697,46.8033,1767530923,1493.52,67.7,FALSE,NA,4b25ea_2026-01-04 13:03:43,2026-01-04,2026-01-04
4b25ea,6.6137,46.7065,1767531103,1257.3,65.4,FALSE,NA,4b25ea_2026-01-04 13:03:43,2026-01-04,2026-01-04
4b25ea,6.5717,46.6058,1767531283,1082.04,65.68,FALSE,NA,4b25ea_2026-01-04 13:03:43,2026-01-04,2026-01-04
4b25ea,6.575,46.5108,1767531463,1021.08,51.44,FALSE,NA,4b25ea_2026-01-04 13:03:43,2026-01-04,2026-01-04
4b25ea,6.6162,46.5407,1767531643,670.56,32,FALSE,NA,4b25ea_2026-01-04 13:03:43,2026-01-04,2026-01-04
49d590,6.6172,46.5502,1767530231,746.76,44.95,FALSE,NA,49d590_2026-01-04 13:37:11,2026-01-04,2026-01-04
49d590,6.6886,46.5227,1767530411,1706.88,60.7,FALSE,NA,49d590_2026-01-04 13:37:11,2026-01-04,2026-01-04
49d590,6.7725,46.437,1767530591,2278.38,67.98,FALSE,NA,49d590_2026-01-04 13:37:11,2026-01-04,2026-01-04
49d590,6.8818,46.3552,1767530771,2446.02,66.74,FALSE,NA,49d590_2026-01-04 13:37:11,2026-01-04,2026-01-04
49d590,6.9655,46.2741,1767530951,2301.24,64.26,FALSE,NA,49d590_2026-01-04 13:37:11,2026-01-04,2026-01-04
49d590,7.0229,46.1795,1767531131,1706.88,60.52,FALSE,NA,49d590_2026-01-04 13:37:11,2026-01-04,2026-01-04
4b1bdd,6.6166,46.545,1767531725,NA,NA,FALSE,NA,4b1bdd_2026-01-04 14:02:05,2026-01-04,2026-01-04
4b1bdd,6.6236,46.6014,1767531905,1234.44,41.95,FALSE,NA,4b1bdd_2026-01-04 14:02:05,2026-01-04,2026-01-04
4b1bdd,6.7008,46.5372,1767532085,1402.08,58.93,FALSE,NA,4b1bdd_2026-01-04 14:02:05,2026-01-04,2026-01-04
4b1bdd,6.7914,46.4668,1767532265,1318.26,57.52,FALSE,NA,4b1bdd_2026-01-04 14:02:05,2026-01-04,2026-01-04
4b1bdd,6.8696,46.3949,1767532445,1303.02,55.23,FALSE,NA,4b1bdd_2026-01-04 14:02:05,2026-01-04,2026-01-04
4b1bdd,6.9107,46.3106,1767532625,1417.32,53.57,FALSE,NA,4b1bdd_2026-01-04 14:02:05,2026-01-04,2026-01-04
4b1bdd,6.8976,46.2289,1767532805,1859.28,53.79,FALSE,NA,4b1bdd_2026-01-04 14:02:05,2026-01-04,2026-01-04
4b1bdd,6.8874,46.2185,1767532985,1958.34,52.85,FALSE,NA,4b1bdd_2026-01-04 14:02:05,2026-01-04,2026-01-04
4b1bdd,6.8839,46.1345,1767533165,2674.62,51.25,FALSE,NA,4b1bdd_2026-01-04 14:02:05,2026-01-04,2026-01-04
4b1bdd,7.0015,46.1808,1767533345,2964.18,59.59,FALSE,NA,4b1bdd_2026-01-04 14:02:05,2026-01-04,2026-01-04
4b1bdd,7.1112,46.2474,1767533525,3040.38,64.62,FALSE,NA,4b1bdd_2026-01-04 14:02:05,2026-01-04,2026-01-04
4b1bdd,7.2304,46.3061,1767533705,3040.38,66.44,FALSE,NA,4b1bdd_2026-01-04 14:02:05,2026-01-04,2026-01-04
4b1bdd,7.1307,46.3734,1767533885,2903.22,64.03,FALSE,NA,4b1bdd_2026-01-04 14:02:05,2026-01-04,2026-01-04
4b1bdd,7.0543,46.4621,1767534065,2560.32,62.58,FALSE,NA,4b1bdd_2026-01-04 14:02:05,2026-01-04,2026-01-04
4b1bdd,6.9793,46.5547,1767534245,2103.12,68.22,FALSE,NA,4b1bdd_2026-01-04 14:02:05,2026-01-04,2026-01-04
4b1bdd,6.8456,46.616,1767534425,1645.92,68.55,FALSE,NA,4b1bdd_2026-01-04 14:02:05,2026-01-04,2026-01-04
4b1bdd,6.7102,46.6745,1767534605,1363.98,67.6,FALSE,NA,4b1bdd_2026-01-04 14:02:05,2026-01-04,2026-01-04
4b1bdd,6.6425,46.7502,1767534785,975.36,49.73,FALSE,NA,4b1bdd_2026-01-04 14:02:05,2026-01-04,2026-01-04
460d8a,6.6166,46.5448,1767532111,NA,NA,FALSE,NA,460d8a_2026-01-04 14:08:31,2026-01-04,2026-01-04
460d8a,6.5192,46.592,1767532291,1943.1,96.33,FALSE,NA,460d8a_2026-01-04 14:08:31,2026-01-04,2026-01-04
460d8a,6.3218,46.4997,1767532471,3550.92,92.77,FALSE,NA,460d8a_2026-01-04 14:08:31,2026-01-04,2026-01-04
460d8a,6.1652,46.3878,1767532651,5074.92,96.43,FALSE,NA,460d8a_2026-01-04 14:08:31,2026-01-04,2026-01-04
460d8a,5.9921,46.2614,1767532831,5699.76,129.91,FALSE,NA,460d8a_2026-01-04 14:08:31,2026-01-04,2026-01-04
460d8a,5.7781,46.1039,1767533011,5699.76,134.27,FALSE,NA,460d8a_2026-01-04 14:08:31,2026-01-04,2026-01-04
460d8a,5.6258,45.9128,1767533191,5699.76,138.23,FALSE,NA,460d8a_2026-01-04 14:08:31,2026-01-04,2026-01-04
460d8a,5.506,45.7053,1767533371,5707.38,139,FALSE,NA,460d8a_2026-01-04 14:08:31,2026-01-04,2026-01-04
460d8a,5.387,45.4976,1767533551,5707.38,137.85,FALSE,NA,460d8a_2026-01-04 14:08:31,2026-01-04,2026-01-04
460d8a,5.2802,45.2906,1767533731,5715,142.15,FALSE,NA,460d8a_2026-01-04 14:08:31,2026-01-04,2026-01-04
460d8a,5.267,45.0573,1767533911,5715,141.57,FALSE,NA,460d8a_2026-01-04 14:08:31,2026-01-04,2026-01-04
460d8a,5.2542,44.8256,1767534091,5722.62,142.61,FALSE,NA,460d8a_2026-01-04 14:08:31,2026-01-04,2026-01-04
460d8a,5.2937,44.6172,1767534271,5722.62,147.71,FALSE,NA,460d8a_2026-01-04 14:08:31,2026-01-04,2026-01-04
460d8a,5.4173,44.4439,1767534451,5730.24,147.71,FALSE,NA,460d8a_2026-01-04 14:08:31,2026-01-04,2026-01-04
460d8a,5.6088,44.1732,1767534631,5730.24,149.55,FALSE,NA,460d8a_2026-01-04 14:08:31,2026-01-04,2026-01-04
460d8a,5.7593,43.9584,1767534811,5737.86,148.85,FALSE,NA,460d8a_2026-01-04 14:08:31,2026-01-04,2026-01-04
460d8a,5.9126,43.7377,1767534991,4800.6,154.14,FALSE,NA,460d8a_2026-01-04 14:08:31,2026-01-04,2026-01-04
4b25ea,6.6164,46.5433,1767535067,NA,24.23,FALSE,NA,4b25ea_2026-01-04 14:57:47,2026-01-04,2026-01-04
4b25ea,6.6193,46.5951,1767535247,1150.62,34.61,FALSE,NA,4b25ea_2026-01-04 14:57:47,2026-01-04,2026-01-04
4b25ea,6.5579,46.5554,1767535427,1638.3,50.51,FALSE,NA,4b25ea_2026-01-04 14:57:47,2026-01-04,2026-01-04
4b25ea,6.6348,46.4897,1767535607,1577.34,50.39,FALSE,NA,4b25ea_2026-01-04 14:57:47,2026-01-04,2026-01-04
4b25ea,6.7428,46.465,1767535787,1737.36,49.05,FALSE,NA,4b25ea_2026-01-04 14:57:47,2026-01-04,2026-01-04
4b25ea,6.8411,46.4872,1767535967,1950.72,51.26,FALSE,NA,4b25ea_2026-01-04 14:57:47,2026-01-04,2026-01-04
4b25ea,6.928,46.5407,1767536147,2026.92,52.4,FALSE,NA,4b25ea_2026-01-04 14:57:47,2026-01-04,2026-01-04
4b25ea,7.0132,46.5996,1767536327,1981.2,56.41,FALSE,NA,4b25ea_2026-01-04 14:57:47,2026-01-04,2026-01-04
4b25ea,7.0783,46.6703,1767536507,1988.82,47.8,FALSE,NA,4b25ea_2026-01-04 14:57:47,2026-01-04,2026-01-04
4b25ea,7.0798,46.7517,1767536687,2148.84,51.14,FALSE,NA,4b25ea_2026-01-04 14:57:47,2026-01-04,2026-01-04
4b25ea,7.0577,46.8328,1767536867,2255.52,53.7,FALSE,NA,4b25ea_2026-01-04 14:57:47,2026-01-04,2026-01-04
4b25ea,6.9805,46.9015,1767537047,2194.56,56.92,FALSE,NA,4b25ea_2026-01-04 14:57:47,2026-01-04,2026-01-04
4b25ea,6.8621,46.9448,1767537227,2164.08,59.09,FALSE,NA,4b25ea_2026-01-04 14:57:47,2026-01-04,2026-01-04
4b25ea,6.7249,46.9526,1767537407,1935.48,68.32,FALSE,NA,4b25ea_2026-01-04 14:57:47,2026-01-04,2026-01-04
4b25ea,6.6603,46.8617,1767537587,1767.84,64.88,FALSE,NA,4b25ea_2026-01-04 14:57:47,2026-01-04,2026-01-04
4b25ea,6.6024,46.7635,1767537767,1546.86,65.15,FALSE,NA,4b25ea_2026-01-04 14:57:47,2026-01-04,2026-01-04
4b25ea,6.5655,46.6608,1767537947,1303.02,67.8,FALSE,NA,4b25ea_2026-01-04 14:57:47,2026-01-04,2026-01-04
4b25ea,6.5539,46.5522,1767538127,1059.18,65.07,FALSE,NA,4b25ea_2026-01-04 14:57:47,2026-01-04,2026-01-04
4b25ea,6.6126,46.5072,1767538307,922.02,39.3,FALSE,NA,4b25ea_2026-01-04 14:57:47,2026-01-04,2026-01-04
4b1af2,6.6167,46.5456,1767538741,693.42,30.57,FALSE,NA,4b1af2_2026-01-04 15:59:01,2026-01-04,2026-01-04
4b1af2,6.5547,46.6019,1767538921,1226.82,54.02,FALSE,NA,4b1af2_2026-01-04 15:59:01,2026-01-04,2026-01-04
4b1af2,6.5739,46.681,1767539101,1242.06,50.78,FALSE,NA,4b1af2_2026-01-04 15:59:01,2026-01-04,2026-01-04
4b1af2,6.6271,46.7503,1767539281,845.82,50.11,FALSE,NA,4b1af2_2026-01-04 15:59:01,2026-01-04,2026-01-04
39bc27,6.6174,46.5445,1767542317,NA,NA,FALSE,NA,39bc27_2026-01-04 16:58:37,2026-01-04,2026-01-04
39bc27,6.5629,46.4529,1767542497,1127.76,76.04,FALSE,NA,39bc27_2026-01-04 16:58:37,2026-01-04,2026-01-04
39bc27,6.4348,46.364,1767542677,1097.28,79.35,FALSE,NA,39bc27_2026-01-04 16:58:37,2026-01-04,2026-01-04
39bc27,6.3232,46.26,1767542857,1089.66,82.6,FALSE,NA,39bc27_2026-01-04 16:58:37,2026-01-04,2026-01-04
39bc27,6.2147,46.1555,1767543037,1089.66,81.82,FALSE,NA,39bc27_2026-01-04 16:58:37,2026-01-04,2026-01-04
39bc27,6.1493,46.0332,1767543217,1112.52,82.98,FALSE,NA,39bc27_2026-01-04 16:58:37,2026-01-04,2026-01-04
4b25ea,6.6165,46.5439,1767608515,662.94,28.97,FALSE,NA,4b25ea_2026-01-05 11:21:55,2026-01-05,2026-01-05
4b25ea,6.6,46.524,1767608695,868.68,41.27,FALSE,NA,4b25ea_2026-01-05 11:21:55,2026-01-05,2026-01-05
4b25ea,6.5892,46.5581,1767608875,800.1,35.82,FALSE,NA,4b25ea_2026-01-05 11:21:55,2026-01-05,2026-01-05
4b25ea,6.525,46.568600000000004,1767609055,1043.94,57.66,FALSE,NA,4b25ea_2026-01-05 11:21:55,2026-01-05,2026-01-05
4b25ea,6.5374,46.5126,1767609235,1028.7,52.39,FALSE,NA,4b25ea_2026-01-05 11:21:55,2026-01-05,2026-01-05
4b25ea,6.6152,46.5299,1767609415,800.1,38.16,FALSE,NA,4b25ea_2026-01-05 11:21:55,2026-01-05,2026-01-05
4b25ea,6.6145,46.5863,1767609595,1051.56,43.55,FALSE,NA,4b25ea_2026-01-05 11:21:55,2026-01-05,2026-01-05
4b25ea,6.5377,46.6041,1767609775,1104.9,54.94,FALSE,NA,4b25ea_2026-01-05 11:21:55,2026-01-05,2026-01-05
4b25ea,6.4959,46.5885,1767609955,1280.16,50.46,FALSE,NA,4b25ea_2026-01-05 11:21:55,2026-01-05,2026-01-05
4b25ea,6.4753,46.5526,1767610135,1066.8,53.98,FALSE,NA,4b25ea_2026-01-05 11:21:55,2026-01-05,2026-01-05
4b25ea,6.4333,46.5872,1767610315,784.86,30.59,FALSE,NA,4b25ea_2026-01-05 11:21:55,2026-01-05,2026-01-05
4b25ea,6.4955,46.5918,1767610495,1158.24,50.07,FALSE,NA,4b25ea_2026-01-05 11:21:55,2026-01-05,2026-01-05
4b25ea,6.4899,46.5265,1767610675,1097.28,50.46,FALSE,NA,4b25ea_2026-01-05 11:21:55,2026-01-05,2026-01-05
4b25ea,6.5551,46.5786,1767610855,1226.82,53.29,FALSE,NA,4b25ea_2026-01-05 11:21:55,2026-01-05,2026-01-05
4b25ea,6.6711,46.5712,1767611035,1219.2,53.55,FALSE,NA,4b25ea_2026-01-05 11:21:55,2026-01-05,2026-01-05
4b25ea,6.6322,46.545,1767611215,1226.82,53.59,FALSE,NA,4b25ea_2026-01-05 11:21:55,2026-01-05,2026-01-05
4b25ea,6.6163,46.5418,1767611395,662.94,24.23,FALSE,NA,4b25ea_2026-01-05 11:21:55,2026-01-05,2026-01-05
4b1bdd,6.6169,46.5477,1767609653,708.66,32.96,FALSE,NA,4b1bdd_2026-01-05 11:40:53,2026-01-05,2026-01-05
4b1bdd,6.6444,46.6048,1767609833,1394.46,47.12,FALSE,NA,4b1bdd_2026-01-05 11:40:53,2026-01-05,2026-01-05
4b1bdd,6.7606,46.606,1767610013,1805.94,52.53,FALSE,NA,4b1bdd_2026-01-05 11:40:53,2026-01-05,2026-01-05
4b1bdd,6.8926,46.5985,1767610193,2019.3,62.78,FALSE,NA,4b1bdd_2026-01-05 11:40:53,2026-01-05,2026-01-05
4b1bdd,7.0397,46.6052,1767610373,2004.06,63.8,FALSE,NA,4b1bdd_2026-01-05 11:40:53,2026-01-05,2026-01-05
4b1bdd,7.1884,46.5941,1767610553,2004.06,63.37,FALSE,NA,4b1bdd_2026-01-05 11:40:53,2026-01-05,2026-01-05
4b1bdd,7.329,46.5876,1767610733,2125.98,60.42,FALSE,NA,4b1bdd_2026-01-05 11:40:53,2026-01-05,2026-01-05
4b1bdd,7.459,46.5738,1767610913,2484.12,59.94,FALSE,NA,4b1bdd_2026-01-05 11:40:53,2026-01-05,2026-01-05
4b1bdd,7.5902,46.5584,1767611093,2857.5,57.89,FALSE,NA,4b1bdd_2026-01-05 11:40:53,2026-01-05,2026-01-05
4b1bdd,7.6556,46.4906,1767611273,3032.76,57.75,FALSE,NA,4b1bdd_2026-01-05 11:40:53,2026-01-05,2026-01-05
4b1bdd,7.6234,46.4413,1767611453,3139.44,63.5,FALSE,NA,4b1bdd_2026-01-05 11:40:53,2026-01-05,2026-01-05
4b1bdd,7.5051,46.3802,1767611633,3322.32,60.37,FALSE,NA,4b1bdd_2026-01-05 11:40:53,2026-01-05,2026-01-05
4b1bdd,7.4318,46.355,1767611813,3429,59.54,FALSE,NA,4b1bdd_2026-01-05 11:40:53,2026-01-05,2026-01-05
4b1bdd,7.3697,46.3432,1767611993,3489.96,61.01,FALSE,NA,4b1bdd_2026-01-05 11:40:53,2026-01-05,2026-01-05
4b1bdd,7.22,46.3238,1767612173,3284.22,68.91,FALSE,NA,4b1bdd_2026-01-05 11:40:53,2026-01-05,2026-01-05
4b1bdd,7.095,46.3839,1767612353,2689.86,64.13,FALSE,NA,4b1bdd_2026-01-05 11:40:53,2026-01-05,2026-01-05
4b1bdd,6.9855,46.4495,1767612533,1927.86,64.31,FALSE,NA,4b1bdd_2026-01-05 11:40:53,2026-01-05,2026-01-05
4b1bdd,6.8542,46.487,1767612713,1554.48,61.66,FALSE,NA,4b1bdd_2026-01-05 11:40:53,2026-01-05,2026-01-05
4b1bdd,6.722,46.5167,1767612893,1150.62,54.18,FALSE,NA,4b1bdd_2026-01-05 11:40:53,2026-01-05,2026-01-05
4b1bdd,6.6122,46.545,1767613073,929.64,46.53,FALSE,NA,4b1bdd_2026-01-05 11:40:53,2026-01-05,2026-01-05
4b1bdd,6.6161,46.5395,1767613253,678.18,31.45,FALSE,NA,4b1bdd_2026-01-05 11:40:53,2026-01-05,2026-01-05
4b25ea,6.6164,46.5429,1767616683,NA,NA,FALSE,NA,4b25ea_2026-01-05 13:38:03,2026-01-05,2026-01-05
4b25ea,6.6095,46.6025,1767616863,1242.06,43.02,FALSE,NA,4b25ea_2026-01-05 13:38:03,2026-01-05,2026-01-05
4b25ea,6.5129,46.6429,1767617043,1546.86,61.98,FALSE,NA,4b25ea_2026-01-05 13:38:03,2026-01-05,2026-01-05
4b25ea,6.3936,46.6805,1767617223,1577.34,53.11,FALSE,NA,4b25ea_2026-01-05 13:38:03,2026-01-05,2026-01-05
4b25ea,6.32,46.6392,1767617403,1714.5,54.57,FALSE,NA,4b25ea_2026-01-05 13:38:03,2026-01-05,2026-01-05
4b25ea,6.3443,46.591,1767617583,1653.54,64.72,FALSE,NA,4b25ea_2026-01-05 13:38:03,2026-01-05,2026-01-05
4b25ea,6.4618,46.546,1767617763,1402.08,55.23,FALSE,NA,4b25ea_2026-01-05 13:38:03,2026-01-05,2026-01-05
4b25ea,6.5584,46.4881,1767617943,1386.84,58.59,FALSE,NA,4b25ea_2026-01-05 13:38:03,2026-01-05,2026-01-05
4b25ea,6.6137,46.4149,1767618123,1470.66,51.76,FALSE,NA,4b25ea_2026-01-05 13:38:03,2026-01-05,2026-01-05
4b25ea,6.6826,46.377,1767618303,1882.14,44.62,FALSE,NA,4b25ea_2026-01-05 13:38:03,2026-01-05,2026-01-05
4b25ea,6.747,46.3548,1767618483,2270.76,51.06,FALSE,NA,4b25ea_2026-01-05 13:38:03,2026-01-05,2026-01-05
4b25ea,6.7354,46.3962,1767618663,1813.56,63.09,FALSE,NA,4b25ea_2026-01-05 13:38:03,2026-01-05,2026-01-05
4b25ea,6.6272,46.4588,1767618843,1188.72,61.12,FALSE,NA,4b25ea_2026-01-05 13:38:03,2026-01-05,2026-01-05
4b25ea,6.6147,46.5268,1767619023,777.24,40.8,FALSE,NA,4b25ea_2026-01-05 13:38:03,2026-01-05,2026-01-05
4627c1,6.6169,46.5469,1767618376,662.94,47.94,FALSE,NA,4627c1_2026-01-05 14:06:16,2026-01-05,2026-01-05
4627c1,6.5383,46.4998,1767618556,1089.66,99.29,FALSE,NA,4627c1_2026-01-05 14:06:16,2026-01-05,2026-01-05
4627c1,6.6154,46.5319,1767618736,746.76,45.93,FALSE,NA,4627c1_2026-01-05 14:06:16,2026-01-05,2026-01-05
4627c1,6.617,46.5436,1767618916,NA,50.99,FALSE,NA,4627c1_2026-01-05 14:06:16,2026-01-05,2026-01-05
4627c1,6.6168,46.541,1767619096,NA,50.99,FALSE,NA,4627c1_2026-01-05 14:06:16,2026-01-05,2026-01-05
4627c1,6.5596,46.5209,1767619276,1188.72,109.67,FALSE,NA,4627c1_2026-01-05 14:06:16,2026-01-05,2026-01-05
4627c1,6.6153,46.5315,1767619456,762,41.78,FALSE,NA,4627c1_2026-01-05 14:06:16,2026-01-05,2026-01-05
4627c1,6.6169,46.5411,1767619636,NA,36.1,FALSE,NA,4627c1_2026-01-05 14:06:16,2026-01-05,2026-01-05
4627c1,6.5557,46.5357,1767619816,1257.3,111.29,FALSE,NA,4627c1_2026-01-05 14:06:16,2026-01-05,2026-01-05
4627c1,6.6163,46.5422,1767619996,746.76,48.43,FALSE,NA,4627c1_2026-01-05 14:06:16,2026-01-05,2026-01-05
4627c1,6.5684,46.5077,1767620176,1257.3,87.24,FALSE,NA,4627c1_2026-01-05 14:06:16,2026-01-05,2026-01-05
4b1bdd,6.6166,46.5447,1767619002,NA,NA,FALSE,NA,4b1bdd_2026-01-05 14:16:42,2026-01-05,2026-01-05
4b1bdd,6.6123,46.5237,1767619182,822.96,41.08,FALSE,NA,4b1bdd_2026-01-05 14:16:42,2026-01-05,2026-01-05
4b1bdd,6.6184,46.5763,1767619362,952.5,40.8,FALSE,NA,4b1bdd_2026-01-05 14:16:42,2026-01-05,2026-01-05
4b1bdd,6.65,46.6372,1767619542,1386.84,51.53,FALSE,NA,4b1bdd_2026-01-05 14:16:42,2026-01-05,2026-01-05
4b1bdd,6.7608,46.6602,1767619722,1409.7,52.22,FALSE,NA,4b1bdd_2026-01-05 14:16:42,2026-01-05,2026-01-05
4b1bdd,6.7909,46.6495,1767619902,1417.32,56.08,FALSE,NA,4b1bdd_2026-01-05 14:16:42,2026-01-05,2026-01-05
4b1bdd,6.8285,46.6686,1767620082,1356.36,34.53,FALSE,NA,4b1bdd_2026-01-05 14:16:42,2026-01-05,2026-01-05
4b1bdd,6.9111,46.7096,1767620262,1325.88,48.55,FALSE,NA,4b1bdd_2026-01-05 14:16:42,2026-01-05,2026-01-05
4b1bdd,6.9773,46.766,1767620442,1363.98,48.97,FALSE,NA,4b1bdd_2026-01-05 14:16:42,2026-01-05,2026-01-05
4b1bdd,7.0537,46.8265,1767620622,1196.34,52.43,FALSE,NA,4b1bdd_2026-01-05 14:16:42,2026-01-05,2026-01-05
4b1bdd,7.1371,46.8655,1767620802,1143,50.54,FALSE,NA,4b1bdd_2026-01-05 14:16:42,2026-01-05,2026-01-05
4b1bdd,7.246,46.9018,1767620982,1120.14,42.53,FALSE,NA,4b1bdd_2026-01-05 14:16:42,2026-01-05,2026-01-05
4b1bdd,7.3457,46.9196,1767621162,1120.14,43.18,FALSE,NA,4b1bdd_2026-01-05 14:16:42,2026-01-05,2026-01-05
4b1bdd,7.4491,46.927,1767621342,822.96,40.34,FALSE,NA,4b1bdd_2026-01-05 14:16:42,2026-01-05,2026-01-05
4b3303,6.6182,46.547,1767619359,670.56,0,FALSE,NA,4b3303_2026-01-05 14:22:39,2026-01-05,2026-01-05
4b3303,6.637,46.6183,1767619539,982.98,55.15,FALSE,NA,4b3303_2026-01-05 14:22:39,2026-01-05,2026-01-05
4b3303,6.6651,46.7058,1767619719,1043.94,56.9,FALSE,NA,4b3303_2026-01-05 14:22:39,2026-01-05,2026-01-05
4b3303,6.6999,46.7955,1767619899,1097.28,56.9,FALSE,NA,4b3303_2026-01-05 14:22:39,2026-01-05,2026-01-05
4b3303,6.7329,46.8815,1767620079,1371.6,54.15,FALSE,NA,4b3303_2026-01-05 14:22:39,2026-01-05,2026-01-05
4b3303,6.7656,46.9653,1767620259,1623.06,55.41,FALSE,NA,4b3303_2026-01-05 14:22:39,2026-01-05,2026-01-05
4b3303,6.7982,47.0488,1767620439,1729.74,56.4,FALSE,NA,4b3303_2026-01-05 14:22:39,2026-01-05,2026-01-05
4b27bf,6.6163,46.542,1767622098,NA,26.32,FALSE,NA,4b27bf_2026-01-05 15:08:18,2026-01-05,2026-01-05
4b27bf,6.585,46.4991,1767622278,807.72,46.49,FALSE,NA,4b27bf_2026-01-05 15:08:18,2026-01-05,2026-01-05
4b27bf,6.6168,46.5483,1767622458,701.04,35.5,FALSE,NA,4b27bf_2026-01-05 15:08:18,2026-01-05,2026-01-05
4b27bf,6.5419,46.5642,1767622638,1074.42,67.35,FALSE,NA,4b27bf_2026-01-05 15:08:18,2026-01-05,2026-01-05
4b27bf,6.476,46.4664,1767622818,1043.94,67.35,FALSE,NA,4b27bf_2026-01-05 15:08:18,2026-01-05,2026-01-05
4b27bf,6.3858,46.379,1767622998,1074.42,65.79,FALSE,NA,4b27bf_2026-01-05 15:08:18,2026-01-05,2026-01-05
4b27bf,6.298,46.2903,1767623178,1043.94,62.77,FALSE,NA,4b27bf_2026-01-05 15:08:18,2026-01-05,2026-01-05
4b27bf,6.2035,46.2135,1767623358,1066.8,62.21,FALSE,NA,4b27bf_2026-01-05 15:08:18,2026-01-05,2026-01-05
4b27bf,6.2308,46.1719,1767623538,1059.18,59.35,FALSE,NA,4b27bf_2026-01-05 15:08:18,2026-01-05,2026-01-05
4b27bf,6.2325,46.1667,1767623718,1059.18,60.02,FALSE,NA,4b27bf_2026-01-05 15:08:18,2026-01-05,2026-01-05
4b27bf,6.1872,46.2095,1767623898,1059.18,55.12,FALSE,NA,4b27bf_2026-01-05 15:08:18,2026-01-05,2026-01-05
4b27bf,6.1689,46.2043,1767624078,1082.04,59.51,FALSE,NA,4b27bf_2026-01-05 15:08:18,2026-01-05,2026-01-05
4b27bf,6.1037,46.1965,1767624258,929.64,64.51,FALSE,NA,4b27bf_2026-01-05 15:08:18,2026-01-05,2026-01-05
4b3303,6.6174,46.5533,1767657603,807.72,32.82,FALSE,NA,4b3303_2026-01-06 01:00:03,2026-01-06,2026-01-06
4b3303,6.6719,46.6267,1767657783,1196.34,56.62,FALSE,NA,4b3303_2026-01-06 01:00:03,2026-01-06,2026-01-06
4b3303,6.7333,46.7061,1767657963,1196.34,55.92,FALSE,NA,4b3303_2026-01-06 01:00:03,2026-01-06,2026-01-06
4b3303,6.7962,46.7875,1767658143,1051.56,60.98,FALSE,NA,4b3303_2026-01-06 01:00:03,2026-01-06,2026-01-06
4b3303,6.8426,46.8467,1767658323,579.12,11.29,FALSE,NA,4b3303_2026-01-06 01:00:03,2026-01-06,2026-01-06
46316e,6.6169,46.5495,1767689496,701.04,51.49,FALSE,NA,46316e_2026-01-06 09:51:36,2026-01-06,2026-01-06
46316e,6.6955,46.6261,1767689676,2278.38,93.74,FALSE,NA,46316e_2026-01-06 09:51:36,2026-01-06,2026-01-06
46316e,6.9328,46.686,1767689856,3230.88,115.24,FALSE,NA,46316e_2026-01-06 09:51:36,2026-01-06,2026-01-06
46316e,7.1786,46.7487,1767690036,4511.04,111.33,FALSE,NA,46316e_2026-01-06 09:51:36,2026-01-06,2026-01-06
46316e,7.4099,46.8482,1767690216,5311.14,138.43,FALSE,NA,46316e_2026-01-06 09:51:36,2026-01-06,2026-01-06
46316e,7.6585,46.9833,1767690396,6118.86,133.78,FALSE,NA,46316e_2026-01-06 09:51:36,2026-01-06,2026-01-06
46316e,7.9237,47.1302,1767690576,6477,162.95,FALSE,NA,46316e_2026-01-06 09:51:36,2026-01-06,2026-01-06
46316e,8.1731,47.3398,1767690756,6477,168.24,FALSE,NA,46316e_2026-01-06 09:51:36,2026-01-06,2026-01-06
46316e,8.4212,47.546,1767690936,6469.38,159.01,FALSE,NA,46316e_2026-01-06 09:51:36,2026-01-06,2026-01-06
46316e,8.6136,47.7673,1767691116,6469.38,159.9,FALSE,NA,46316e_2026-01-06 09:51:36,2026-01-06,2026-01-06
46316e,8.7869,47.9991,1767691296,6461.76,160.82,FALSE,NA,46316e_2026-01-06 09:51:36,2026-01-06,2026-01-06
46316e,8.9605,48.2287,1767691476,6461.76,159.21,FALSE,NA,46316e_2026-01-06 09:51:36,2026-01-06,2026-01-06
46316e,9.1418,48.4586,1767691656,6454.14,162.26,FALSE,NA,46316e_2026-01-06 09:51:36,2026-01-06,2026-01-06
46316e,9.3669,48.6737,1767691836,6446.52,162.85,FALSE,NA,46316e_2026-01-06 09:51:36,2026-01-06,2026-01-06
46316e,9.5958,48.8891,1767692016,6446.52,163.56,FALSE,NA,46316e_2026-01-06 09:51:36,2026-01-06,2026-01-06
46316e,9.8287,49.106,1767692196,6438.9,164.16,FALSE,NA,46316e_2026-01-06 09:51:36,2026-01-06,2026-01-06
46316e,10.0905,49.3087,1767692376,6438.9,165.19,FALSE,NA,46316e_2026-01-06 09:51:36,2026-01-06,2026-01-06
46316e,10.3734,49.5019,1767692556,6438.9,164.89,FALSE,NA,46316e_2026-01-06 09:51:36,2026-01-06,2026-01-06
46316e,10.6273,49.7095,1767692736,6431.28,164.06,FALSE,NA,46316e_2026-01-06 09:51:36,2026-01-06,2026-01-06
46316e,10.8531,49.9293,1767692916,6423.66,163.52,FALSE,NA,46316e_2026-01-06 09:51:36,2026-01-06,2026-01-06
46316e,11.0791,50.1519,1767693096,6416.04,164.66,FALSE,NA,46316e_2026-01-06 09:51:36,2026-01-06,2026-01-06
46316e,11.3072,50.374,1767693276,6416.04,164.8,FALSE,NA,46316e_2026-01-06 09:51:36,2026-01-06,2026-01-06
46316e,11.539,50.5968,1767693456,6408.42,166.22,FALSE,NA,46316e_2026-01-06 09:51:36,2026-01-06,2026-01-06
46316e,11.774,50.8204,1767693636,6400.8,165.8,FALSE,NA,46316e_2026-01-06 09:51:36,2026-01-06,2026-01-06
46316e,12.0111,51.0433,1767693816,6393.18,166.95,FALSE,NA,46316e_2026-01-06 09:51:36,2026-01-06,2026-01-06
46316e,12.2481,51.2633,1767693996,6035.04,160.09,FALSE,NA,46316e_2026-01-06 09:51:36,2026-01-06,2026-01-06
46316e,12.4537,51.4525,1767694176,4328.16,141.7,FALSE,NA,46316e_2026-01-06 09:51:36,2026-01-06,2026-01-06
46316e,12.6517,51.6326,1767694356,3291.84,132.85,FALSE,NA,46316e_2026-01-06 09:51:36,2026-01-06,2026-01-06
46316e,12.8414,51.8037,1767694536,2415.54,128.29,FALSE,NA,46316e_2026-01-06 09:51:36,2026-01-06,2026-01-06
46316e,13.0259,51.9511,1767694716,1546.86,109.92,FALSE,NA,46316e_2026-01-06 09:51:36,2026-01-06,2026-01-06
46316e,13.2161,52.0774,1767694896,678.18,105.61,FALSE,NA,46316e_2026-01-06 09:51:36,2026-01-06,2026-01-06
46316e,13.3815,52.204,1767695076,624.84,89.71,FALSE,NA,46316e_2026-01-06 09:51:36,2026-01-06,2026-01-06
46316e,13.2252,52.214,1767695256,350.52,57.65,FALSE,NA,46316e_2026-01-06 09:51:36,2026-01-06,2026-01-06
4b25ea,6.6166,46.5445,1767690998,662.94,33.07,FALSE,NA,4b25ea_2026-01-06 10:16:38,2026-01-06,2026-01-06
4b25ea,6.6266,46.6022,1767691178,1333.5,43.59,FALSE,NA,4b25ea_2026-01-06 10:16:38,2026-01-06,2026-01-06
4b25ea,6.7358,46.5794,1767691358,1402.08,51.08,FALSE,NA,4b25ea_2026-01-06 10:16:38,2026-01-06,2026-01-06
4b25ea,6.8418,46.5528,1767691538,1432.56,47.39,FALSE,NA,4b25ea_2026-01-06 10:16:38,2026-01-06,2026-01-06
4b25ea,6.8693,46.6062,1767691718,1363.98,58.36,FALSE,NA,4b25ea_2026-01-06 10:16:38,2026-01-06,2026-01-06
4b25ea,6.8016,46.5763,1767691898,1394.46,59.43,FALSE,NA,4b25ea_2026-01-06 10:16:38,2026-01-06,2026-01-06
4b25ea,6.7579,46.5261,1767692078,1272.54,53.11,FALSE,NA,4b25ea_2026-01-06 10:16:38,2026-01-06,2026-01-06
4b25ea,6.6351,46.5436,1767692258,1089.66,52.5,FALSE,NA,4b25ea_2026-01-06 10:16:38,2026-01-06,2026-01-06
4b25ea,6.6115,46.5233,1767692438,838.2,37.5,FALSE,NA,4b25ea_2026-01-06 10:16:38,2026-01-06,2026-01-06
4b25ea,6.6164,46.543,1767694595,NA,NA,FALSE,NA,4b25ea_2026-01-06 11:16:35,2026-01-06,2026-01-06
4b25ea,6.6201,46.607,1767694775,1112.52,46.37,FALSE,NA,4b25ea_2026-01-06 11:16:35,2026-01-06,2026-01-06
4b25ea,6.5522,46.5977,1767694955,1097.28,59.37,FALSE,NA,4b25ea_2026-01-06 11:16:35,2026-01-06,2026-01-06
4b25ea,6.5132,46.5242,1767695135,1112.52,54.39,FALSE,NA,4b25ea_2026-01-06 11:16:35,2026-01-06,2026-01-06
4b25ea,6.6114,46.5143,1767695315,868.68,48.48,FALSE,NA,4b25ea_2026-01-06 11:16:35,2026-01-06,2026-01-06
4b25ea,6.5805,46.5559,1767695495,876.3,58.85,FALSE,NA,4b25ea_2026-01-06 11:16:35,2026-01-06,2026-01-06
4b25ea,6.616,46.5391,1767695675,678.18,35.63,FALSE,NA,4b25ea_2026-01-06 11:16:35,2026-01-06,2026-01-06
4b25ea,6.5824,46.5249,1767695855,883.92,40.8,FALSE,NA,4b25ea_2026-01-06 11:16:35,2026-01-06,2026-01-06
4b25ea,6.5965,46.5572,1767696035,861.06,48.07,FALSE,NA,4b25ea_2026-01-06 11:16:35,2026-01-06,2026-01-06
4b25ea,6.6156,46.5343,1767696215,716.28,39.67,FALSE,NA,4b25ea_2026-01-06 11:16:35,2026-01-06,2026-01-06
4d217d,NA,NA,1767700233,NA,1.54,FALSE,NA,4d217d_2026-01-06 12:50:33,2026-01-06,2026-01-06
4d217d,6.6158,46.5348,1767700413,800.1,44.25,FALSE,NA,4d217d_2026-01-06 12:50:33,2026-01-06,2026-01-06
4d217d,6.5957,46.4387,1767700593,1104.9,65.16,FALSE,NA,4d217d_2026-01-06 12:50:33,2026-01-06,2026-01-06
4d217d,6.5997,46.3336,1767700773,1562.1,67.41,FALSE,NA,4d217d_2026-01-06 12:50:33,2026-01-06,2026-01-06
4d217d,6.6289,46.2297,1767700953,1897.38,63.89,FALSE,NA,4d217d_2026-01-06 12:50:33,2026-01-06,2026-01-06
4d217d,6.6261,46.1213,1767701133,2202.18,70.9,FALSE,NA,4d217d_2026-01-06 12:50:33,2026-01-06,2026-01-06
4b3303,6.6387,46.5247,1767804986,716.28,26.99,FALSE,NA,4b3303_2026-01-07 17:56:26,2026-01-07,2026-01-07
4b3303,6.6182,46.5472,1767805166,678.18,0,FALSE,NA,4b3303_2026-01-07 17:56:26,2026-01-07,2026-01-07
4b3303,6.6182,46.5472,1767805346,678.18,0,FALSE,NA,4b3303_2026-01-07 17:56:26,2026-01-07,2026-01-07
4b3303,6.6181,46.547,1767964323,NA,NA,FALSE,NA,4b3303_2026-01-09 14:12:03,2026-01-09,2026-01-09
4b3303,6.5493,46.5143,1767964503,701.04,43.54,FALSE,NA,4b3303_2026-01-09 14:12:03,2026-01-09,2026-01-09
4b3303,6.4592,46.4771,1767964683,693.42,46.58,FALSE,NA,4b3303_2026-01-09 14:12:03,2026-01-09,2026-01-09
4b3303,6.3655,46.4394,1767964863,708.66,46.14,FALSE,NA,4b3303_2026-01-09 14:12:03,2026-01-09,2026-01-09
4b3303,6.2859,46.4074,1767965043,708.66,48.88,FALSE,NA,4b3303_2026-01-09 14:12:03,2026-01-09,2026-01-09
4b3303,NA,NA,1767972251,NA,NA,FALSE,NA,4b3303_2026-01-09 16:24:11,2026-01-09,2026-01-09
4b3303,6.456,46.4676,1767972431,792.48,41.88,FALSE,NA,4b3303_2026-01-09 16:24:11,2026-01-09,2026-01-09
4b3303,6.4056,46.4027,1767972611,792.48,46.94,FALSE,NA,4b3303_2026-01-09 16:24:11,2026-01-09,2026-01-09
4b3303,6.3503,46.338,1767972791,800.1,47.3,FALSE,NA,4b3303_2026-01-09 16:24:11,2026-01-09,2026-01-09
4b3303,6.2729,46.2824,1767972971,792.48,49.48,FALSE,NA,4b3303_2026-01-09 16:24:11,2026-01-09,2026-01-09
4b3303,6.1919,46.2238,1767973151,807.72,50.58,FALSE,NA,4b3303_2026-01-09 16:24:11,2026-01-09,2026-01-09
4b3305,6.6409,46.5243,1768016000,670.56,8.98,FALSE,NA,4b3305_2026-01-10 04:33:20,2026-01-10,2026-01-10
4b3305,6.7372,46.4655,1768016180,952.5,70.58,FALSE,NA,4b3305_2026-01-10 04:33:20,2026-01-10,2026-01-10
4b3305,6.8652,46.3946,1768016360,960.12,70.22,FALSE,NA,4b3305_2026-01-10 04:33:20,2026-01-10,2026-01-10
4b3305,6.9433,46.305,1768016540,731.52,59.55,FALSE,NA,4b3305_2026-01-10 04:33:20,2026-01-10,2026-01-10
4b3303,6.6409,46.5242,1768120650,693.42,1.46,FALSE,NA,4b3303_2026-01-11 09:37:30,2026-01-11,2026-01-11
4b3303,6.7217,46.5712,1768120830,1158.24,62.36,FALSE,NA,4b3303_2026-01-11 09:37:30,2026-01-11,2026-01-11
4b3303,6.8384,46.6338,1768121010,1242.06,63.39,FALSE,NA,4b3303_2026-01-11 09:37:30,2026-01-11,2026-01-11
4b3303,6.9627,46.7005,1768121190,1242.06,67.09,FALSE,NA,4b3303_2026-01-11 09:37:30,2026-01-11,2026-01-11
4b3303,7.0886,46.7675,1768121370,1234.44,67.81,FALSE,NA,4b3303_2026-01-11 09:37:30,2026-01-11,2026-01-11
4b3303,7.2155,46.835,1768121550,1242.06,67.5,FALSE,NA,4b3303_2026-01-11 09:37:30,2026-01-11,2026-01-11
4b3303,7.3417,46.9016,1768121730,1242.06,68.22,FALSE,NA,4b3303_2026-01-11 09:37:30,2026-01-11,2026-01-11
4b3303,7.4689,46.9686,1768121910,1104.9,66.06,FALSE,NA,4b3303_2026-01-11 09:37:30,2026-01-11,2026-01-11
4b3303,7.5889,47.035,1768122090,960.12,60.42,FALSE,NA,4b3303_2026-01-11 09:37:30,2026-01-11,2026-01-11
4b3303,6.6181,46.547,1768132123,NA,NA,FALSE,NA,4b3303_2026-01-11 12:48:43,2026-01-11,2026-01-11
4b3303,6.5955,46.6092,1768132303,1051.56,55.8,FALSE,NA,4b3303_2026-01-11 12:48:43,2026-01-11,2026-01-11
4b3303,6.578,46.7014,1768132483,1158.24,58.16,FALSE,NA,4b3303_2026-01-11 12:48:43,2026-01-11,2026-01-11
4b3303,6.5428,46.7961,1768132663,1249.68,61.64,FALSE,NA,4b3303_2026-01-11 12:48:43,2026-01-11,2026-01-11
4b3303,6.5289,46.8386,1768132843,1699.26,27.63,FALSE,NA,4b3303_2026-01-11 12:48:43,2026-01-11,2026-01-11
4b3303,6.5177,46.8225,1768133023,1257.3,13.9,FALSE,NA,4b3303_2026-01-11 12:48:43,2026-01-11,2026-01-11
4b3302,6.6182,46.547,1768144453,NA,0,FALSE,NA,4b3302_2026-01-11 16:14:13,2026-01-11,2026-01-11
4b3302,6.5516,46.5022,1768144633,1013.46,51.44,FALSE,NA,4b3302_2026-01-11 16:14:13,2026-01-11,2026-01-11
4b3302,6.4641,46.4338,1768144813,1097.28,58.97,FALSE,NA,4b3302_2026-01-11 16:14:13,2026-01-11,2026-01-11
4b3302,6.3686,46.362,1768144993,1097.28,61.18,FALSE,NA,4b3302_2026-01-11 16:14:13,2026-01-11,2026-01-11
4b3302,6.2732,46.2899,1768145173,1097.28,59.73,FALSE,NA,4b3302_2026-01-11 16:14:13,2026-01-11,2026-01-11
4b3302,6.1561,46.2487,1768145353,1013.46,67.3,FALSE,NA,4b3302_2026-01-11 16:14:13,2026-01-11,2026-01-11
4b3303,6.6181,46.547,1768159571,NA,0,FALSE,NA,4b3303_2026-01-11 20:26:11,2026-01-11,2026-01-11
4b3303,6.6191,46.5717,1768159751,1424.94,38.41,FALSE,NA,4b3303_2026-01-11 20:26:11,2026-01-11,2026-01-11
4b3303,6.6573,46.6708,1768159931,1577.34,65.65,FALSE,NA,4b3303_2026-01-11 20:26:11,2026-01-11,2026-01-11
4b3303,6.6995,46.7789,1768160111,1676.4,70.88,FALSE,NA,4b3303_2026-01-11 20:26:11,2026-01-11,2026-01-11
4b3303,6.7436,46.8905,1768160291,1676.4,72.51,FALSE,NA,4b3303_2026-01-11 20:26:11,2026-01-11,2026-01-11
4b3303,6.7881,47.0032,1768160471,1623.06,74.13,FALSE,NA,4b3303_2026-01-11 20:26:11,2026-01-11,2026-01-11
4b3303,6.6179,46.5467,1768165810,678.18,8.52,FALSE,NA,4b3303_2026-01-11 22:10:10,2026-01-11,2026-01-11
4b28b1,6.6169,46.5474,1768207518,670.56,24.74,FALSE,NA,4b28b1_2026-01-12 09:45:18,2026-01-12,2026-01-12
4b28b1,6.5863,46.5203,1768207698,1363.98,55.06,FALSE,NA,4b28b1_2026-01-12 09:45:18,2026-01-12,2026-01-12
4b28b1,6.5767,46.6227,1768207878,1691.64,65.87,FALSE,NA,4b28b1_2026-01-12 09:45:18,2026-01-12,2026-01-12
4b28b1,6.7025,46.6785,1768208058,1676.4,75.99,FALSE,NA,4b28b1_2026-01-12 09:45:18,2026-01-12,2026-01-12
4b28b1,6.8673,46.7096,1768208238,1684.02,74.27,FALSE,NA,4b28b1_2026-01-12 09:45:18,2026-01-12,2026-01-12
4b28b1,7.0298,46.7409,1768208418,1691.64,72.64,FALSE,NA,4b28b1_2026-01-12 09:45:18,2026-01-12,2026-01-12
4b28b1,7.198,46.7728,1768208598,1668.78,75.62,FALSE,NA,4b28b1_2026-01-12 09:45:18,2026-01-12,2026-01-12
4b28b1,7.333,46.8441,1768208778,1706.88,73.84,FALSE,NA,4b28b1_2026-01-12 09:45:18,2026-01-12,2026-01-12
4b28b1,7.4678,46.9233,1768208958,1691.64,74.77,FALSE,NA,4b28b1_2026-01-12 09:45:18,2026-01-12,2026-01-12
4b28b1,7.6041,47.003,1768209138,1691.64,76.67,FALSE,NA,4b28b1_2026-01-12 09:45:18,2026-01-12,2026-01-12
4b28b1,7.7012,47.0781,1768209318,1714.5,35.8,FALSE,NA,4b28b1_2026-01-12 09:45:18,2026-01-12,2026-01-12
4b28b1,7.6007,47.1122,1768209498,1516.38,56.03,FALSE,NA,4b28b1_2026-01-12 09:45:18,2026-01-12,2026-01-12
4b28b1,7.4984,47.1431,1768209678,1120.14,57.53,FALSE,NA,4b28b1_2026-01-12 09:45:18,2026-01-12,2026-01-12
4b1bdf,6.6167,46.5448,1768209741,662.94,46.92,FALSE,NA,4b1bdf_2026-01-12 10:22:21,2026-01-12,2026-01-12
4b1bdf,6.7073,46.5179,1768209921,2308.86,99.87,FALSE,NA,4b1bdf_2026-01-12 10:22:21,2026-01-12,2026-01-12
4b1bdf,6.9344,46.6317,1768210101,2918.46,115.58,FALSE,NA,4b1bdf_2026-01-12 10:22:21,2026-01-12,2026-01-12
4b1bdf,7.1796,46.7439,1768210281,3162.3,132.84,FALSE,NA,4b1bdf_2026-01-12 10:22:21,2026-01-12,2026-01-12
4b1bdf,7.4384,46.8669,1768210461,3162.3,132.78,FALSE,NA,4b1bdf_2026-01-12 10:22:21,2026-01-12,2026-01-12
4b1bdf,7.6729,47.0239,1768210641,2567.94,140.79,FALSE,NA,4b1bdf_2026-01-12 10:22:21,2026-01-12,2026-01-12
4b1bdf,7.9134,47.1848,1768210821,1935.48,136.97,FALSE,NA,4b1bdf_2026-01-12 10:22:21,2026-01-12,2026-01-12
4b1bdf,7.7708,47.2381,1768211001,1874.52,88.22,FALSE,NA,4b1bdf_2026-01-12 10:22:21,2026-01-12,2026-01-12
4b1bdf,7.578,47.2081,1768211181,1211.58,76.39,FALSE,NA,4b1bdf_2026-01-12 10:22:21,2026-01-12,2026-01-12
4b4471,6.677,46.4875,1768223928,1005.84,67.01,FALSE,NA,4b4471_2026-01-12 14:18:48,2026-01-12,2026-01-12
4b4471,6.5639,46.5397,1768224108,716.28,47.37,FALSE,NA,4b4471_2026-01-12 14:18:48,2026-01-12,2026-01-12
4b4471,6.5629,46.5488,1768224288,937.26,55.51,FALSE,NA,4b4471_2026-01-12 14:18:48,2026-01-12,2026-01-12
4b4471,6.6956,46.6219,1768224468,1424.94,81.36,FALSE,NA,4b4471_2026-01-12 14:18:48,2026-01-12,2026-01-12
4b4471,6.8635,46.6884,1768224648,1417.32,83.85,FALSE,NA,4b4471_2026-01-12 14:18:48,2026-01-12,2026-01-12
4b4471,7.0418,46.7567,1768224828,1394.46,83.35,FALSE,NA,4b4471_2026-01-12 14:18:48,2026-01-12,2026-01-12
4b4471,7.2101,46.8227,1768225008,1386.84,83.1,FALSE,NA,4b4471_2026-01-12 14:18:48,2026-01-12,2026-01-12
4b4471,7.3766,46.8927,1768225188,1402.08,83.49,FALSE,NA,4b4471_2026-01-12 14:18:48,2026-01-12,2026-01-12
4b4471,7.5476,46.9622,1768225368,1432.56,84.26,FALSE,NA,4b4471_2026-01-12 14:18:48,2026-01-12,2026-01-12
4b4471,7.7216,47.0338,1768225548,1379.22,84.96,FALSE,NA,4b4471_2026-01-12 14:18:48,2026-01-12,2026-01-12
4b4471,7.8978,47.1036,1768225728,1394.46,86.79,FALSE,NA,4b4471_2026-01-12 14:18:48,2026-01-12,2026-01-12
4b4471,8.0793,47.1707,1768225908,1295.4,86.85,FALSE,NA,4b4471_2026-01-12 14:18:48,2026-01-12,2026-01-12
4b4471,8.2615,47.2372,1768226088,1257.3,87,FALSE,NA,4b4471_2026-01-12 14:18:48,2026-01-12,2026-01-12
4b4471,8.4453,47.3033,1768226268,1043.94,79.84,FALSE,NA,4b4471_2026-01-12 14:18:48,2026-01-12,2026-01-12
4b4471,8.5124,47.3505,1768226448,548.64,8.98,FALSE,NA,4b4471_2026-01-12 14:18:48,2026-01-12,2026-01-12
4b4471,8.5186,47.3452,1768226628,678.18,45.7,FALSE,NA,4b4471_2026-01-12 14:18:48,2026-01-12,2026-01-12
4b4471,8.4514,47.278,1768226808,1051.56,58.58,FALSE,NA,4b4471_2026-01-12 14:18:48,2026-01-12,2026-01-12
4b4471,8.4492,47.3046,1768226988,1036.32,53.71,FALSE,NA,4b4471_2026-01-12 14:18:48,2026-01-12,2026-01-12
4b4471,8.2886,47.1345,1768227168,1249.68,59.68,FALSE,NA,4b4471_2026-01-12 14:18:48,2026-01-12,2026-01-12
4b4471,8.2095,47.0604,1768227348,1356.36,57.5,FALSE,NA,4b4471_2026-01-12 14:18:48,2026-01-12,2026-01-12
4b4471,8.1354,46.9828,1768227528,1569.72,57.8,FALSE,NA,4b4471_2026-01-12 14:18:48,2026-01-12,2026-01-12
4b4471,8.0573,46.8928,1768227708,1965.96,57.98,FALSE,NA,4b4471_2026-01-12 14:18:48,2026-01-12,2026-01-12
4b4471,8.0153,46.8445,1768227888,2049.78,60.94,FALSE,NA,4b4471_2026-01-12 14:18:48,2026-01-12,2026-01-12
4b4471,7.8978,46.7296,1768228068,2202.18,61.79,FALSE,NA,4b4471_2026-01-12 14:18:48,2026-01-12,2026-01-12
4b4471,7.8088,46.6463,1768228248,2118.36,66.69,FALSE,NA,4b4471_2026-01-12 14:18:48,2026-01-12,2026-01-12
4b3303,6.6397,46.5245,1768254803,708.66,21.59,FALSE,NA,4b3303_2026-01-12 22:53:23,2026-01-12,2026-01-12
4b3303,6.6181,46.547,1768254983,NA,10.85,FALSE,NA,4b3303_2026-01-12 22:53:23,2026-01-12,2026-01-12
4b25ea,6.6167,46.5451,1768293464,678.18,34.05,FALSE,NA,4b25ea_2026-01-13 09:37:44,2026-01-13,2026-01-13
4b25ea,6.5553,46.5045,1768293644,982.98,40.21,FALSE,NA,4b25ea_2026-01-13 09:37:44,2026-01-13,2026-01-13
4b25ea,6.5042,46.5697,1768293824,1409.7,64.09,FALSE,NA,4b25ea_2026-01-13 09:37:44,2026-01-13,2026-01-13
4b25ea,6.4994,46.6439,1768294004,1440.18,41.24,FALSE,NA,4b25ea_2026-01-13 09:37:44,2026-01-13,2026-01-13
4b25ea,6.5093,46.7062,1768294184,1127.76,50.07,FALSE,NA,4b25ea_2026-01-13 09:37:44,2026-01-13,2026-01-13
4b25ea,6.5152,46.7031,1768294364,1066.8,36.53,FALSE,NA,4b25ea_2026-01-13 09:37:44,2026-01-13,2026-01-13
4b25ea,6.5332,46.6646,1768294544,1120.14,58.74,FALSE,NA,4b25ea_2026-01-13 09:37:44,2026-01-13,2026-01-13
4b25ea,6.6557,46.6883,1768294724,1219.2,53.57,FALSE,NA,4b25ea_2026-01-13 09:37:44,2026-01-13,2026-01-13
4b25ea,6.6735,46.6438,1768294904,1257.3,35.69,FALSE,NA,4b25ea_2026-01-13 09:37:44,2026-01-13,2026-01-13
4b25ea,6.6551,46.5863,1768295084,1264.92,37.45,FALSE,NA,4b25ea_2026-01-13 09:37:44,2026-01-13,2026-01-13
4b25ea,6.6027,46.5471,1768295264,1112.52,39.79,FALSE,NA,4b25ea_2026-01-13 09:37:44,2026-01-13,2026-01-13
4b25ea,6.6032,46.5253,1768295444,914.4,42.23,FALSE,NA,4b25ea_2026-01-13 09:37:44,2026-01-13,2026-01-13
4b25ea,6.6297,46.5628,1768295624,1264.92,48.02,FALSE,NA,4b25ea_2026-01-13 09:37:44,2026-01-13,2026-01-13
4b25ea,6.6175,46.5534,1768295804,716.28,35.68,FALSE,NA,4b25ea_2026-01-13 09:37:44,2026-01-13,2026-01-13
4b25ea,6.5893,46.5539,1768295984,883.92,51.14,FALSE,NA,4b25ea_2026-01-13 09:37:44,2026-01-13,2026-01-13
4b25ea,6.6154,46.5382,1768296164,754.38,34.02,FALSE,NA,4b25ea_2026-01-13 09:37:44,2026-01-13,2026-01-13
4b25ea,6.5907,46.5706,1768296344,876.3,49.81,FALSE,NA,4b25ea_2026-01-13 09:37:44,2026-01-13,2026-01-13
4b25ea,6.6112,46.5276,1768296524,868.68,42.33,FALSE,NA,4b25ea_2026-01-13 09:37:44,2026-01-13,2026-01-13
4b25ea,6.619,46.5665,1768296704,876.3,33.69,FALSE,NA,4b25ea_2026-01-13 09:37:44,2026-01-13,2026-01-13
4b25ea,6.5853,46.5304,1768296884,868.68,50.61,FALSE,NA,4b25ea_2026-01-13 09:37:44,2026-01-13,2026-01-13
4b25ea,6.6175,46.553,1768297064,708.66,34.05,FALSE,NA,4b25ea_2026-01-13 09:37:44,2026-01-13,2026-01-13
4b28b1,6.6169,46.5471,1768293754,670.56,27.34,FALSE,NA,4b28b1_2026-01-13 09:42:34,2026-01-13,2026-01-13
4b28b1,6.5899,46.5083,1768293934,1356.36,35.82,FALSE,NA,4b28b1_2026-01-13 09:42:34,2026-01-13,2026-01-13
4b28b1,6.5108,46.5349,1768294114,1965.96,38.66,FALSE,NA,4b28b1_2026-01-13 09:42:34,2026-01-13,2026-01-13
4b28b1,6.4223,46.565,1768294294,2438.4,46.52,FALSE,NA,4b28b1_2026-01-13 09:42:34,2026-01-13,2026-01-13
4b28b1,6.3151,46.6054,1768294474,2514.6,52.72,FALSE,NA,4b28b1_2026-01-13 09:42:34,2026-01-13,2026-01-13
4b28b1,6.1998,46.6488,1768294654,2506.98,56.83,FALSE,NA,4b28b1_2026-01-13 09:42:34,2026-01-13,2026-01-13
4b28b1,6.0834,46.6926,1768294834,2506.98,55.47,FALSE,NA,4b28b1_2026-01-13 09:42:34,2026-01-13,2026-01-13
4b28b1,5.9685,46.7353,1768295014,2506.98,58.51,FALSE,NA,4b28b1_2026-01-13 09:42:34,2026-01-13,2026-01-13
4b28b1,5.8475,46.7804,1768295194,2499.36,58.26,FALSE,NA,4b28b1_2026-01-13 09:42:34,2026-01-13,2026-01-13
4b28b1,5.7312,46.8232,1768295374,2506.98,52.23,FALSE,NA,4b28b1_2026-01-13 09:42:34,2026-01-13,2026-01-13
4b28b1,5.6211,46.864,1768295554,2506.98,53.62,FALSE,NA,4b28b1_2026-01-13 09:42:34,2026-01-13,2026-01-13
4b28b1,5.5131,46.9036,1768295734,2499.36,50.85,FALSE,NA,4b28b1_2026-01-13 09:42:34,2026-01-13,2026-01-13
4b28b1,5.4098,46.9411,1768295914,2499.36,49,FALSE,NA,4b28b1_2026-01-13 09:42:34,2026-01-13,2026-01-13
4b28b1,5.2999,46.9794,1768296094,2148.84,50.35,FALSE,NA,4b28b1_2026-01-13 09:42:34,2026-01-13,2026-01-13
4b28b1,5.2951,46.9671,1768296274,1844.04,61.71,FALSE,NA,4b28b1_2026-01-13 09:42:34,2026-01-13,2026-01-13
4b28b1,5.3061,46.9473,1768296454,1866.9,45.52,FALSE,NA,4b28b1_2026-01-13 09:42:34,2026-01-13,2026-01-13
4b28b1,5.3363,46.9807,1768296634,1569.72,51.25,FALSE,NA,4b28b1_2026-01-13 09:42:34,2026-01-13,2026-01-13
4b28b1,5.2809,46.9516,1768296814,1562.1,59.27,FALSE,NA,4b28b1_2026-01-13 09:42:34,2026-01-13,2026-01-13
4b28b1,5.3113,46.9548,1768296994,1318.26,47.89,FALSE,NA,4b28b1_2026-01-13 09:42:34,2026-01-13,2026-01-13
4b28b1,5.3105,46.9841,1768297174,1264.92,60.4,FALSE,NA,4b28b1_2026-01-13 09:42:34,2026-01-13,2026-01-13
4b28b1,5.2866,46.9516,1768297354,1066.8,39.22,FALSE,NA,4b28b1_2026-01-13 09:42:34,2026-01-13,2026-01-13
4b28b1,5.3196,46.9894,1768297534,777.24,60.52,FALSE,NA,4b28b1_2026-01-13 09:42:34,2026-01-13,2026-01-13
4b28b1,5.4344,47.0422,1768297714,358.14,64.41,FALSE,NA,4b28b1_2026-01-13 09:42:34,2026-01-13,2026-01-13
4b28b1,5.5519,47.1042,1768297894,1089.66,66.86,FALSE,NA,4b28b1_2026-01-13 09:42:34,2026-01-13,2026-01-13
4b28b1,5.5565,47.0799,1768298074,1249.68,37.14,FALSE,NA,4b28b1_2026-01-13 09:42:34,2026-01-13,2026-01-13
4b28b1,5.4831,47.0499,1768298254,1249.68,38.56,FALSE,NA,4b28b1_2026-01-13 09:42:34,2026-01-13,2026-01-13
4b28b1,5.4053,47.0198,1768298434,1264.92,36.88,FALSE,NA,4b28b1_2026-01-13 09:42:34,2026-01-13,2026-01-13
4b28b1,5.3222,46.9861,1768298614,1257.3,40.98,FALSE,NA,4b28b1_2026-01-13 09:42:34,2026-01-13,2026-01-13
4b28b1,5.2609,46.9407,1768298794,1150.62,47.39,FALSE,NA,4b28b1_2026-01-13 09:42:34,2026-01-13,2026-01-13
4b28b1,5.3169,46.9851,1768298974,762,68.76,FALSE,NA,4b28b1_2026-01-13 09:42:34,2026-01-13,2026-01-13
4b28b1,5.4437,47.0283,1768299154,441.96,55.85,FALSE,NA,4b28b1_2026-01-13 09:42:34,2026-01-13,2026-01-13
4b3303,6.6182,46.547,1768295666,670.56,0,FALSE,NA,4b3303_2026-01-13 10:14:26,2026-01-13,2026-01-13
4b3303,6.5813,46.5975,1768295846,922.02,60.47,FALSE,NA,4b3303_2026-01-13 10:14:26,2026-01-13,2026-01-13
4b3303,6.5493,46.6983,1768296026,914.4,58.15,FALSE,NA,4b3303_2026-01-13 10:14:26,2026-01-13,2026-01-13
4b3303,6.5177,46.7882,1768296206,1409.7,51.25,FALSE,NA,4b3303_2026-01-13 10:14:26,2026-01-13,2026-01-13
4d02b7,6.6165,46.5438,1768296579,670.56,51.06,FALSE,NA,4d02b7_2026-01-13 10:29:39,2026-01-13,2026-01-13
4d02b7,6.4714,46.534,1768296759,1424.94,111.88,FALSE,NA,4d02b7_2026-01-13 10:29:39,2026-01-13,2026-01-13
4d02b7,6.2523,46.6231,1768296939,2362.2,101.5,FALSE,NA,4d02b7_2026-01-13 10:29:39,2026-01-13,2026-01-13
4d02b7,6.0796,46.7258,1768297119,3832.86,96.48,FALSE,NA,4d02b7_2026-01-13 10:29:39,2026-01-13,2026-01-13
4d02b7,5.9229,46.8431,1768297299,5097.78,96.48,FALSE,NA,4d02b7_2026-01-13 10:29:39,2026-01-13,2026-01-13
4d02b7,5.7494,46.9721,1768297479,5593.08,124.13,FALSE,NA,4d02b7_2026-01-13 10:29:39,2026-01-13,2026-01-13
4d02b7,5.544,47.1243,1768297659,5585.46,130.68,FALSE,NA,4d02b7_2026-01-13 10:29:39,2026-01-13,2026-01-13
4d02b7,5.3314,47.2798,1768297839,5585.46,132.13,FALSE,NA,4d02b7_2026-01-13 10:29:39,2026-01-13,2026-01-13
4d02b7,5.1162,47.4361,1768298019,5577.84,132.86,FALSE,NA,4d02b7_2026-01-13 10:29:39,2026-01-13,2026-01-13
4d02b7,4.8976,47.5918,1768298199,5577.84,133.9,FALSE,NA,4d02b7_2026-01-13 10:29:39,2026-01-13,2026-01-13
4d02b7,4.6751,47.7477,1768298379,5570.22,134.25,FALSE,NA,4d02b7_2026-01-13 10:29:39,2026-01-13,2026-01-13
4d02b7,4.4466,47.9063,1768298559,5273.04,139.7,FALSE,NA,4d02b7_2026-01-13 10:29:39,2026-01-13,2026-01-13
4d02b7,4.2131,48.0672,1768298739,4701.54,138.97,FALSE,NA,4d02b7_2026-01-13 10:29:39,2026-01-13,2026-01-13
4d02b7,3.9751,48.2296,1768298919,4008.12,137.14,FALSE,NA,4d02b7_2026-01-13 10:29:39,2026-01-13,2026-01-13
4d02b7,3.7508,48.3813,1768299099,3002.28,126.23,FALSE,NA,4d02b7_2026-01-13 10:29:39,2026-01-13,2026-01-13
4d02b7,3.5261,48.5268,1768299279,2171.7,129.18,FALSE,NA,4d02b7_2026-01-13 10:29:39,2026-01-13,2026-01-13
4d02b7,3.3435,48.6905,1768299459,2164.08,130.24,FALSE,NA,4d02b7_2026-01-13 10:29:39,2026-01-13,2026-01-13
4d02b7,3.1829,48.8685,1768299639,1805.94,120.83,FALSE,NA,4d02b7_2026-01-13 10:29:39,2026-01-13,2026-01-13
4d02b7,2.9649,48.9875,1768299819,1569.72,114.41,FALSE,NA,4d02b7_2026-01-13 10:29:39,2026-01-13,2026-01-13
4d02b7,2.695,48.9781,1768299999,1089.66,114.07,FALSE,NA,4d02b7_2026-01-13 10:29:39,2026-01-13,2026-01-13
4d02b7,2.506,48.9683,1768300179,350.52,49,FALSE,NA,4d02b7_2026-01-13 10:29:39,2026-01-13,2026-01-13
4b1bdd,6.6165,46.5435,1768304751,NA,43.29,FALSE,NA,4b1bdd_2026-01-13 12:45:51,2026-01-13,2026-01-13
4b1bdd,6.6585,46.4874,1768304931,1272.54,64.39,FALSE,NA,4b1bdd_2026-01-13 12:45:51,2026-01-13,2026-01-13
4b1bdd,6.7322,46.473,1768305111,1463.04,47.32,FALSE,NA,4b1bdd_2026-01-13 12:45:51,2026-01-13,2026-01-13
4b1bdd,6.7981,46.5353,1768305291,1402.08,48.75,FALSE,NA,4b1bdd_2026-01-13 12:45:51,2026-01-13,2026-01-13
4b1bdd,6.8849,46.5837,1768305471,1516.38,62.87,FALSE,NA,4b1bdd_2026-01-13 12:45:51,2026-01-13,2026-01-13
4b1bdd,6.9314,46.6205,1768305651,1562.1,60.21,FALSE,NA,4b1bdd_2026-01-13 12:45:51,2026-01-13,2026-01-13
4b1bdd,7.0254,46.6796,1768305831,1562.1,52.38,FALSE,NA,4b1bdd_2026-01-13 12:45:51,2026-01-13,2026-01-13
4b1bdd,7.0916,46.7476,1768306011,1424.94,48.24,FALSE,NA,4b1bdd_2026-01-13 12:45:51,2026-01-13,2026-01-13
4b1bdd,7.0238,46.6973,1768306191,1394.46,33.26,FALSE,NA,4b1bdd_2026-01-13 12:45:51,2026-01-13,2026-01-13
4b1bdd,6.9837,46.6708,1768306371,1447.8,67.7,FALSE,NA,4b1bdd_2026-01-13 12:45:51,2026-01-13,2026-01-13
4b1bdd,6.9798,46.6389,1768306551,1485.9,49.01,FALSE,NA,4b1bdd_2026-01-13 12:45:51,2026-01-13,2026-01-13
4b1bdd,6.9523,46.6067,1768306731,1516.38,49.28,FALSE,NA,4b1bdd_2026-01-13 12:45:51,2026-01-13,2026-01-13
4b1bdd,6.9329,46.5823,1768306911,1501.14,47.23,FALSE,NA,4b1bdd_2026-01-13 12:45:51,2026-01-13,2026-01-13
4b1bdd,6.8452,46.5377,1768307091,1501.14,47.64,FALSE,NA,4b1bdd_2026-01-13 12:45:51,2026-01-13,2026-01-13
4b1bdd,6.7396,46.5247,1768307271,1455.42,55.96,FALSE,NA,4b1bdd_2026-01-13 12:45:51,2026-01-13,2026-01-13
4b1bdd,6.7021,46.5373,1768307451,1287.78,51.81,FALSE,NA,4b1bdd_2026-01-13 12:45:51,2026-01-13,2026-01-13
4b1bdd,6.6086,46.5513,1768307631,1112.52,43.23,FALSE,NA,4b1bdd_2026-01-13 12:45:51,2026-01-13,2026-01-13
4b25ea,6.6168,46.5467,1768311710,NA,NA,FALSE,NA,4b25ea_2026-01-13 14:41:50,2026-01-13,2026-01-13
4b25ea,6.5875,46.5557,1768311890,883.92,52.61,FALSE,NA,4b25ea_2026-01-13 14:41:50,2026-01-13,2026-01-13
4b25ea,6.6156,46.5371,1768312070,762,38.35,FALSE,NA,4b25ea_2026-01-13 14:41:50,2026-01-13,2026-01-13
4b25ea,6.6659,46.4897,1768312250,1356.36,58.53,FALSE,NA,4b25ea_2026-01-13 14:41:50,2026-01-13,2026-01-13
4b25ea,6.7949,46.4609,1768312430,1478.28,56.88,FALSE,NA,4b25ea_2026-01-13 14:41:50,2026-01-13,2026-01-13
4b25ea,6.845,46.4493,1768312610,1402.08,57.23,FALSE,NA,4b25ea_2026-01-13 14:41:50,2026-01-13,2026-01-13
4b25ea,6.9087,46.5275,1768312790,1386.84,57.7,FALSE,NA,4b25ea_2026-01-13 14:41:50,2026-01-13,2026-01-13
4b25ea,6.8519,46.6072,1768312970,1447.8,56.39,FALSE,NA,4b25ea_2026-01-13 14:41:50,2026-01-13,2026-01-13
4b25ea,6.7607,46.6479,1768313150,1257.3,46.01,FALSE,NA,4b25ea_2026-01-13 14:41:50,2026-01-13,2026-01-13
4b25ea,6.7311,46.6329,1768313330,1310.64,35.51,FALSE,NA,4b25ea_2026-01-13 14:41:50,2026-01-13,2026-01-13
4b25ea,6.6471,46.6587,1768313510,1310.64,40.26,FALSE,NA,4b25ea_2026-01-13 14:41:50,2026-01-13,2026-01-13
4b25ea,6.555,46.6752,1768313690,1287.78,34.69,FALSE,NA,4b25ea_2026-01-13 14:41:50,2026-01-13,2026-01-13
4b25ea,6.6247,46.6351,1768313870,1120.14,46.82,FALSE,NA,4b25ea_2026-01-13 14:41:50,2026-01-13,2026-01-13
4b25ea,6.5955,46.5925,1768314050,1051.56,54.91,FALSE,NA,4b25ea_2026-01-13 14:41:50,2026-01-13,2026-01-13
4b25ea,6.6172,46.5506,1768314230,693.42,33.58,FALSE,NA,4b25ea_2026-01-13 14:41:50,2026-01-13,2026-01-13
4b39c9,6.6163,46.542,1768315452,678.18,59.34,FALSE,NA,4b39c9_2026-01-13 15:44:12,2026-01-13,2026-01-13
4b39c9,6.4736,46.5535,1768315632,3086.1,93.49,FALSE,NA,4b39c9_2026-01-13 15:44:12,2026-01-13,2026-01-13
4b39c9,6.2785,46.6255,1768315812,5303.52,99.87,FALSE,NA,4b39c9_2026-01-13 15:44:12,2026-01-13,2026-01-13
4b39c9,6.0357,46.7603,1768315992,5577.84,152.97,FALSE,NA,4b39c9_2026-01-13 15:44:12,2026-01-13,2026-01-13
4b39c9,5.7656,46.9092,1768316172,6080.76,139.15,FALSE,NA,4b39c9_2026-01-13 15:44:12,2026-01-13,2026-01-13
4b39c9,5.5067,47.0805,1768316352,6187.44,160.34,FALSE,NA,4b39c9_2026-01-13 15:44:12,2026-01-13,2026-01-13
4b39c9,5.2497,47.276,1768316532,6179.82,164.65,FALSE,NA,4b39c9_2026-01-13 15:44:12,2026-01-13,2026-01-13
4b39c9,4.9849,47.4753,1768316712,6172.2,166.07,FALSE,NA,4b39c9_2026-01-13 15:44:12,2026-01-13,2026-01-13
4b39c9,4.7181,47.674,1768316892,6172.2,164.96,FALSE,NA,4b39c9_2026-01-13 15:44:12,2026-01-13,2026-01-13
4b39c9,4.4627,47.8622,1768317072,5059.68,151.09,FALSE,NA,4b39c9_2026-01-13 15:44:12,2026-01-13,2026-01-13
4b39c9,4.2199,48.0391,1768317252,3703.32,149.98,FALSE,NA,4b39c9_2026-01-13 15:44:12,2026-01-13,2026-01-13
4b39c9,3.9799,48.2126,1768317432,3695.7,145.25,FALSE,NA,4b39c9_2026-01-13 15:44:12,2026-01-13,2026-01-13
4b39c9,3.7507,48.3767,1768317612,2758.44,135.02,FALSE,NA,4b39c9_2026-01-13 15:44:12,2026-01-13,2026-01-13
4b39c9,3.5199,48.5308,1768317792,2148.84,137.22,FALSE,NA,4b39c9_2026-01-13 15:44:12,2026-01-13,2026-01-13
4b39c9,3.3289,48.7141,1768317972,2148.84,143.81,FALSE,NA,4b39c9_2026-01-13 15:44:12,2026-01-13,2026-01-13
4b39c9,3.1537,48.8877,1768318152,1386.84,108.77,FALSE,NA,4b39c9_2026-01-13 15:44:12,2026-01-13,2026-01-13
4b39c9,2.9763,48.9954,1768318332,967.74,86.98,FALSE,NA,4b39c9_2026-01-13 15:44:12,2026-01-13,2026-01-13
4b39c9,2.7467,48.981,1768318512,960.12,96,FALSE,NA,4b39c9_2026-01-13 15:44:12,2026-01-13,2026-01-13
4b39c9,2.5158,48.9688,1768318692,388.62,81.52,FALSE,NA,4b39c9_2026-01-13 15:44:12,2026-01-13,2026-01-13
4b3303,6.618,46.547,1768323570,678.18,0,FALSE,NA,4b3303_2026-01-13 17:59:30,2026-01-13,2026-01-13
4b3303,6.6682,46.5874,1768323750,1120.14,59.06,FALSE,NA,4b3303_2026-01-13 17:59:30,2026-01-13,2026-01-13
4b3303,6.8031,46.6512,1768323930,1264.92,75.2,FALSE,NA,4b3303_2026-01-13 17:59:30,2026-01-13,2026-01-13
4b3303,6.9491,46.7198,1768324110,1257.3,75.91,FALSE,NA,4b3303_2026-01-13 17:59:30,2026-01-13,2026-01-13
4b3303,7.0969,46.7887,1768324290,1257.3,75.62,FALSE,NA,4b3303_2026-01-13 17:59:30,2026-01-13,2026-01-13
4b3303,7.2442,46.857,1768324470,1264.92,75.62,FALSE,NA,4b3303_2026-01-13 17:59:30,2026-01-13,2026-01-13
4b3303,7.3902,46.9243,1768324650,1264.92,71.49,FALSE,NA,4b3303_2026-01-13 17:59:30,2026-01-13,2026-01-13
4b3303,7.5361,46.9914,1768324830,1257.3,74.19,FALSE,NA,4b3303_2026-01-13 17:59:30,2026-01-13,2026-01-13
4b3303,7.682,47.058,1768325010,1264.92,72.77,FALSE,NA,4b3303_2026-01-13 17:59:30,2026-01-13,2026-01-13
4b3303,7.8276,47.1241,1768325190,1264.92,74.19,FALSE,NA,4b3303_2026-01-13 17:59:30,2026-01-13,2026-01-13
4b3303,7.9752,47.1909,1768325370,1257.3,74.19,FALSE,NA,4b3303_2026-01-13 17:59:30,2026-01-13,2026-01-13
4b3303,8.1213,47.2564,1768325550,1257.3,76.48,FALSE,NA,4b3303_2026-01-13 17:59:30,2026-01-13,2026-01-13
4b3303,8.2677,47.3219,1768325730,1112.52,69.77,FALSE,NA,4b3303_2026-01-13 17:59:30,2026-01-13,2026-01-13
4b3303,8.4073,47.3798,1768325910,960.12,66.17,FALSE,NA,4b3303_2026-01-13 17:59:30,2026-01-13,2026-01-13
4b3303,8.5328,47.4367,1768326090,792.48,57.25,FALSE,NA,4b3303_2026-01-13 17:59:30,2026-01-13,2026-01-13
4b3305,6.6408,46.5245,1768339651,655.32,1.63,FALSE,NA,4b3305_2026-01-13 22:27:31,2026-01-13,2026-01-13
4b3305,6.7413,46.4713,1768339831,891.54,61.72,FALSE,NA,4b3305_2026-01-13 22:27:31,2026-01-13,2026-01-13
4b3305,6.8478,46.409,1768340011,1066.8,54.96,FALSE,NA,4b3305_2026-01-13 22:27:31,2026-01-13,2026-01-13
4b3305,6.9344,46.3687,1768340191,1645.92,41.67,FALSE,NA,4b3305_2026-01-13 22:27:31,2026-01-13,2026-01-13
4b3305,7.0354,46.3255,1768340371,2232.66,55.07,FALSE,NA,4b3305_2026-01-13 22:27:31,2026-01-13,2026-01-13
4b3303,6.6181,46.547,1768344094,NA,NA,FALSE,NA,4b3303_2026-01-13 23:41:34,2026-01-13,2026-01-13
4b3303,6.6587,46.6061,1768344274,1127.76,74.57,FALSE,NA,4b3303_2026-01-13 23:41:34,2026-01-13,2026-01-13
4b3303,6.7804,46.6916,1768344454,1135.38,72.04,FALSE,NA,4b3303_2026-01-13 23:41:34,2026-01-13,2026-01-13
4b3303,6.8904,46.7734,1768344634,952.5,71.3,FALSE,NA,4b3303_2026-01-13 23:41:34,2026-01-13,2026-01-13
4b3303,6.9468,46.8184,1768344814,563.88,0.51,FALSE,NA,4b3303_2026-01-13 23:41:34,2026-01-13,2026-01-13
4b25ea,6.6167,46.5457,1768377256,670.56,32.96,FALSE,NA,4b25ea_2026-01-14 08:54:16,2026-01-14,2026-01-14
4b25ea,6.6154,46.4913,1768377436,1272.54,27.63,FALSE,NA,4b25ea_2026-01-14 08:54:16,2026-01-14,2026-01-14
4b25ea,6.5715,46.5571,1768377616,1600.2,57.77,FALSE,NA,4b25ea_2026-01-14 08:54:16,2026-01-14,2026-01-14
4b25ea,6.5529,46.6479,1768377796,1501.14,56.11,FALSE,NA,4b25ea_2026-01-14 08:54:16,2026-01-14,2026-01-14
4b25ea,6.5608,46.7235,1768377976,1318.26,32.56,FALSE,NA,4b25ea_2026-01-14 08:54:16,2026-01-14,2026-01-14
4b25ea,6.5843,46.7496,1768378156,1546.86,33.32,FALSE,NA,4b25ea_2026-01-14 08:54:16,2026-01-14,2026-01-14
4b25ea,6.5944,46.7045,1768378336,1463.04,41.12,FALSE,NA,4b25ea_2026-01-14 08:54:16,2026-01-14,2026-01-14
4b25ea,6.5657,46.7337,1768378516,1539.24,46.8,FALSE,NA,4b25ea_2026-01-14 08:54:16,2026-01-14,2026-01-14
4b25ea,6.5839,46.7346,1768378696,1485.9,59.65,FALSE,NA,4b25ea_2026-01-14 08:54:16,2026-01-14,2026-01-14
4b25ea,6.5634,46.6919,1768378876,1607.82,37.98,FALSE,NA,4b25ea_2026-01-14 08:54:16,2026-01-14,2026-01-14
4b25ea,6.5474,46.6325,1768379056,1562.1,51.11,FALSE,NA,4b25ea_2026-01-14 08:54:16,2026-01-14,2026-01-14
4b25ea,6.6436,46.5891,1768379236,1958.34,47.23,FALSE,NA,4b25ea_2026-01-14 08:54:16,2026-01-14,2026-01-14
4b25ea,6.7363,46.5759,1768379416,2042.16,59.82,FALSE,NA,4b25ea_2026-01-14 08:54:16,2026-01-14,2026-01-14
4b25ea,6.8472,46.5853,1768379596,2034.54,68.87,FALSE,NA,4b25ea_2026-01-14 08:54:16,2026-01-14,2026-01-14
4b25ea,6.9397,46.6385,1768379776,1569.72,65.01,FALSE,NA,4b25ea_2026-01-14 08:54:16,2026-01-14,2026-01-14
4b25ea,6.9002,46.6331,1768379956,1584.96,27.28,FALSE,NA,4b25ea_2026-01-14 08:54:16,2026-01-14,2026-01-14
4b25ea,6.888,46.6244,1768380136,1897.38,23.26,FALSE,NA,4b25ea_2026-01-14 08:54:16,2026-01-14,2026-01-14
4b25ea,6.8569,46.6275,1768380316,2072.64,52.51,FALSE,NA,4b25ea_2026-01-14 08:54:16,2026-01-14,2026-01-14
4b25ea,6.8429,46.6255,1768380496,2042.16,41.16,FALSE,NA,4b25ea_2026-01-14 08:54:16,2026-01-14,2026-01-14
4b25ea,6.8608,46.5858,1768380676,1714.5,55.56,FALSE,NA,4b25ea_2026-01-14 08:54:16,2026-01-14,2026-01-14
4b25ea,6.8742,46.5454,1768380856,1607.82,45.56,FALSE,NA,4b25ea_2026-01-14 08:54:16,2026-01-14,2026-01-14
4b25ea,6.8669,46.4835,1768381036,1539.24,44.32,FALSE,NA,4b25ea_2026-01-14 08:54:16,2026-01-14,2026-01-14
4b25ea,6.7658,46.5057,1768381216,1371.6,44.91,FALSE,NA,4b25ea_2026-01-14 08:54:16,2026-01-14,2026-01-14
4b25ea,6.6709,46.5369,1768381396,1181.1,42.15,FALSE,NA,4b25ea_2026-01-14 08:54:16,2026-01-14,2026-01-14
4b25ea,6.5879,46.5553,1768381576,861.06,50.28,FALSE,NA,4b25ea_2026-01-14 08:54:16,2026-01-14,2026-01-14
4b25ea,6.6164,46.5432,1768381756,NA,12.87,FALSE,NA,4b25ea_2026-01-14 08:54:16,2026-01-14,2026-01-14
4b25ea,6.6173,46.5463,1768381936,NA,12.87,FALSE,NA,4b25ea_2026-01-14 08:54:16,2026-01-14,2026-01-14
4b25ea,6.6175,46.549,1768382116,NA,12.87,FALSE,NA,4b25ea_2026-01-14 08:54:16,2026-01-14,2026-01-14
4b25ea,6.5841,46.5395,1768382296,899.16,52.32,FALSE,NA,4b25ea_2026-01-14 08:54:16,2026-01-14,2026-01-14
4b25ea,6.6171,46.5501,1768382476,685.8,32,FALSE,NA,4b25ea_2026-01-14 08:54:16,2026-01-14,2026-01-14
4b28b1,6.6169,46.5472,1768379690,670.56,26.83,FALSE,NA,4b28b1_2026-01-14 09:34:50,2026-01-14,2026-01-14
4b28b1,6.6524,46.5104,1768379870,1394.46,57,FALSE,NA,4b28b1_2026-01-14 09:34:50,2026-01-14,2026-01-14
4b28b1,6.7723,46.5664,1768380050,1965.96,66.93,FALSE,NA,4b28b1_2026-01-14 09:34:50,2026-01-14,2026-01-14
4b28b1,6.9026,46.6284,1768380230,2468.88,68.63,FALSE,NA,4b28b1_2026-01-14 09:34:50,2026-01-14,2026-01-14
4b28b1,7.0495,46.6971,1768380410,2522.22,77.34,FALSE,NA,4b28b1_2026-01-14 09:34:50,2026-01-14,2026-01-14
4b28b1,7.2024,46.7677,1768380590,2514.6,80.34,FALSE,NA,4b28b1_2026-01-14 09:34:50,2026-01-14,2026-01-14
4b28b1,7.2853,46.8745,1768380770,2514.6,77.08,FALSE,NA,4b28b1_2026-01-14 09:34:50,2026-01-14,2026-01-14
4b28b1,7.3636,46.9949,1768380950,1897.38,79.51,FALSE,NA,4b28b1_2026-01-14 09:34:50,2026-01-14,2026-01-14
4b28b1,7.3084,47.0358,1768381130,1264.92,48.87,FALSE,NA,4b28b1_2026-01-14 09:34:50,2026-01-14,2026-01-14
4b28b1,7.4138,46.9827,1768381310,1242.06,51.35,FALSE,NA,4b28b1_2026-01-14 09:34:50,2026-01-14,2026-01-14
4b28b1,7.4858,46.9234,1768381490,617.22,41.63,FALSE,NA,4b28b1_2026-01-14 09:34:50,2026-01-14,2026-01-14
4b28b1,7.5632,46.9009,1768381670,1264.92,54.08,FALSE,NA,4b28b1_2026-01-14 09:34:50,2026-01-14,2026-01-14
4b28b1,7.5694,46.9721,1768381850,1866.9,54.93,FALSE,NA,4b28b1_2026-01-14 09:34:50,2026-01-14,2026-01-14
4b28b1,7.4982,47.0323,1768382030,1866.9,47.04,FALSE,NA,4b28b1_2026-01-14 09:34:50,2026-01-14,2026-01-14
4b28b1,7.4166,47.067,1768382210,1470.66,44.74,FALSE,NA,4b28b1_2026-01-14 09:34:50,2026-01-14,2026-01-14
4b28b1,7.4044,47.004,1768382390,1264.92,41.78,FALSE,NA,4b28b1_2026-01-14 09:34:50,2026-01-14,2026-01-14
4b28b1,7.4625,46.9419,1768382570,822.96,46.04,FALSE,NA,4b28b1_2026-01-14 09:34:50,2026-01-14,2026-01-14
4b1af2,6.6167,46.5442,1768384215,693.42,33.44,FALSE,NA,4b1af2_2026-01-14 10:50:15,2026-01-14,2026-01-14
4b1af2,6.6141,46.482,1768384395,1165.86,52.72,FALSE,NA,4b1af2_2026-01-14 10:50:15,2026-01-14,2026-01-14
4b1af2,6.559,46.5385,1768384575,1120.14,68.35,FALSE,NA,4b1af2_2026-01-14 10:50:15,2026-01-14,2026-01-14
4b1af2,6.6173,46.6232,1768384755,1097.28,45.84,FALSE,NA,4b1af2_2026-01-14 10:50:15,2026-01-14,2026-01-14
4b1af2,6.6192,46.5707,1768384935,838.2,32.96,FALSE,NA,4b1af2_2026-01-14 10:50:15,2026-01-14,2026-01-14
4b1af2,6.6173,46.5149,1768385115,1028.7,40.21,FALSE,NA,4b1af2_2026-01-14 10:50:15,2026-01-14,2026-01-14
4b1af2,6.5457,46.4951,1768385295,1150.62,49.29,FALSE,NA,4b1af2_2026-01-14 10:50:15,2026-01-14,2026-01-14
4b1af2,6.5771,46.5977,1768385475,1089.66,60.86,FALSE,NA,4b1af2_2026-01-14 10:50:15,2026-01-14,2026-01-14
4b1af2,6.5532,46.6661,1768385655,1097.28,58.03,FALSE,NA,4b1af2_2026-01-14 10:50:15,2026-01-14,2026-01-14
4b1af2,6.6364,46.6491,1768385835,1104.9,39.29,FALSE,NA,4b1af2_2026-01-14 10:50:15,2026-01-14,2026-01-14
4b1af2,6.6249,46.6027,1768386015,1112.52,28.31,FALSE,NA,4b1af2_2026-01-14 10:50:15,2026-01-14,2026-01-14
4b1af2,6.6176,46.5535,1768386195,739.14,32,FALSE,NA,4b1af2_2026-01-14 10:50:15,2026-01-14,2026-01-14
4b1af2,6.6161,46.4935,1768386375,1135.38,46.48,FALSE,NA,4b1af2_2026-01-14 10:50:15,2026-01-14,2026-01-14
4b1af2,6.543,46.5286,1768386555,1112.52,70.39,FALSE,NA,4b1af2_2026-01-14 10:50:15,2026-01-14,2026-01-14
4b1af2,6.592,46.6354,1768386735,1104.9,57.8,FALSE,NA,4b1af2_2026-01-14 10:50:15,2026-01-14,2026-01-14
4b1af2,6.6354,46.6201,1768386915,1120.14,32.23,FALSE,NA,4b1af2_2026-01-14 10:50:15,2026-01-14,2026-01-14
4b1af2,6.6194,46.5667,1768387095,967.74,33.58,FALSE,NA,4b1af2_2026-01-14 10:50:15,2026-01-14,2026-01-14
4b1af2,6.5855,46.5291,1768387275,891.54,45.84,FALSE,NA,4b1af2_2026-01-14 10:50:15,2026-01-14,2026-01-14
4b1af2,6.6176,46.5544,1768387455,723.9,33.96,FALSE,NA,4b1af2_2026-01-14 10:50:15,2026-01-14,2026-01-14
4b1af2,6.5817,46.5451,1768387635,868.68,54.69,FALSE,NA,4b1af2_2026-01-14 10:50:15,2026-01-14,2026-01-14
4b1af2,6.6187,46.5652,1768387815,822.96,34.05,FALSE,NA,4b1af2_2026-01-14 10:50:15,2026-01-14,2026-01-14
4b1af2,6.6168,46.5461,1768395639,NA,NA,FALSE,NA,4b1af2_2026-01-14 14:00:39,2026-01-14,2026-01-14
4b1af2,6.5803,46.5005,1768395819,1417.32,37.64,FALSE,NA,4b1af2_2026-01-14 14:00:39,2026-01-14,2026-01-14
4b1af2,6.5693,46.5919,1768395999,1424.94,69.06,FALSE,NA,4b1af2_2026-01-14 14:00:39,2026-01-14,2026-01-14
4b1af2,6.7023,46.636,1768396179,1432.56,66.75,FALSE,NA,4b1af2_2026-01-14 14:00:39,2026-01-14,2026-01-14
4b1af2,6.8669,46.6431,1768396359,1440.18,74.18,FALSE,NA,4b1af2_2026-01-14 14:00:39,2026-01-14,2026-01-14
4b1af2,7.0342,46.6623,1768396539,1386.84,73.25,FALSE,NA,4b1af2_2026-01-14 14:00:39,2026-01-14,2026-01-14
4b1af2,7.1545,46.7433,1768396719,1386.84,74,FALSE,NA,4b1af2_2026-01-14 14:00:39,2026-01-14,2026-01-14
4b1af2,7.2621,46.8304,1768396899,1424.94,68.22,FALSE,NA,4b1af2_2026-01-14 14:00:39,2026-01-14,2026-01-14
4b1af2,7.354,46.9217,1768397079,1455.42,72.43,FALSE,NA,4b1af2_2026-01-14 14:00:39,2026-01-14,2026-01-14
4b1af2,7.4708,46.9974,1768397259,1424.94,65.85,FALSE,NA,4b1af2_2026-01-14 14:00:39,2026-01-14,2026-01-14
4b1af2,7.5624,47.0816,1768397439,1562.1,65.22,FALSE,NA,4b1af2_2026-01-14 14:00:39,2026-01-14,2026-01-14
4b1af2,7.6814,47.1378,1768397619,1470.66,68.91,FALSE,NA,4b1af2_2026-01-14 14:00:39,2026-01-14,2026-01-14
4b1af2,7.7794,47.1904,1768397799,762,55.49,FALSE,NA,4b1af2_2026-01-14 14:00:39,2026-01-14,2026-01-14
4b1af2,7.74,47.1817,1768397979,NA,6.45,FALSE,NA,4b1af2_2026-01-14 14:00:39,2026-01-14,2026-01-14
4b1af2,7.7446,47.1846,1768398159,NA,6.45,FALSE,NA,4b1af2_2026-01-14 14:00:39,2026-01-14,2026-01-14
4b1af2,7.7738,47.1908,1768398339,769.62,50.67,FALSE,NA,4b1af2_2026-01-14 14:00:39,2026-01-14,2026-01-14
4b1af2,7.7402,47.1818,1768398519,NA,15.02,FALSE,NA,4b1af2_2026-01-14 14:00:39,2026-01-14,2026-01-14
4b1af2,7.7424,47.1827,1768398699,NA,15.02,FALSE,NA,4b1af2_2026-01-14 14:00:39,2026-01-14,2026-01-14
4b1af2,7.7442,47.1839,1768398879,NA,15.02,FALSE,NA,4b1af2_2026-01-14 14:00:39,2026-01-14,2026-01-14
4b1af2,7.7191,47.1703,1768399059,769.62,45.1,FALSE,NA,4b1af2_2026-01-14 14:00:39,2026-01-14,2026-01-14
4b1af2,7.6339,47.1691,1768399239,1508.76,41.21,FALSE,NA,4b1af2_2026-01-14 14:00:39,2026-01-14,2026-01-14
4b1af2,7.5181,47.1771,1768399419,1508.76,50.93,FALSE,NA,4b1af2_2026-01-14 14:00:39,2026-01-14,2026-01-14
4b1af2,7.4063,47.1767,1768399599,1562.1,47.21,FALSE,NA,4b1af2_2026-01-14 14:00:39,2026-01-14,2026-01-14
4b1af2,7.2949,47.1518,1768399779,1562.1,50.43,FALSE,NA,4b1af2_2026-01-14 14:00:39,2026-01-14,2026-01-14
4b1af2,7.1933,47.1102,1768399959,1554.48,50.12,FALSE,NA,4b1af2_2026-01-14 14:00:39,2026-01-14,2026-01-14
4b1af2,7.1008,47.0581,1768400139,1577.34,50.83,FALSE,NA,4b1af2_2026-01-14 14:00:39,2026-01-14,2026-01-14
4b1af2,7.0256,46.9936,1768400319,1546.86,51.3,FALSE,NA,4b1af2_2026-01-14 14:00:39,2026-01-14,2026-01-14
4b1af2,6.9405,46.9358,1768400499,1554.48,50.97,FALSE,NA,4b1af2_2026-01-14 14:00:39,2026-01-14,2026-01-14
4b1af2,6.8681,46.8753,1768400679,1562.1,57.6,FALSE,NA,4b1af2_2026-01-14 14:00:39,2026-01-14,2026-01-14
4b1af2,6.9127,46.7897,1768400859,1569.72,56.41,FALSE,NA,4b1af2_2026-01-14 14:00:39,2026-01-14,2026-01-14
4b1af2,6.8976,46.7227,1768401039,1562.1,43.95,FALSE,NA,4b1af2_2026-01-14 14:00:39,2026-01-14,2026-01-14
4b1af2,6.8107,46.6799,1768401219,1562.1,43.76,FALSE,NA,4b1af2_2026-01-14 14:00:39,2026-01-14,2026-01-14
4b1af2,6.7061,46.6566,1768401399,1493.52,49.01,FALSE,NA,4b1af2_2026-01-14 14:00:39,2026-01-14,2026-01-14
4b1af2,6.6252,46.6149,1768401579,1188.72,58.7,FALSE,NA,4b1af2_2026-01-14 14:00:39,2026-01-14,2026-01-14
4b1af2,6.6196,46.5752,1768401759,967.74,47.89,FALSE,NA,4b1af2_2026-01-14 14:00:39,2026-01-14,2026-01-14
4d02bd,6.6166,46.5447,1768397718,NA,NA,FALSE,NA,4d02bd_2026-01-14 14:35:18,2026-01-14,2026-01-14
4d02bd,6.5118,46.5555,1768397898,2392.68,79.02,FALSE,NA,4d02bd_2026-01-14 14:35:18,2026-01-14,2026-01-14
4d02bd,6.3558,46.6362,1768398078,4091.94,87.46,FALSE,NA,4d02bd_2026-01-14 14:35:18,2026-01-14,2026-01-14
4d02bd,6.1828,46.7251,1768398258,5455.92,94.86,FALSE,NA,4d02bd_2026-01-14 14:35:18,2026-01-14,2026-01-14
4d02bd,5.9599,46.8388,1768398438,5585.46,129.85,FALSE,NA,4d02bd_2026-01-14 14:35:18,2026-01-14,2026-01-14
4d02bd,5.7121,46.9645,1768398618,5585.46,131.7,FALSE,NA,4d02bd_2026-01-14 14:35:18,2026-01-14,2026-01-14
4d02bd,5.4864,47.1106,1768398798,5577.84,139.61,FALSE,NA,4d02bd_2026-01-14 14:35:18,2026-01-14,2026-01-14
4d02bd,5.3238,47.3081,1768398978,5570.22,140.96,FALSE,NA,4d02bd_2026-01-14 14:35:18,2026-01-14,2026-01-14
4d02bd,5.1597,47.5065,1768399158,5562.6,139.11,FALSE,NA,4d02bd_2026-01-14 14:35:18,2026-01-14,2026-01-14
4d02bd,4.9946,47.7041,1768399338,5562.6,142.81,FALSE,NA,4d02bd_2026-01-14 14:35:18,2026-01-14,2026-01-14
4d02bd,4.8275,47.9027,1768399518,5554.98,139.17,FALSE,NA,4d02bd_2026-01-14 14:35:18,2026-01-14,2026-01-14
4d02bd,4.6623,48.0968,1768399698,5554.98,137.57,FALSE,NA,4d02bd_2026-01-14 14:35:18,2026-01-14,2026-01-14
4d02bd,4.4962,48.2908,1768399878,7071.36,137.83,FALSE,NA,4d02bd_2026-01-14 14:35:18,2026-01-14,2026-01-14
4d02bd,4.33,48.483,1768400058,5547.36,137.13,FALSE,NA,4d02bd_2026-01-14 14:35:18,2026-01-14,2026-01-14
4d02bd,4.1628,48.6745,1768400238,5539.74,135.98,FALSE,NA,4d02bd_2026-01-14 14:35:18,2026-01-14,2026-01-14
4d02bd,4.0222,48.8733,1768400418,5532.12,137.83,FALSE,NA,4d02bd_2026-01-14 14:35:18,2026-01-14,2026-01-14
4d02bd,3.9069,49.0831,1768400598,5532.12,138.49,FALSE,NA,4d02bd_2026-01-14 14:35:18,2026-01-14,2026-01-14
4d02bd,3.7916,49.2915,1768400778,5532.12,136.87,FALSE,NA,4d02bd_2026-01-14 14:35:18,2026-01-14,2026-01-14
4d02bd,3.7036,49.5064,1768400958,5524.5,140.06,FALSE,NA,4d02bd_2026-01-14 14:35:18,2026-01-14,2026-01-14
4d02bd,3.6594,49.7325,1768401138,5524.5,141.59,FALSE,NA,4d02bd_2026-01-14 14:35:18,2026-01-14,2026-01-14
4d02bd,3.6126,49.9599,1768401318,5516.88,143.06,FALSE,NA,4d02bd_2026-01-14 14:35:18,2026-01-14,2026-01-14
4d02bd,3.6809,50.1891,1768401498,5516.88,152.3,FALSE,NA,4d02bd_2026-01-14 14:35:18,2026-01-14,2026-01-14
4d02bd,3.8835,50.3969,1768401678,5509.26,150.72,FALSE,NA,4d02bd_2026-01-14 14:35:18,2026-01-14,2026-01-14
4d02bd,4.0915,50.6073,1768401858,4815.84,154.98,FALSE,NA,4d02bd_2026-01-14 14:35:18,2026-01-14,2026-01-14
4d02bd,4.3021,50.8181,1768402038,3634.74,148.43,FALSE,NA,4d02bd_2026-01-14 14:35:18,2026-01-14,2026-01-14
4d02bd,4.5319,50.9881,1768402218,2430.78,137.18,FALSE,NA,4d02bd_2026-01-14 14:35:18,2026-01-14,2026-01-14
4d02bd,4.7706,51.0017,1768402398,982.98,99.17,FALSE,NA,4d02bd_2026-01-14 14:35:18,2026-01-14,2026-01-14
4d02bd,4.5682,50.9315,1768402578,381,63.31,FALSE,NA,4d02bd_2026-01-14 14:35:18,2026-01-14,2026-01-14
4b25ea,6.6168,46.5463,1768401120,670.56,31.45,FALSE,NA,4b25ea_2026-01-14 15:32:00,2026-01-14,2026-01-14
4b25ea,6.5893,46.5553,1768401300,906.78,52.1,FALSE,NA,4b25ea_2026-01-14 15:32:00,2026-01-14,2026-01-14
4b25ea,6.6166,46.5446,1768401480,662.94,32.48,FALSE,NA,4b25ea_2026-01-14 15:32:00,2026-01-14,2026-01-14
4b25ea,6.6516,46.4988,1768401660,1112.52,53.56,FALSE,NA,4b25ea_2026-01-14 15:32:00,2026-01-14,2026-01-14
4b25ea,6.7294,46.4944,1768401840,1447.8,57.35,FALSE,NA,4b25ea_2026-01-14 15:32:00,2026-01-14,2026-01-14
4b25ea,6.822,46.5296,1768402020,1424.94,60.09,FALSE,NA,4b25ea_2026-01-14 15:32:00,2026-01-14,2026-01-14
4b25ea,6.8582,46.5732,1768402200,1249.68,49.72,FALSE,NA,4b25ea_2026-01-14 15:32:00,2026-01-14,2026-01-14
4b25ea,6.8575,46.6364,1768402380,1424.94,44.5,FALSE,NA,4b25ea_2026-01-14 15:32:00,2026-01-14,2026-01-14
4b25ea,6.7784,46.5921,1768402560,1325.88,48.22,FALSE,NA,4b25ea_2026-01-14 15:32:00,2026-01-14,2026-01-14
4b25ea,6.7041,46.5465,1768402740,1188.72,40.04,FALSE,NA,4b25ea_2026-01-14 15:32:00,2026-01-14,2026-01-14
4b25ea,6.6092,46.5481,1768402920,944.88,41.78,FALSE,NA,4b25ea_2026-01-14 15:32:00,2026-01-14,2026-01-14
4b25ea,6.6171,46.5501,1768403100,685.8,35.56,FALSE,NA,4b25ea_2026-01-14 15:32:00,2026-01-14,2026-01-14
4b25ea,6.5901,46.5663,1768403280,868.68,51.76,FALSE,NA,4b25ea_2026-01-14 15:32:00,2026-01-14,2026-01-14
4b25ea,6.6168,46.547,1768404650,NA,NA,FALSE,NA,4b25ea_2026-01-14 16:30:50,2026-01-14,2026-01-14
4b25ea,6.5974,46.4939,1768404830,1097.28,49.84,FALSE,NA,4b25ea_2026-01-14 16:30:50,2026-01-14,2026-01-14
4b25ea,6.5663,46.578,1768405010,1066.8,62.14,FALSE,NA,4b25ea_2026-01-14 16:30:50,2026-01-14,2026-01-14
4b25ea,6.6145,46.6743,1768405190,1074.42,63.53,FALSE,NA,4b25ea_2026-01-14 16:30:50,2026-01-14,2026-01-14
4b25ea,6.6266,46.7589,1768405370,876.3,51.97,FALSE,NA,4b25ea_2026-01-14 16:30:50,2026-01-14,2026-01-14
4b28b1,6.6169,46.548,1768405184,NA,20.64,FALSE,NA,4b28b1_2026-01-14 16:39:44,2026-01-14,2026-01-14
4b28b1,6.6549,46.5137,1768405364,1333.5,51.94,FALSE,NA,4b28b1_2026-01-14 16:39:44,2026-01-14,2026-01-14
4b28b1,6.7573,46.5611,1768405544,1882.14,54.65,FALSE,NA,4b28b1_2026-01-14 16:39:44,2026-01-14,2026-01-14
4b28b1,6.8675,46.6135,1768405724,2354.58,62.64,FALSE,NA,4b28b1_2026-01-14 16:39:44,2026-01-14,2026-01-14
4b28b1,7.0032,46.6764,1768405904,2522.22,69.92,FALSE,NA,4b28b1_2026-01-14 16:39:44,2026-01-14,2026-01-14
4b28b1,7.1441,46.7413,1768406084,2514.6,71.11,FALSE,NA,4b28b1_2026-01-14 16:39:44,2026-01-14,2026-01-14
4b28b1,7.2392,46.837,1768406264,2514.6,71.06,FALSE,NA,4b28b1_2026-01-14 16:39:44,2026-01-14,2026-01-14
4b28b1,7.321,46.9397,1768406444,1973.58,61.2,FALSE,NA,4b28b1_2026-01-14 16:39:44,2026-01-14,2026-01-14
4b28b1,7.2905,47.0248,1768406624,1485.9,67.65,FALSE,NA,4b28b1_2026-01-14 16:39:44,2026-01-14,2026-01-14
4b28b1,7.4054,46.9893,1768406804,1264.92,52.63,FALSE,NA,4b28b1_2026-01-14 16:39:44,2026-01-14,2026-01-14
4b28b1,7.4762,46.9312,1768406984,716.28,44.14,FALSE,NA,4b28b1_2026-01-14 16:39:44,2026-01-14,2026-01-14
4b28b1,6.6168,46.5463,1768405191,670.56,31.96,FALSE,NA,4b28b1_2026-01-14 16:39:51,2026-01-14,2026-01-14
4b28b1,6.6589,46.5156,1768405371,1356.36,52.65,FALSE,NA,4b28b1_2026-01-14 16:39:51,2026-01-14,2026-01-14
4b28b1,6.7613,46.563,1768405551,1905,54.93,FALSE,NA,4b28b1_2026-01-14 16:39:51,2026-01-14,2026-01-14
4b28b1,6.8722,46.6157,1768405731,2377.44,62.93,FALSE,NA,4b28b1_2026-01-14 16:39:51,2026-01-14,2026-01-14
4b28b1,7.0085,46.6789,1768405911,2522.22,70.64,FALSE,NA,4b28b1_2026-01-14 16:39:51,2026-01-14,2026-01-14
4b28b1,7.1485,46.7442,1768406091,2522.22,71.48,FALSE,NA,4b28b1_2026-01-14 16:39:51,2026-01-14,2026-01-14
4b28b1,7.2427,46.8406,1768406271,2514.6,71.06,FALSE,NA,4b28b1_2026-01-14 16:39:51,2026-01-14,2026-01-14
4b28b1,7.3184,46.9432,1768406451,1958.34,60.74,FALSE,NA,4b28b1_2026-01-14 16:39:51,2026-01-14,2026-01-14
4b28b1,7.2955,47.0275,1768406631,1470.66,68.45,FALSE,NA,4b28b1_2026-01-14 16:39:51,2026-01-14,2026-01-14
4b28b1,7.4086,46.9867,1768406811,1264.92,50.46,FALSE,NA,4b28b1_2026-01-14 16:39:51,2026-01-14,2026-01-14
4b28b1,7.4786,46.9293,1768406991,701.04,41.53,FALSE,NA,4b28b1_2026-01-14 16:39:51,2026-01-14,2026-01-14
4b28b1,6.617,46.5481,1768480577,NA,20.12,FALSE,NA,4b28b1_2026-01-15 13:36:17,2026-01-15,2026-01-15
4b28b1,6.6776,46.4967,1768480757,861.06,58.03,FALSE,NA,4b28b1_2026-01-15 13:36:17,2026-01-15,2026-01-15
4b28b1,6.8072,46.4791,1768480937,1165.86,51,FALSE,NA,4b28b1_2026-01-15 13:36:17,2026-01-15,2026-01-15
4b28b1,6.8301,46.569,1768481117,1203.96,63.17,FALSE,NA,4b28b1_2026-01-15 13:36:17,2026-01-15,2026-01-15
4b28b1,6.9413,46.6326,1768481297,1516.38,63.69,FALSE,NA,4b28b1_2026-01-15 13:36:17,2026-01-15,2026-01-15
4b28b1,6.9782,46.7295,1768481477,1402.08,61.46,FALSE,NA,4b28b1_2026-01-15 13:36:17,2026-01-15,2026-01-15
4b28b1,6.8705,46.6892,1768481657,1143,55.41,FALSE,NA,4b28b1_2026-01-15 13:36:17,2026-01-15,2026-01-15
4b28b1,6.7704,46.6354,1768481837,1112.52,55.06,FALSE,NA,4b28b1_2026-01-15 13:36:17,2026-01-15,2026-01-15
4b28b1,6.857,46.6631,1768482017,1303.02,54.66,FALSE,NA,4b28b1_2026-01-15 13:36:17,2026-01-15,2026-01-15
4b28b1,6.9797,46.7138,1768482197,1371.6,61.21,FALSE,NA,4b28b1_2026-01-15 13:36:17,2026-01-15,2026-01-15
4b28b1,7.0773,46.7036,1768482377,1341.12,60.47,FALSE,NA,4b28b1_2026-01-15 13:36:17,2026-01-15,2026-01-15
4b28b1,7.0097,46.625,1768482557,1295.4,59.25,FALSE,NA,4b28b1_2026-01-15 13:36:17,2026-01-15,2026-01-15
4b28b1,6.892,46.5945,1768482737,1356.36,54.96,FALSE,NA,4b28b1_2026-01-15 13:36:17,2026-01-15,2026-01-15
4b28b1,6.9442,46.5626,1768482917,1737.36,52.46,FALSE,NA,4b28b1_2026-01-15 13:36:17,2026-01-15,2026-01-15
4b28b1,6.8693,46.5694,1768483097,1310.64,68.12,FALSE,NA,4b28b1_2026-01-15 13:36:17,2026-01-15,2026-01-15
4b28b1,6.8204,46.5559,1768483277,1112.52,59.96,FALSE,NA,4b28b1_2026-01-15 13:36:17,2026-01-15,2026-01-15
4b28b1,6.7865,46.5673,1768483457,1188.72,55.87,FALSE,NA,4b28b1_2026-01-15 13:36:17,2026-01-15,2026-01-15
4b28b1,6.8139,46.569,1768483637,1066.8,58.26,FALSE,NA,4b28b1_2026-01-15 13:36:17,2026-01-15,2026-01-15
4b28b1,6.6986,46.5309,1768483817,1127.76,60.65,FALSE,NA,4b28b1_2026-01-15 13:36:17,2026-01-15,2026-01-15
4b28b1,6.5846,46.5579,1768483997,876.3,44.17,FALSE,NA,4b28b1_2026-01-15 13:36:17,2026-01-15,2026-01-15
4b1bdd,6.6164,46.542,1768480696,693.42,41.78,FALSE,NA,4b1bdd_2026-01-15 13:38:16,2026-01-15,2026-01-15
4b1bdd,6.6672,46.5031,1768480876,1440.18,54.18,FALSE,NA,4b1bdd_2026-01-15 13:38:16,2026-01-15,2026-01-15
4b1bdd,6.7927,46.5484,1768481056,1432.56,63.37,FALSE,NA,4b1bdd_2026-01-15 13:38:16,2026-01-15,2026-01-15
4b1bdd,6.9195,46.5979,1768481236,1432.56,62.09,FALSE,NA,4b1bdd_2026-01-15 13:38:16,2026-01-15,2026-01-15
4b1bdd,7.05,46.6363,1768481416,1440.18,60.39,FALSE,NA,4b1bdd_2026-01-15 13:38:16,2026-01-15,2026-01-15
4b1bdd,7.0864,46.7268,1768481596,1257.3,51.75,FALSE,NA,4b1bdd_2026-01-15 13:38:16,2026-01-15,2026-01-15
4b1bdd,7.0197,46.7292,1768481776,1417.32,50.94,FALSE,NA,4b1bdd_2026-01-15 13:38:16,2026-01-15,2026-01-15
4b1bdd,6.9388,46.6599,1768481956,1417.32,55.03,FALSE,NA,4b1bdd_2026-01-15 13:38:16,2026-01-15,2026-01-15
4b1bdd,6.8592,46.5912,1768482136,1417.32,54.96,FALSE,NA,4b1bdd_2026-01-15 13:38:16,2026-01-15,2026-01-15
4b1bdd,6.761,46.5338,1768482316,1424.94,57.92,FALSE,NA,4b1bdd_2026-01-15 13:38:16,2026-01-15,2026-01-15
4b1bdd,6.6787,46.5368,1768482496,1196.34,56.27,FALSE,NA,4b1bdd_2026-01-15 13:38:16,2026-01-15,2026-01-15
4b1bdd,6.5927,46.5677,1768482676,883.92,45.4,FALSE,NA,4b1bdd_2026-01-15 13:38:16,2026-01-15,2026-01-15
4b1bdd,6.6168,46.5414,1768482856,NA,30.39,FALSE,NA,4b1bdd_2026-01-15 13:38:16,2026-01-15,2026-01-15
4b1bdd,6.6161,46.5401,1768483036,708.66,43.46,FALSE,NA,4b1bdd_2026-01-15 13:38:16,2026-01-15,2026-01-15
4b1bdd,6.5938,46.5683,1768483216,891.54,44.47,FALSE,NA,4b1bdd_2026-01-15 13:38:16,2026-01-15,2026-01-15
4b1bdd,6.6168,46.5418,1768483396,NA,31.96,FALSE,NA,4b1bdd_2026-01-15 13:38:16,2026-01-15,2026-01-15
4b1bdd,6.6168,46.5467,1768483576,NA,31.96,FALSE,NA,4b1bdd_2026-01-15 13:38:16,2026-01-15,2026-01-15
4b1bdd,6.5854,46.5617,1768483756,883.92,44.7,FALSE,NA,4b1bdd_2026-01-15 13:38:16,2026-01-15,2026-01-15
4b1af2,6.6167,46.5456,1768480738,670.56,38.16,FALSE,NA,4b1af2_2026-01-15 13:38:58,2026-01-15,2026-01-15
4b1af2,6.5752,46.5178,1768480918,1463.04,56.41,FALSE,NA,4b1af2_2026-01-15 13:38:58,2026-01-15,2026-01-15
4b1af2,6.5915,46.6232,1768481098,1897.38,74.12,FALSE,NA,4b1af2_2026-01-15 13:38:58,2026-01-15,2026-01-15
4b1af2,6.6084,46.7445,1768481278,1836.42,74.62,FALSE,NA,4b1af2_2026-01-15 13:38:58,2026-01-15,2026-01-15
4b1af2,6.6608,46.8561,1768481458,1836.42,72.92,FALSE,NA,4b1af2_2026-01-15 13:38:58,2026-01-15,2026-01-15
4b1af2,6.7088,46.9711,1768481638,1744.98,75.67,FALSE,NA,4b1af2_2026-01-15 13:38:58,2026-01-15,2026-01-15
4b25ea,6.6167,46.546,1768481940,662.94,33.54,FALSE,NA,4b25ea_2026-01-15 13:59:00,2026-01-15,2026-01-15
4b25ea,6.6463,46.4998,1768482120,1333.5,47.87,FALSE,NA,4b25ea_2026-01-15 13:59:00,2026-01-15,2026-01-15
4b25ea,6.7658,46.4997,1768482300,1409.7,49.48,FALSE,NA,4b25ea_2026-01-15 13:59:00,2026-01-15,2026-01-15
4b25ea,6.8401,46.5715,1768482480,1562.1,64.86,FALSE,NA,4b25ea_2026-01-15 13:59:00,2026-01-15,2026-01-15
4b25ea,6.8906,46.6509,1768482660,1432.56,58.92,FALSE,NA,4b25ea_2026-01-15 13:59:00,2026-01-15,2026-01-15
4b25ea,6.8524,46.625,1768482840,1554.48,42.42,FALSE,NA,4b25ea_2026-01-15 13:59:00,2026-01-15,2026-01-15
4b25ea,6.8547,46.6127,1768483020,1424.94,54.79,FALSE,NA,4b25ea_2026-01-15 13:59:00,2026-01-15,2026-01-15
4b25ea,6.8374,46.6034,1768483200,1569.72,49.59,FALSE,NA,4b25ea_2026-01-15 13:59:00,2026-01-15,2026-01-15
4b25ea,6.7897,46.5887,1768483380,1577.34,48.57,FALSE,NA,4b25ea_2026-01-15 13:59:00,2026-01-15,2026-01-15
4b25ea,6.8586,46.6214,1768483560,1546.86,58.75,FALSE,NA,4b25ea_2026-01-15 13:59:00,2026-01-15,2026-01-15
4b25ea,6.969,46.6332,1768483740,1432.56,54.62,FALSE,NA,4b25ea_2026-01-15 13:59:00,2026-01-15,2026-01-15
4b25ea,6.8916,46.6051,1768483920,1417.32,51.44,FALSE,NA,4b25ea_2026-01-15 13:59:00,2026-01-15,2026-01-15
4b25ea,6.7939,46.6157,1768484100,1432.56,40.65,FALSE,NA,4b25ea_2026-01-15 13:59:00,2026-01-15,2026-01-15
4b25ea,6.7487,46.6055,1768484280,1577.34,48.97,FALSE,NA,4b25ea_2026-01-15 13:59:00,2026-01-15,2026-01-15
4b25ea,6.7683,46.5643,1768484460,1341.12,43.74,FALSE,NA,4b25ea_2026-01-15 13:59:00,2026-01-15,2026-01-15
4b25ea,6.7231,46.5205,1768484640,1242.06,57.06,FALSE,NA,4b25ea_2026-01-15 13:59:00,2026-01-15,2026-01-15
4b25ea,6.6414,46.5528,1768484820,1158.24,48.17,FALSE,NA,4b25ea_2026-01-15 13:59:00,2026-01-15,2026-01-15
4b25ea,6.6145,46.5672,1768485000,891.54,34.88,FALSE,NA,4b25ea_2026-01-15 13:59:00,2026-01-15,2026-01-15
4b25ea,6.6168,46.5465,1768489543,NA,NA,FALSE,NA,4b25ea_2026-01-15 16:05:43,2026-01-15,2026-01-15
4b25ea,6.5784,46.5128,1768489723,944.88,37.93,FALSE,NA,4b25ea_2026-01-15 16:05:43,2026-01-15,2026-01-15
4b25ea,6.5669,46.5753,1768489903,1005.84,48.53,FALSE,NA,4b25ea_2026-01-15 16:05:43,2026-01-15,2026-01-15
4b25ea,6.6188,46.5696,1768490083,838.2,39.63,FALSE,NA,4b25ea_2026-01-15 16:05:43,2026-01-15,2026-01-15
4b25ea,6.5832,46.5282,1768490263,853.44,51.08,FALSE,NA,4b25ea_2026-01-15 16:05:43,2026-01-15,2026-01-15
4b25ea,6.6175,46.5536,1768490443,731.52,37.64,FALSE,NA,4b25ea_2026-01-15 16:05:43,2026-01-15,2026-01-15
4b25ea,6.5805,46.5426,1768490623,868.68,45.58,FALSE,NA,4b25ea_2026-01-15 16:05:43,2026-01-15,2026-01-15
4b25ea,6.6167,46.5458,1768490803,662.94,27.82,FALSE,NA,4b25ea_2026-01-15 16:05:43,2026-01-15,2026-01-15
4b25ea,6.5858,46.5572,1768490983,891.54,44.59,FALSE,NA,4b25ea_2026-01-15 16:05:43,2026-01-15,2026-01-15
4b3303,6.6181,46.547,1768497649,NA,0,FALSE,NA,4b3303_2026-01-15 18:20:49,2026-01-15,2026-01-15
4b3303,6.6728,46.566,1768497829,1181.1,54.26,FALSE,NA,4b3303_2026-01-15 18:20:49,2026-01-15,2026-01-15
4b3303,6.7001,46.577,1768498009,952.5,8.23,FALSE,NA,4b3303_2026-01-15 18:20:49,2026-01-15,2026-01-15
4b3303,6.7013,46.5777,1768498189,937.26,5.14,FALSE,NA,4b3303_2026-01-15 18:20:49,2026-01-15,2026-01-15
4b3303,6.7008,46.5772,1768498369,952.5,6.22,FALSE,NA,4b3303_2026-01-15 18:20:49,2026-01-15,2026-01-15
4b3303,6.7003,46.5808,1768498549,1021.08,9.76,FALSE,NA,4b3303_2026-01-15 18:20:49,2026-01-15,2026-01-15
4b3303,6.7003,46.5765,1768498729,967.74,1.46,FALSE,NA,4b3303_2026-01-15 18:20:49,2026-01-15,2026-01-15
4b3303,6.6885,46.5714,1768498909,1165.86,18.53,FALSE,NA,4b3303_2026-01-15 18:20:49,2026-01-15,2026-01-15
4b3303,6.6221,46.5473,1768499089,762,25.85,FALSE,NA,4b3303_2026-01-15 18:20:49,2026-01-15,2026-01-15
4b3303,6.6181,46.547,1768497653,678.18,0,FALSE,NA,4b3303_2026-01-15 18:20:53,2026-01-15,2026-01-15
4b3303,6.6753,46.567,1768497833,1196.34,54.8,FALSE,NA,4b3303_2026-01-15 18:20:53,2026-01-15,2026-01-15
4b3303,6.7001,46.5771,1768498013,960.12,9.49,FALSE,NA,4b3303_2026-01-15 18:20:53,2026-01-15,2026-01-15
4b3303,6.7011,46.5776,1768498193,937.26,5.3,FALSE,NA,4b3303_2026-01-15 18:20:53,2026-01-15,2026-01-15
4b3303,6.7006,46.577,1768498373,952.5,5.75,FALSE,NA,4b3303_2026-01-15 18:20:53,2026-01-15,2026-01-15
4b3303,6.7007,46.5806,1768498553,1005.84,9.27,FALSE,NA,4b3303_2026-01-15 18:20:53,2026-01-15,2026-01-15
4b3303,6.7003,46.5764,1768498733,975.36,1.15,FALSE,NA,4b3303_2026-01-15 18:20:53,2026-01-15,2026-01-15
4b3303,6.6874,46.5714,1768498913,1173.48,20.58,FALSE,NA,4b3303_2026-01-15 18:20:53,2026-01-15,2026-01-15
4b3303,6.621,46.5468,1768499093,731.52,21.02,FALSE,NA,4b3303_2026-01-15 18:20:53,2026-01-15,2026-01-15
46316e,6.6165,46.5431,1768549055,678.18,51.51,FALSE,NA,46316e_2026-01-16 08:37:35,2026-01-16,2026-01-16
46316e,6.5207,46.5847,1768549235,2377.44,77.85,FALSE,NA,46316e_2026-01-16 08:37:35,2026-01-16,2026-01-16
46316e,6.4121,46.5051,1768549415,4305.3,73.89,FALSE,NA,46316e_2026-01-16 08:37:35,2026-01-16,2026-01-16
46316e,6.2636,46.4089,1768549595,5227.32,115.36,FALSE,NA,46316e_2026-01-16 08:37:35,2026-01-16,2026-01-16
46316e,6.0542,46.2721,1768549775,5227.32,125.17,FALSE,NA,46316e_2026-01-16 08:37:35,2026-01-16,2026-01-16
46316e,5.8429,46.1329,1768549955,5227.32,123.36,FALSE,NA,46316e_2026-01-16 08:37:35,2026-01-16,2026-01-16
46316e,5.6312,45.9988,1768550135,5227.32,123.18,FALSE,NA,46316e_2026-01-16 08:37:35,2026-01-16,2026-01-16
46316e,5.4054,45.8765,1768550315,5227.32,123.58,FALSE,NA,46316e_2026-01-16 08:37:35,2026-01-16,2026-01-16
46316e,5.1796,45.7533,1768550495,5227.32,124.62,FALSE,NA,46316e_2026-01-16 08:37:35,2026-01-16,2026-01-16
46316e,4.9509,45.6275,1768550675,5227.32,126.3,FALSE,NA,46316e_2026-01-16 08:37:35,2026-01-16,2026-01-16
46316e,4.7185,45.4987,1768550855,5227.32,130,FALSE,NA,46316e_2026-01-16 08:37:35,2026-01-16,2026-01-16
46316e,4.4845,45.3681,1768551035,5227.32,131.12,FALSE,NA,46316e_2026-01-16 08:37:35,2026-01-16,2026-01-16
46316e,4.2506,45.2357,1768551215,5227.32,129.51,FALSE,NA,46316e_2026-01-16 08:37:35,2026-01-16,2026-01-16
46316e,4.0226,45.1048,1768551395,5227.32,127.8,FALSE,NA,46316e_2026-01-16 08:37:35,2026-01-16,2026-01-16
46316e,3.796,44.9767,1768551575,5227.32,126.14,FALSE,NA,46316e_2026-01-16 08:37:35,2026-01-16,2026-01-16
46316e,3.576,44.8497,1768551755,5219.7,124.7,FALSE,NA,46316e_2026-01-16 08:37:35,2026-01-16,2026-01-16
46316e,3.3589,44.7234,1768551935,5219.7,122.85,FALSE,NA,46316e_2026-01-16 08:37:35,2026-01-16,2026-01-16
46316e,3.1261,44.6127,1768552115,5219.7,129.58,FALSE,NA,46316e_2026-01-16 08:37:35,2026-01-16,2026-01-16
46316e,2.8355,44.5909,1768552295,5212.08,127.73,FALSE,NA,46316e_2026-01-16 08:37:35,2026-01-16,2026-01-16
46316e,2.5626,44.5276,1768552475,5212.08,126.57,FALSE,NA,46316e_2026-01-16 08:37:35,2026-01-16,2026-01-16
46316e,2.2851,44.4626,1768552655,5212.08,128.85,FALSE,NA,46316e_2026-01-16 08:37:35,2026-01-16,2026-01-16
46316e,2.01,44.3971,1768552835,5204.46,129.01,FALSE,NA,46316e_2026-01-16 08:37:35,2026-01-16,2026-01-16
46316e,1.7318,44.3302,1768553015,5204.46,130.31,FALSE,NA,46316e_2026-01-16 08:37:35,2026-01-16,2026-01-16
46316e,1.4495,44.2612,1768553195,4259.58,133.24,FALSE,NA,46316e_2026-01-16 08:37:35,2026-01-16,2026-01-16
46316e,1.172,44.1928,1768553375,2903.22,128.19,FALSE,NA,46316e_2026-01-16 08:37:35,2026-01-16,2026-01-16
4d02a5,6.6167,46.5461,1768563151,670.56,49.48,FALSE,NA,4d02a5_2026-01-16 12:32:31,2026-01-16,2026-01-16
4d02a5,6.6246,46.6777,1768563331,1569.72,92.21,FALSE,NA,4d02a5_2026-01-16 12:32:31,2026-01-16,2026-01-16
4d02a5,6.6029,46.8163,1768563511,1874.52,97.37,FALSE,NA,4d02a5_2026-01-16 12:32:31,2026-01-16,2026-01-16
4d02a5,6.6909,46.9685,1768563691,1783.08,104.25,FALSE,NA,4d02a5_2026-01-16 12:32:31,2026-01-16,2026-01-16
4b1bdd,6.6169,46.5491,1768563401,701.04,36.03,FALSE,NA,4b1bdd_2026-01-16 12:36:41,2026-01-16,2026-01-16
4b1bdd,6.6238,46.6202,1768563581,1295.4,51.54,FALSE,NA,4b1bdd_2026-01-16 12:36:41,2026-01-16,2026-01-16
4b1bdd,6.7509,46.6173,1768563761,1371.6,55.65,FALSE,NA,4b1bdd_2026-01-16 12:36:41,2026-01-16,2026-01-16
4b1bdd,6.8774,46.6001,1768563941,1668.78,52.57,FALSE,NA,4b1bdd_2026-01-16 12:36:41,2026-01-16,2026-01-16
4b1bdd,6.9945,46.5715,1768564121,2026.92,54.09,FALSE,NA,4b1bdd_2026-01-16 12:36:41,2026-01-16,2026-01-16
4b1bdd,6.9548,46.5019,1768564301,1889.76,66.62,FALSE,NA,4b1bdd_2026-01-16 12:36:41,2026-01-16,2026-01-16
4b1bdd,6.8004,46.493,1768564481,1363.98,67.91,FALSE,NA,4b1bdd_2026-01-16 12:36:41,2026-01-16,2026-01-16
4b1bdd,6.6515,46.503,1768564661,1021.08,56.27,FALSE,NA,4b1bdd_2026-01-16 12:36:41,2026-01-16,2026-01-16
4b1bdd,6.6165,46.5431,1768569880,NA,NA,FALSE,NA,4b1bdd_2026-01-16 14:24:40,2026-01-16,2026-01-16
4b1bdd,6.5712,46.5044,1768570060,1112.52,60.74,FALSE,NA,4b1bdd_2026-01-16 14:24:40,2026-01-16,2026-01-16
4b1bdd,6.5763,46.582,1768570240,1089.66,54.85,FALSE,NA,4b1bdd_2026-01-16 14:24:40,2026-01-16,2026-01-16
4b1bdd,6.596,46.6167,1768570420,1242.06,50.51,FALSE,NA,4b1bdd_2026-01-16 14:24:40,2026-01-16,2026-01-16
4b1bdd,6.6688,46.5702,1768570600,1264.92,54.88,FALSE,NA,4b1bdd_2026-01-16 14:24:40,2026-01-16,2026-01-16
4b1bdd,6.5976,46.5631,1768570780,1043.94,41.57,FALSE,NA,4b1bdd_2026-01-16 14:24:40,2026-01-16,2026-01-16
4b1bdd,6.616,46.5184,1768570960,876.3,48.36,FALSE,NA,4b1bdd_2026-01-16 14:24:40,2026-01-16,2026-01-16
4b1bdd,6.655,46.5416,1768571140,1264.92,64.39,FALSE,NA,4b1bdd_2026-01-16 14:24:40,2026-01-16,2026-01-16
4b1bdd,6.6178,46.5566,1768571320,754.38,44.39,FALSE,NA,4b1bdd_2026-01-16 14:24:40,2026-01-16,2026-01-16
4b1bdd,6.5849,46.5439,1768571500,845.82,47.85,FALSE,NA,4b1bdd_2026-01-16 14:24:40,2026-01-16,2026-01-16
4b1bdd,6.617,46.5482,1768571680,678.18,30.94,FALSE,NA,4b1bdd_2026-01-16 14:24:40,2026-01-16,2026-01-16
4b1af2,6.6167,46.5453,1768573865,670.56,36.1,FALSE,NA,4b1af2_2026-01-16 15:31:05,2026-01-16,2026-01-16
4b1af2,6.5897,46.5606,1768574045,845.82,40.57,FALSE,NA,4b1af2_2026-01-16 15:31:05,2026-01-16,2026-01-16
4b1af2,6.6164,46.5413,1768574225,NA,5.75,FALSE,NA,4b1af2_2026-01-16 15:31:05,2026-01-16,2026-01-16
4b1af2,6.6175,46.549,1768574405,NA,5.75,FALSE,NA,4b1af2_2026-01-16 15:31:05,2026-01-16,2026-01-16
4b1af2,6.584,46.5344,1768574585,861.06,44.48,FALSE,NA,4b1af2_2026-01-16 15:31:05,2026-01-16,2026-01-16
4b1af2,6.6175,46.5544,1768574765,723.9,38.12,FALSE,NA,4b1af2_2026-01-16 15:31:05,2026-01-16,2026-01-16
4b1af2,6.6031,46.4886,1768574945,1295.4,43.98,FALSE,NA,4b1af2_2026-01-16 15:31:05,2026-01-16,2026-01-16
4b1af2,6.688,46.467,1768575125,1569.72,56.83,FALSE,NA,4b1af2_2026-01-16 15:31:05,2026-01-16,2026-01-16
4b1af2,6.7337,46.4555,1768575305,1577.34,55.26,FALSE,NA,4b1af2_2026-01-16 15:31:05,2026-01-16,2026-01-16
4b1af2,6.7961,46.44,1768575485,1569.72,50.46,FALSE,NA,4b1af2_2026-01-16 15:31:05,2026-01-16,2026-01-16
4b1af2,6.8415,46.4859,1768575665,1600.2,41.08,FALSE,NA,4b1af2_2026-01-16 15:31:05,2026-01-16,2026-01-16
4b1af2,6.8387,46.5113,1768575845,1623.06,52.41,FALSE,NA,4b1af2_2026-01-16 15:31:05,2026-01-16,2026-01-16
4b1af2,6.8117,46.5881,1768576025,1417.32,51.32,FALSE,NA,4b1af2_2026-01-16 15:31:05,2026-01-16,2026-01-16
4b1af2,6.7947,46.6211,1768576205,982.98,50,FALSE,NA,4b1af2_2026-01-16 15:31:05,2026-01-16,2026-01-16
4b1af2,6.831,46.6612,1768576385,1242.06,59.03,FALSE,NA,4b1af2_2026-01-16 15:31:05,2026-01-16,2026-01-16
4b1af2,6.7709,46.6851,1768576565,1257.3,61.23,FALSE,NA,4b1af2_2026-01-16 15:31:05,2026-01-16,2026-01-16
4b1af2,6.6673,46.6419,1768576745,1150.62,55.6,FALSE,NA,4b1af2_2026-01-16 15:31:05,2026-01-16,2026-01-16
4b1af2,6.6184,46.5743,1768576925,906.78,50.03,FALSE,NA,4b1af2_2026-01-16 15:31:05,2026-01-16,2026-01-16
4b1af2,6.6164,46.5434,1768573869,701.04,35.68,FALSE,NA,4b1af2_2026-01-16 15:31:09,2026-01-16,2026-01-16
4b1af2,6.5901,46.5619,1768574049,853.44,39.3,FALSE,NA,4b1af2_2026-01-16 15:31:09,2026-01-16,2026-01-16
4b1af2,6.6166,46.5413,1768574229,NA,5.75,FALSE,NA,4b1af2_2026-01-16 15:31:09,2026-01-16,2026-01-16
4b1af2,6.6172,46.549,1768574409,NA,5.75,FALSE,NA,4b1af2_2026-01-16 15:31:09,2026-01-16,2026-01-16
4b1af2,6.5843,46.5359,1768574589,868.68,44.03,FALSE,NA,4b1af2_2026-01-16 15:31:09,2026-01-16,2026-01-16
4b1af2,6.6175,46.553,1768574769,723.9,37.07,FALSE,NA,4b1af2_2026-01-16 15:31:09,2026-01-16,2026-01-16
4b1af2,6.6043,46.4874,1768574949,1310.64,41.83,FALSE,NA,4b1af2_2026-01-16 15:31:09,2026-01-16,2026-01-16
4b1af2,6.6909,46.466,1768575129,1569.72,58.44,FALSE,NA,4b1af2_2026-01-16 15:31:09,2026-01-16,2026-01-16
4b1af2,6.7363,46.4547,1768575309,1562.1,57.82,FALSE,NA,4b1af2_2026-01-16 15:31:09,2026-01-16,2026-01-16
4b1af2,6.7985,46.4393,1768575489,1577.34,49.4,FALSE,NA,4b1af2_2026-01-16 15:31:09,2026-01-16,2026-01-16
4b1af2,6.8423,46.4873,1768575669,1600.2,40.13,FALSE,NA,4b1af2_2026-01-16 15:31:09,2026-01-16,2026-01-16
4b1af2,6.8373,46.5128,1768575849,1630.68,52.52,FALSE,NA,4b1af2_2026-01-16 15:31:09,2026-01-16,2026-01-16
4b1af2,6.8141,46.5873,1768576029,1386.84,50.63,FALSE,NA,4b1af2_2026-01-16 15:31:09,2026-01-16,2026-01-16
4b1af2,6.7947,46.6211,1768576209,982.98,50,FALSE,NA,4b1af2_2026-01-16 15:31:09,2026-01-16,2026-01-16
4b1af2,6.8312,46.663,1768576389,1234.44,58.32,FALSE,NA,4b1af2_2026-01-16 15:31:09,2026-01-16,2026-01-16
4b1af2,6.7679,46.6858,1768576569,1257.3,61.34,FALSE,NA,4b1af2_2026-01-16 15:31:09,2026-01-16,2026-01-16
4b1af2,6.6645,46.6403,1768576749,1127.76,55.13,FALSE,NA,4b1af2_2026-01-16 15:31:09,2026-01-16,2026-01-16
4b1af2,6.6186,46.5724,1768576929,876.3,48.92,FALSE,NA,4b1af2_2026-01-16 15:31:09,2026-01-16,2026-01-16
4b1bdd,6.6164,46.5435,1768575007,NA,NA,FALSE,NA,4b1bdd_2026-01-16 15:50:07,2026-01-16,2026-01-16
4b1bdd,6.557,46.51,1768575187,1165.86,54.26,FALSE,NA,4b1bdd_2026-01-16 15:50:07,2026-01-16,2026-01-16
4b1bdd,6.5693,46.5911,1768575367,1295.4,57.18,FALSE,NA,4b1bdd_2026-01-16 15:50:07,2026-01-16,2026-01-16
4b1bdd,6.6199,46.5775,1768575547,952.5,49.14,FALSE,NA,4b1bdd_2026-01-16 15:50:07,2026-01-16,2026-01-16
4b1bdd,6.6199,46.5137,1768575727,967.74,43.22,FALSE,NA,4b1bdd_2026-01-16 15:50:07,2026-01-16,2026-01-16
4b1bdd,6.6897,46.5453,1768575907,1310.64,60.8,FALSE,NA,4b1bdd_2026-01-16 15:50:07,2026-01-16,2026-01-16
4b1bdd,6.6373,46.6264,1768576087,1181.1,62.76,FALSE,NA,4b1bdd_2026-01-16 15:50:07,2026-01-16,2026-01-16
4b1bdd,6.6176,46.5547,1768576267,731.52,33.02,FALSE,NA,4b1bdd_2026-01-16 15:50:07,2026-01-16,2026-01-16
4b28b1,6.6164,46.5428,1768641711,655.32,25.25,FALSE,NA,4b28b1_2026-01-17 10:21:51,2026-01-17,2026-01-17
4b28b1,6.5984,46.6049,1768641891,1356.36,45.57,FALSE,NA,4b28b1_2026-01-17 10:21:51,2026-01-17,2026-01-17
4b28b1,6.5692,46.6816,1768642071,1943.1,55.16,FALSE,NA,4b28b1_2026-01-17 10:21:51,2026-01-17,2026-01-17
4b28b1,6.5745,46.7696,1768642251,2430.78,57.7,FALSE,NA,4b28b1_2026-01-17 10:21:51,2026-01-17,2026-01-17
4b28b1,6.5825,46.8728,1768642431,2499.36,64.92,FALSE,NA,4b28b1_2026-01-17 10:21:51,2026-01-17,2026-01-17
4b28b1,6.5925,46.9708,1768642611,2209.8,57.59,FALSE,NA,4b28b1_2026-01-17 10:21:51,2026-01-17,2026-01-17
4b28b1,6.6807,47.0205,1768642791,1805.94,44.09,FALSE,NA,4b28b1_2026-01-17 10:21:51,2026-01-17,2026-01-17
4b28b1,6.7561,47.0645,1768642971,1516.38,42.95,FALSE,NA,4b28b1_2026-01-17 10:21:51,2026-01-17,2026-01-17
4b28b1,6.8398,47.1112,1768643151,1798.32,45.39,FALSE,NA,4b28b1_2026-01-17 10:21:51,2026-01-17,2026-01-17
4b28b1,6.9315,47.1632,1768643331,2179.32,58.7,FALSE,NA,4b28b1_2026-01-17 10:21:51,2026-01-17,2026-01-17
4b28b1,6.937,47.1935,1768643511,2171.7,58.62,FALSE,NA,4b28b1_2026-01-17 10:21:51,2026-01-17,2026-01-17
4b28b1,6.8452,47.1232,1768643691,2171.7,57.98,FALSE,NA,4b28b1_2026-01-17 10:21:51,2026-01-17,2026-01-17
4b28b1,6.7683,47.0486,1768643871,2179.32,49,FALSE,NA,4b28b1_2026-01-17 10:21:51,2026-01-17,2026-01-17
4b28b1,6.8068,47.085,1768644051,2194.56,51.25,FALSE,NA,4b28b1_2026-01-17 10:21:51,2026-01-17,2026-01-17
4b28b1,6.7317,47.0324,1768644231,2171.7,58.66,FALSE,NA,4b28b1_2026-01-17 10:21:51,2026-01-17,2026-01-17
4b28b1,6.6532,46.9652,1768644411,2194.56,48.77,FALSE,NA,4b28b1_2026-01-17 10:21:51,2026-01-17,2026-01-17
4b28b1,6.5641,46.9461,1768644591,2171.7,63.09,FALSE,NA,4b28b1_2026-01-17 10:21:51,2026-01-17,2026-01-17
4b28b1,6.6534,47.0046,1768644771,2011.68,49.41,FALSE,NA,4b28b1_2026-01-17 10:21:51,2026-01-17,2026-01-17
4b1bdd,6.617,46.5492,1768643598,693.42,36.62,FALSE,NA,4b1bdd_2026-01-17 10:53:18,2026-01-17,2026-01-17
4b1bdd,6.6071,46.5222,1768643778,853.44,43.22,FALSE,NA,4b1bdd_2026-01-17 10:53:18,2026-01-17,2026-01-17
4b1bdd,6.5823,46.5494,1768643958,861.06,53.55,FALSE,NA,4b1bdd_2026-01-17 10:53:18,2026-01-17,2026-01-17
4b1bdd,6.6171,46.5498,1768644138,701.04,35.56,FALSE,NA,4b1bdd_2026-01-17 10:53:18,2026-01-17,2026-01-17
4b1bdd,6.6114,46.5262,1768644318,838.2,39.11,FALSE,NA,4b1bdd_2026-01-17 10:53:18,2026-01-17,2026-01-17
4b32fe,6.6182,46.5472,1768646255,685.8,0,FALSE,NA,4b32fe_2026-01-17 11:37:35,2026-01-17,2026-01-17
4b32fe,6.7043,46.5117,1768646435,990.6,55.14,FALSE,NA,4b32fe_2026-01-17 11:37:35,2026-01-17,2026-01-17
4b32fe,6.8107,46.4697,1768646615,1310.64,49.09,FALSE,NA,4b32fe_2026-01-17 11:37:35,2026-01-17,2026-01-17
4b32fe,6.9072,46.4257,1768646795,1645.92,52.36,FALSE,NA,4b32fe_2026-01-17 11:37:35,2026-01-17,2026-01-17
4b32fe,7.0025,46.3816,1768646975,2202.18,45.32,FALSE,NA,4b32fe_2026-01-17 11:37:35,2026-01-17,2026-01-17
4b3303,6.6181,46.547,1768646697,678.18,0,FALSE,NA,4b3303_2026-01-17 11:44:57,2026-01-17,2026-01-17
4b3303,6.6716,46.5524,1768646877,1371.6,40.33,FALSE,NA,4b3303_2026-01-17 11:44:57,2026-01-17,2026-01-17
4b3303,6.8056,46.5755,1768647057,1432.56,64.83,FALSE,NA,4b3303_2026-01-17 11:44:57,2026-01-17,2026-01-17
4b3303,6.952,46.5891,1768647237,1584.96,67.45,FALSE,NA,4b3303_2026-01-17 11:44:57,2026-01-17,2026-01-17
4b3303,7.1036,46.6296,1768647417,1584.96,66.6,FALSE,NA,4b3303_2026-01-17 11:44:57,2026-01-17,2026-01-17
4b3303,7.2324,46.66,1768647597,1699.26,62.27,FALSE,NA,4b3303_2026-01-17 11:44:57,2026-01-17,2026-01-17
4b3303,7.3661,46.6641,1768647777,2087.88,61.77,FALSE,NA,4b3303_2026-01-17 11:44:57,2026-01-17,2026-01-17
4b3303,7.4566,46.6709,1768647957,2103.12,60.2,FALSE,NA,4b3303_2026-01-17 11:44:57,2026-01-17,2026-01-17
4b3303,7.6254,46.6777,1768648137,1790.7,67.44,FALSE,NA,4b3303_2026-01-17 11:44:57,2026-01-17,2026-01-17
4b3303,7.765,46.6638,1768648317,1135.38,62.28,FALSE,NA,4b3303_2026-01-17 11:44:57,2026-01-17,2026-01-17
4856ed,6.6166,46.5447,1768651668,NA,45.93,FALSE,NA,4856ed_2026-01-17 13:07:48,2026-01-17,2026-01-17
4856ed,6.5726,46.6534,1768651848,2110.74,87.49,FALSE,NA,4856ed_2026-01-17 13:07:48,2026-01-17,2026-01-17
4856ed,6.473,46.7766,1768652028,3749.04,85.44,FALSE,NA,4856ed_2026-01-17 13:07:48,2026-01-17,2026-01-17
4856ed,6.3723,46.9007,1768652208,5113.02,91.89,FALSE,NA,4856ed_2026-01-17 13:07:48,2026-01-17,2026-01-17
4856ed,6.2592,47.039,1768652388,6240.78,102.29,FALSE,NA,4856ed_2026-01-17 13:07:48,2026-01-17,2026-01-17
4856ed,6.1459,47.193,1768652568,7315.2,109.05,FALSE,NA,4856ed_2026-01-17 13:07:48,2026-01-17,2026-01-17
4856ed,6.0344,47.3991,1768652748,7376.16,156.4,FALSE,NA,4856ed_2026-01-17 13:07:48,2026-01-17,2026-01-17
4856ed,6.0395,47.6563,1768652928,7376.16,162.07,FALSE,NA,4856ed_2026-01-17 13:07:48,2026-01-17,2026-01-17
4856ed,6.0469,47.9194,1768653108,7376.16,162.6,FALSE,NA,4856ed_2026-01-17 13:07:48,2026-01-17,2026-01-17
4856ed,6.0552,48.1829,1768653288,7376.16,163.63,FALSE,NA,4856ed_2026-01-17 13:07:48,2026-01-17,2026-01-17
4856ed,6.0655,48.4473,1768653468,7376.16,163.66,FALSE,NA,4856ed_2026-01-17 13:07:48,2026-01-17,2026-01-17
4856ed,6.0772,48.7119,1768653648,7376.16,163.14,FALSE,NA,4856ed_2026-01-17 13:07:48,2026-01-17,2026-01-17
4856ed,6.089,48.9742,1768653828,7376.16,161.09,FALSE,NA,4856ed_2026-01-17 13:07:48,2026-01-17,2026-01-17
4856ed,6.1007,49.2336,1768654008,7368.54,161.62,FALSE,NA,4856ed_2026-01-17 13:07:48,2026-01-17,2026-01-17
4856ed,6.1127,49.4947,1768654188,7368.54,161.1,FALSE,NA,4856ed_2026-01-17 13:07:48,2026-01-17,2026-01-17
4856ed,6.1248,49.7558,1768654368,7368.54,161.6,FALSE,NA,4856ed_2026-01-17 13:07:48,2026-01-17,2026-01-17
4856ed,6.0771,50.0112,1768654548,7368.54,159.25,FALSE,NA,4856ed_2026-01-17 13:07:48,2026-01-17,2026-01-17
4856ed,5.9881,50.2621,1768654728,7360.92,159.98,FALSE,NA,4856ed_2026-01-17 13:07:48,2026-01-17,2026-01-17
4856ed,5.897,50.5158,1768654908,7254.24,164.72,FALSE,NA,4856ed_2026-01-17 13:07:48,2026-01-17,2026-01-17
4856ed,5.7007,50.7193,1768655088,6553.2,148.47,FALSE,NA,4856ed_2026-01-17 13:07:48,2026-01-17,2026-01-17
4856ed,5.4041,50.8588,1768655268,4975.86,140.86,FALSE,NA,4856ed_2026-01-17 13:07:48,2026-01-17,2026-01-17
4856ed,5.1054,50.9706,1768655448,3322.32,136.11,FALSE,NA,4856ed_2026-01-17 13:07:48,2026-01-17,2026-01-17
4856ed,4.8101,51.0738,1768655628,1661.16,127.57,FALSE,NA,4856ed_2026-01-17 13:07:48,2026-01-17,2026-01-17
4856ed,4.5496,51.1741,1768655808,381,107.65,FALSE,NA,4856ed_2026-01-17 13:07:48,2026-01-17,2026-01-17
4b25ea,6.6167,46.5449,1768651908,662.94,32.48,FALSE,NA,4b25ea_2026-01-17 13:11:48,2026-01-17,2026-01-17
4b25ea,6.6158,46.6081,1768652088,1219.2,45.69,FALSE,NA,4b25ea_2026-01-17 13:11:48,2026-01-17,2026-01-17
4b25ea,6.6998,46.6494,1768652268,1417.32,52.53,FALSE,NA,4b25ea_2026-01-17 13:11:48,2026-01-17,2026-01-17
4b25ea,6.8208,46.6746,1768652448,1417.32,55.15,FALSE,NA,4b25ea_2026-01-17 13:11:48,2026-01-17,2026-01-17
4b25ea,6.9399,46.708,1768652628,1417.32,55.79,FALSE,NA,4b25ea_2026-01-17 13:11:48,2026-01-17,2026-01-17
4b25ea,7.0462,46.7571,1768652808,1424.94,53.41,FALSE,NA,4b25ea_2026-01-17 13:11:48,2026-01-17,2026-01-17
4b25ea,7.1489,46.8049,1768652988,1424.94,51.53,FALSE,NA,4b25ea_2026-01-17 13:11:48,2026-01-17,2026-01-17
4b25ea,7.2192,46.8684,1768653168,1272.54,50.06,FALSE,NA,4b25ea_2026-01-17 13:11:48,2026-01-17,2026-01-17
4b25ea,7.3099,46.9166,1768653348,1127.76,50.27,FALSE,NA,4b25ea_2026-01-17 13:11:48,2026-01-17,2026-01-17
4b25ea,7.4174,46.929,1768653528,1021.08,40.43,FALSE,NA,4b25ea_2026-01-17 13:11:48,2026-01-17,2026-01-17
4b25ea,7.4985,46.913,1768653708,556.26,34.71,FALSE,NA,4b25ea_2026-01-17 13:11:48,2026-01-17,2026-01-17
4b25ea,7.5155,46.9221,1768653888,967.74,43.84,FALSE,NA,4b25ea_2026-01-17 13:11:48,2026-01-17,2026-01-17
4b40c8,NA,NA,1768658289,NA,0,FALSE,NA,4b40c8_2026-01-17 14:58:09,2026-01-17,2026-01-17
4b40c8,6.6164,46.5429,1768658469,662.94,34.53,FALSE,NA,4b40c8_2026-01-17 14:58:09,2026-01-17,2026-01-17
4b40c8,6.6871,46.586,1768658649,1546.86,61.77,FALSE,NA,4b40c8_2026-01-17 14:58:09,2026-01-17,2026-01-17
4b40c8,6.845,46.5877,1768658829,1600.2,70.67,FALSE,NA,4b40c8_2026-01-17 14:58:09,2026-01-17,2026-01-17
4b40c8,6.9847,46.5735,1768659009,2034.54,55.91,FALSE,NA,4b40c8_2026-01-17 14:58:09,2026-01-17,2026-01-17
4b40c8,7.1169,46.6263,1768659189,2179.32,68.2,FALSE,NA,4b40c8_2026-01-17 14:58:09,2026-01-17,2026-01-17
4b40c8,7.262,46.6783,1768659369,2194.56,68.64,FALSE,NA,4b40c8_2026-01-17 14:58:09,2026-01-17,2026-01-17
4b40c8,7.4152,46.7216,1768659549,2194.56,72.8,FALSE,NA,4b40c8_2026-01-17 14:58:09,2026-01-17,2026-01-17
4b40c8,7.574,46.7676,1768659729,2194.56,73.18,FALSE,NA,4b40c8_2026-01-17 14:58:09,2026-01-17,2026-01-17
4b40c8,7.7358,46.8106,1768659909,2186.94,73.88,FALSE,NA,4b40c8_2026-01-17 14:58:09,2026-01-17,2026-01-17
4b40c8,7.9004,46.8536,1768660089,2202.18,73.88,FALSE,NA,4b40c8_2026-01-17 14:58:09,2026-01-17,2026-01-17
4b40c8,8.0499,46.8923,1768660269,2476.5,66.78,FALSE,NA,4b40c8_2026-01-17 14:58:09,2026-01-17,2026-01-17
4b40c8,8.1997,46.9475,1768660449,2491.74,80.2,FALSE,NA,4b40c8_2026-01-17 14:58:09,2026-01-17,2026-01-17
4b40c8,8.3643,47.0171,1768660629,2217.42,81.24,FALSE,NA,4b40c8_2026-01-17 14:58:09,2026-01-17,2026-01-17
4b40c8,8.4795,47.0923,1768660809,1912.62,82.9,FALSE,NA,4b40c8_2026-01-17 14:58:09,2026-01-17,2026-01-17
4b40c8,8.3255,47.1658,1768660989,1699.26,79.06,FALSE,NA,4b40c8_2026-01-17 14:58:09,2026-01-17,2026-01-17
4b40c8,8.1932,47.2481,1768661169,1623.06,74.22,FALSE,NA,4b40c8_2026-01-17 14:58:09,2026-01-17,2026-01-17
4b40c8,8.0686,47.335,1768661349,1615.44,75.68,FALSE,NA,4b40c8_2026-01-17 14:58:09,2026-01-17,2026-01-17
4b40c8,7.9423,47.4226,1768661529,1615.44,76.04,FALSE,NA,4b40c8_2026-01-17 14:58:09,2026-01-17,2026-01-17
4b40c8,7.9408,47.5044,1768661709,1562.1,73.51,FALSE,NA,4b40c8_2026-01-17 14:58:09,2026-01-17,2026-01-17
4b40c8,8.0912,47.4906,1768661889,1295.4,71.91,FALSE,NA,4b40c8_2026-01-17 14:58:09,2026-01-17,2026-01-17
4b40c8,8.2342,47.4483,1768662069,655.32,64.97,FALSE,NA,4b40c8_2026-01-17 14:58:09,2026-01-17,2026-01-17
4b1bdd,6.6166,46.5451,1768660484,NA,33.76,FALSE,NA,4b1bdd_2026-01-17 15:34:44,2026-01-17,2026-01-17
4b1bdd,6.641,46.5953,1768660664,1333.5,45.87,FALSE,NA,4b1bdd_2026-01-17 15:34:44,2026-01-17,2026-01-17
4b1bdd,6.7281,46.5614,1768660844,1912.62,44.59,FALSE,NA,4b1bdd_2026-01-17 15:34:44,2026-01-17,2026-01-17
4b1bdd,6.8082,46.5005,1768661024,2011.68,54.57,FALSE,NA,4b1bdd_2026-01-17 15:34:44,2026-01-17,2026-01-17
4b1bdd,6.8952,46.4419,1768661204,2118.36,52.76,FALSE,NA,4b1bdd_2026-01-17 15:34:44,2026-01-17,2026-01-17
4b1bdd,6.9807,46.3878,1768661384,2385.06,56.06,FALSE,NA,4b1bdd_2026-01-17 15:34:44,2026-01-17,2026-01-17
4b1bdd,7.0273,46.3185,1768661564,2636.52,42.63,FALSE,NA,4b1bdd_2026-01-17 15:34:44,2026-01-17,2026-01-17
4b1bdd,7.073,46.2647,1768661744,2987.04,37.42,FALSE,NA,4b1bdd_2026-01-17 15:34:44,2026-01-17,2026-01-17
4b1bdd,7.1524,46.2416,1768661924,3169.92,54.09,FALSE,NA,4b1bdd_2026-01-17 15:34:44,2026-01-17,2026-01-17
4b1bdd,7.2176,46.3169,1768662104,3162.3,72.65,FALSE,NA,4b1bdd_2026-01-17 15:34:44,2026-01-17,2026-01-17
4b1bdd,7.0904,46.3788,1768662284,2720.34,72.24,FALSE,NA,4b1bdd_2026-01-17 15:34:44,2026-01-17,2026-01-17
4b1bdd,6.9919,46.4317,1768662464,2263.14,67.7,FALSE,NA,4b1bdd_2026-01-17 15:34:44,2026-01-17,2026-01-17
4b1bdd,6.8334,46.4441,1768662644,1516.38,76.17,FALSE,NA,4b1bdd_2026-01-17 15:34:44,2026-01-17,2026-01-17
4b1bdd,6.6772,46.47,1768662824,1127.76,72.57,FALSE,NA,4b1bdd_2026-01-17 15:34:44,2026-01-17,2026-01-17
4b1bdd,6.6148,46.5228,1768663004,815.34,41.36,FALSE,NA,4b1bdd_2026-01-17 15:34:44,2026-01-17,2026-01-17
4b3302,NA,NA,1768663750,NA,0,FALSE,NA,4b3302_2026-01-17 16:29:10,2026-01-17,2026-01-17
4b3302,6.6052,46.5411,1768663930,845.82,44.78,FALSE,NA,4b3302_2026-01-17 16:29:10,2026-01-17,2026-01-17
4b3302,6.5135,46.4687,1768664110,952.5,61.27,FALSE,NA,4b3302_2026-01-17 16:29:10,2026-01-17,2026-01-17
4b3302,6.4133,46.4024,1768664290,952.5,61.43,FALSE,NA,4b3302_2026-01-17 16:29:10,2026-01-17,2026-01-17
4b3302,6.2717,46.3824,1768664470,952.5,64.38,FALSE,NA,4b3302_2026-01-17 16:29:10,2026-01-17,2026-01-17
4b3302,6.1483,46.3287,1768664650,944.88,69.94,FALSE,NA,4b3302_2026-01-17 16:29:10,2026-01-17,2026-01-17
4b3302,6.6182,46.547,1768663760,670.56,0,FALSE,NA,4b3302_2026-01-17 16:29:20,2026-01-17,2026-01-17
4b3302,6.6011,46.538,1768663940,861.06,50.6,FALSE,NA,4b3302_2026-01-17 16:29:20,2026-01-17,2026-01-17
4b3302,6.5082,46.4646,1768664120,952.5,60.93,FALSE,NA,4b3302_2026-01-17 16:29:20,2026-01-17,2026-01-17
4b3302,6.4055,46.401,1768664300,952.5,61.33,FALSE,NA,4b3302_2026-01-17 16:29:20,2026-01-17,2026-01-17
4b3302,6.2631,46.3827,1768664480,952.5,64.36,FALSE,NA,4b3302_2026-01-17 16:29:20,2026-01-17,2026-01-17
4b3302,6.144,46.3227,1768664660,944.88,69.49,FALSE,NA,4b3302_2026-01-17 16:29:20,2026-01-17,2026-01-17
4b3302,6.1028,46.2377,1768664840,518.16,38.64,FALSE,NA,4b3302_2026-01-17 16:29:20,2026-01-17,2026-01-17
4b32fe,6.6181,46.547,1768743323,670.56,0,FALSE,NA,4b32fe_2026-01-18 14:35:23,2026-01-18,2026-01-18
4b32fe,6.7031,46.5259,1768743503,1074.42,57.1,FALSE,NA,4b32fe_2026-01-18 14:35:23,2026-01-18,2026-01-18
4b32fe,6.8224,46.4972,1768743683,1363.98,45.89,FALSE,NA,4b32fe_2026-01-18 14:35:23,2026-01-18,2026-01-18
4b32fe,6.9331,46.4697,1768743863,1729.74,55.48,FALSE,NA,4b32fe_2026-01-18 14:35:23,2026-01-18,2026-01-18
4b32fe,7.0215,46.4484,1768744043,2011.68,60.7,FALSE,NA,4b32fe_2026-01-18 14:35:23,2026-01-18,2026-01-18
4d02de,6.6168,46.5467,1768744045,678.18,48.97,FALSE,NA,4d02de_2026-01-18 14:47:25,2026-01-18,2026-01-18
4d02de,6.5613,46.562,1768744225,1577.34,118.41,FALSE,NA,4d02de_2026-01-18 14:47:25,2026-01-18,2026-01-18
4d02de,6.582,46.3738,1768744405,1577.34,116.07,FALSE,NA,4d02de_2026-01-18 14:47:25,2026-01-18,2026-01-18
4d02de,6.4313,46.2248,1768744585,1577.34,114.57,FALSE,NA,4d02de_2026-01-18 14:47:25,2026-01-18,2026-01-18
4d02de,6.242,46.0908,1768744765,1584.96,121.51,FALSE,NA,4d02de_2026-01-18 14:47:25,2026-01-18,2026-01-18
4d02de,6.0428,45.9571,1768744945,1592.58,118.62,FALSE,NA,4d02de_2026-01-18 14:47:25,2026-01-18,2026-01-18
4d02de,5.845,45.8205,1768745125,1577.34,118.27,FALSE,NA,4d02de_2026-01-18 14:47:25,2026-01-18,2026-01-18
4d02de,5.7215,45.702,1768745305,1104.9,111.45,FALSE,NA,4d02de_2026-01-18 14:47:25,2026-01-18,2026-01-18
4d02de,5.5693,45.5266,1768745485,1127.76,107.7,FALSE,NA,4d02de_2026-01-18 14:47:25,2026-01-18,2026-01-18
4d02de,5.4382,45.3964,1768745665,922.02,84.22,FALSE,NA,4d02de_2026-01-18 14:47:25,2026-01-18,2026-01-18
4d02de,5.2935,45.3829,1768745845,708.66,55.14,FALSE,NA,4d02de_2026-01-18 14:47:25,2026-01-18,2026-01-18
4b32fd,NA,NA,1768745782,NA,4.6,FALSE,NA,4b32fd_2026-01-18 15:16:22,2026-01-18,2026-01-18
4b32fd,6.6183,46.547,1768745962,NA,0,FALSE,NA,4b32fd_2026-01-18 15:16:22,2026-01-18,2026-01-18
4b32fd,6.6182,46.547,1768746142,NA,0,FALSE,NA,4b32fd_2026-01-18 15:16:22,2026-01-18,2026-01-18
4b32fd,6.6183,46.547,1768746322,NA,0,FALSE,NA,4b32fd_2026-01-18 15:16:22,2026-01-18,2026-01-18
4b32fd,6.6396,46.5524,1768746502,914.4,45.32,FALSE,NA,4b32fd_2026-01-18 15:16:22,2026-01-18,2026-01-18
4b32fd,6.7607,46.5947,1768746682,1082.04,68.03,FALSE,NA,4b32fd_2026-01-18 15:16:22,2026-01-18,2026-01-18
4b32fd,6.8973,46.648,1768746862,1074.42,64.51,FALSE,NA,4b32fd_2026-01-18 15:16:22,2026-01-18,2026-01-18
4b32fd,7.0286,46.6996,1768747042,1135.38,64.06,FALSE,NA,4b32fd_2026-01-18 15:16:22,2026-01-18,2026-01-18
4b32fd,7.1565,46.7495,1768747222,1135.38,60.81,FALSE,NA,4b32fd_2026-01-18 15:16:22,2026-01-18,2026-01-18
4b32fd,7.2844,46.7993,1768747402,1135.38,63.11,FALSE,NA,4b32fd_2026-01-18 15:16:22,2026-01-18,2026-01-18
4b32fe,6.6181,46.547,1768759997,NA,NA,FALSE,NA,4b32fe_2026-01-18 19:13:17,2026-01-18,2026-01-18
4b32fe,6.645,46.6073,1768760177,1348.74,59.25,FALSE,NA,4b32fe_2026-01-18 19:13:17,2026-01-18,2026-01-18
4b32fe,6.6963,46.7031,1768760357,1478.28,69,FALSE,NA,4b32fe_2026-01-18 19:13:17,2026-01-18,2026-01-18
4b32fe,6.7534,46.8091,1768760537,1470.66,70.15,FALSE,NA,4b32fe_2026-01-18 19:13:17,2026-01-18,2026-01-18
4b32fe,6.8136,46.9175,1768760717,1470.66,72.32,FALSE,NA,4b32fe_2026-01-18 19:13:17,2026-01-18,2026-01-18
4b32fe,6.8755,47.0219,1768760897,1097.28,59.39,FALSE,NA,4b32fe_2026-01-18 19:13:17,2026-01-18,2026-01-18
4b32fe,6.6402,46.524,1768765912,723.9,19.98,FALSE,NA,4b32fe_2026-01-18 20:51:52,2026-01-18,2026-01-18
